{
"type": "FeatureCollection",
"name": "kubuqi_boundary",
"crs": { "type": "name", "properties": { "name": "urn:ogc:def:crs:OGC:1.3:CRS84" } },
"features": [
{ "type": "Feature", "properties": { "Id": 8, "增加": 1.83358, "沙漠名": "库布齐沙漠", "area": 9349.49, "PERIMETER": 0.0, "SHAMO_1_": 0, "SHAMO_1_ID": 0, "POLY_": 0, "SUBCLASS": null, "SUBCLASS_": 0, "RINGS_OK": 0, "RINGS_NOK": 0, "SEMIFIXED": null, "FIXATION": null, "MIGRATORY_": null, "CLASS_ID": null, "shape_area": 0.0 }, "geometry": { "type": "Polygon", "coordinates": [ [ [ 108.5238525070001, 40.208322623000051 ], [ 108.523583013000049, 40.2083226230001 ], [ 108.52358301200006, 40.208053128000074 ], [ 108.523852507000086, 40.208053128000053 ], [ 108.5238525070001, 40.208322623000051 ], [ 108.524660992000037, 40.208322623000093 ], [ 108.524660992000051, 40.209131106000036 ], [ 108.525199980000082, 40.209131106000036 ], [ 108.525199981000057, 40.208592117000116 ], [ 108.525738971000095, 40.208592117000094 ], [ 108.525738970000077, 40.208053128000074 ], [ 108.525469474000033, 40.208053128000032 ], [ 108.525469475000065, 40.207783633000084 ], [ 108.525738970000063, 40.207783633000119 ], [ 108.525738970000091, 40.207514138000093 ], [ 108.526277958000051, 40.207514138000093 ], [ 108.526277959000069, 40.208053128000053 ], [ 108.526816948000018, 40.208053128000032 ], [ 108.526816948000018, 40.208322623000051 ], [ 108.527086443000101, 40.208322623000051 ], [ 108.527086442000055, 40.208861611000046 ], [ 108.528164421000028, 40.208861611000017 ], [ 108.528164421000028, 40.208322623000093 ], [ 108.528433915000051, 40.208322623000051 ], [ 108.528433915000036, 40.207514138000057 ], [ 108.529242400000044, 40.207514138000093 ], [ 108.52924240000003, 40.207783633000084 ], [ 108.529511894000052, 40.207783633000105 ], [ 108.529511894000066, 40.2083226230001 ], [ 108.529781389000064, 40.208322623000051 ], [ 108.529781388000089, 40.208592117000073 ], [ 108.530320377000052, 40.208592117000059 ], [ 108.530320377000066, 40.208322623000043 ], [ 108.530589873000054, 40.208322623000072 ], [ 108.53058987200005, 40.208053128000074 ], [ 108.530859367000048, 40.208053128000032 ], [ 108.53085936800008, 40.207783633000084 ], [ 108.531398356000068, 40.207783633000105 ], [ 108.531398355000107, 40.2075141380001 ], [ 108.531937345000088, 40.207514138000036 ], [ 108.531937346000092, 40.207244645000053 ], [ 108.532476336000059, 40.207244645000102 ], [ 108.532476335000098, 40.207783633000105 ], [ 108.533015324000061, 40.207783633000105 ], [ 108.533015324000061, 40.207244645000031 ], [ 108.533554313000081, 40.207244645000074 ], [ 108.533554313000081, 40.206436161000035 ], [ 108.533284819000087, 40.206436161000056 ], [ 108.533284819000059, 40.205897171000082 ], [ 108.532745829000078, 40.205897171000082 ], [ 108.532745829000106, 40.205627677000045 ], [ 108.532206841000075, 40.205627677000081 ], [ 108.532206840000072, 40.205897171000089 ], [ 108.531667850000062, 40.205897171000082 ], [ 108.531667851000051, 40.205358182000076 ], [ 108.532206840000072, 40.205358182000047 ], [ 108.532206840000086, 40.205088688000032 ], [ 108.53166785100008, 40.205088688000032 ], [ 108.53166785100008, 40.204819193000027 ], [ 108.531937345000088, 40.204819193000027 ], [ 108.531937346000078, 40.204549699000061 ], [ 108.530859368000066, 40.204549699000012 ], [ 108.530859367000062, 40.204280204000035 ], [ 108.53032037800007, 40.204280204000035 ], [ 108.530320377000066, 40.204010709000038 ], [ 108.53112886200006, 40.20401070900008 ], [ 108.53112886200006, 40.203471720000081 ], [ 108.531398355000093, 40.203471720000053 ], [ 108.531398356000068, 40.203202226000052 ], [ 108.531128862000074, 40.203202226000066 ], [ 108.531128862000045, 40.202393742000048 ], [ 108.52978138900005, 40.202393741999984 ], [ 108.529781388000046, 40.202124247000029 ], [ 108.528703411000038, 40.202124247000029 ], [ 108.528703412000084, 40.201854753000077 ], [ 108.528433916000054, 40.201854753000092 ], [ 108.528433915000079, 40.201585259000034 ], [ 108.527625432000036, 40.201585259000034 ], [ 108.527625433000068, 40.20104626800002 ], [ 108.52816442200006, 40.20104626800002 ], [ 108.528164421000014, 40.200507279000078 ], [ 108.527355937000024, 40.200507279000092 ], [ 108.527355937000053, 40.2013157640001 ], [ 108.527086443000115, 40.201315764000071 ], [ 108.527086443000101, 40.201585259000034 ], [ 108.527355938000085, 40.201585259000034 ], [ 108.527355938000099, 40.202124246999986 ], [ 108.526277959000069, 40.202124247000029 ], [ 108.526277959000069, 40.200507279000064 ], [ 108.5260084640001, 40.200507279000078 ], [ 108.526008465000103, 40.20023778500007 ], [ 108.525738970000063, 40.200237785000105 ], [ 108.525738970000063, 40.199968290000108 ], [ 108.524930485000098, 40.199968290000037 ], [ 108.524930486000088, 40.200507279000078 ], [ 108.524660991000076, 40.200507279000064 ], [ 108.524660991000076, 40.200776774000047 ], [ 108.524122002000055, 40.200776774000047 ], [ 108.524122003000059, 40.200237785000063 ], [ 108.523852508000061, 40.20023778500007 ], [ 108.523852508000061, 40.199968290000108 ], [ 108.524122002000084, 40.199968290000072 ], [ 108.524122003000087, 40.199698796000057 ], [ 108.523852508000076, 40.199698796000092 ], [ 108.523852507000072, 40.199429301000094 ], [ 108.523583012000074, 40.199429301000094 ], [ 108.52358301200006, 40.199159806000083 ], [ 108.523313518000052, 40.199159806000054 ], [ 108.523313518000052, 40.198890312000053 ], [ 108.52223553900005, 40.198890312000067 ], [ 108.522235540000054, 40.199429301000094 ], [ 108.522505035000052, 40.199429301000094 ], [ 108.52250503500008, 40.199698796000092 ], [ 108.522774529000074, 40.199698796000064 ], [ 108.522774529000088, 40.199968290000072 ], [ 108.522505035000066, 40.199968290000072 ], [ 108.522505035000052, 40.200507279000121 ], [ 108.521696550000058, 40.200507279000078 ], [ 108.521696551000034, 40.200237785000063 ], [ 108.521427056000064, 40.200237785000063 ], [ 108.521427057000039, 40.199968290000037 ], [ 108.52115756200007, 40.199968290000065 ], [ 108.52115756200007, 40.199698796000057 ], [ 108.520888068000048, 40.199698796000057 ], [ 108.520888067000058, 40.199429301000073 ], [ 108.520618572000032, 40.199429301000073 ], [ 108.520618572000046, 40.198620817000062 ], [ 108.52034907900007, 40.198620817000013 ], [ 108.520349078000038, 40.198351323000054 ], [ 108.52007958300004, 40.198351323000068 ], [ 108.520079584000086, 40.198081829000024 ], [ 108.519810089000089, 40.19808182900006 ], [ 108.519810089000075, 40.197812335000037 ], [ 108.519271100000097, 40.197812335000066 ], [ 108.519271100000054, 40.19754283900005 ], [ 108.519001605000113, 40.197542839000029 ], [ 108.519001605000099, 40.197273344000031 ], [ 108.518732111000105, 40.197273344000052 ], [ 108.518732111000105, 40.197812335000052 ], [ 108.519001606000089, 40.197812335000087 ], [ 108.519001605000099, 40.198081829000024 ], [ 108.518732111000062, 40.198081829000067 ], [ 108.518732111000077, 40.198620817000084 ], [ 108.518193121000095, 40.198620817000062 ], [ 108.518193121000095, 40.198351323000068 ], [ 108.517923627000073, 40.19835132300004 ], [ 108.517923628000077, 40.197812335000037 ], [ 108.516845649000075, 40.197812335000037 ], [ 108.516845648000057, 40.198081829000039 ], [ 108.517115143000069, 40.198081829000039 ], [ 108.517115143000055, 40.198351323000068 ], [ 108.517654133000079, 40.198351323000097 ], [ 108.517654132000075, 40.198620817000062 ], [ 108.517923627000087, 40.198620817000041 ], [ 108.517923627000073, 40.19915980600004 ], [ 108.518193121000067, 40.199159806000083 ], [ 108.518193122000056, 40.199429301000094 ], [ 108.518732111000105, 40.199429301000059 ], [ 108.518732111000105, 40.199698796000064 ], [ 108.519001606000046, 40.199698796000064 ], [ 108.519001606000103, 40.199968290000108 ], [ 108.517923627000073, 40.199968290000072 ], [ 108.517923627000059, 40.199698796000057 ], [ 108.516845648000071, 40.199698796000064 ], [ 108.516845648000057, 40.199968290000065 ], [ 108.517654132000089, 40.199968290000072 ], [ 108.517654132000061, 40.20023778500007 ], [ 108.518193122000056, 40.20023778500007 ], [ 108.518193121000095, 40.200776774000047 ], [ 108.519001605000113, 40.200776774000062 ], [ 108.519001605000071, 40.20104626800002 ], [ 108.519271100000097, 40.201046268000042 ], [ 108.519271100000068, 40.201315764000107 ], [ 108.520349079000113, 40.201315764000071 ], [ 108.520349079000084, 40.201585259000034 ], [ 108.52061857300005, 40.201585259000034 ], [ 108.520618572000032, 40.20104626800002 ], [ 108.520349079000084, 40.201046268000042 ], [ 108.52034907900007, 40.200237785000063 ], [ 108.52007958300004, 40.20023778500007 ], [ 108.520079583000026, 40.19996829000015 ], [ 108.519540594000048, 40.199968290000108 ], [ 108.519540594000063, 40.199429301000073 ], [ 108.519271100000054, 40.199429301000094 ], [ 108.519271100000068, 40.199159806000083 ], [ 108.52007958300004, 40.199159806000083 ], [ 108.52007958300004, 40.199429301000073 ], [ 108.520349078000038, 40.199429301000059 ], [ 108.520349078000066, 40.199968290000108 ], [ 108.520618573000064, 40.199968290000072 ], [ 108.52061857200006, 40.200237785000063 ], [ 108.521157562000042, 40.200237785000063 ], [ 108.521157562000042, 40.200507279000064 ], [ 108.521427055000061, 40.200507279000078 ], [ 108.521427057000054, 40.2013157640001 ], [ 108.521696551000034, 40.2013157640001 ], [ 108.521696552000051, 40.201854753000092 ], [ 108.520888068000019, 40.201854753000106 ], [ 108.52088806700003, 40.202124247000029 ], [ 108.520618572000032, 40.202124247000029 ], [ 108.520618573000064, 40.202393742000027 ], [ 108.520349079000098, 40.202393742000027 ], [ 108.520349079000098, 40.201854753000092 ], [ 108.519540594000063, 40.201854753000092 ], [ 108.51954059500008, 40.201585259000048 ], [ 108.519271101000086, 40.201585259000048 ], [ 108.519271100000068, 40.201315764000107 ], [ 108.519001605000113, 40.201315764000071 ], [ 108.519001606000103, 40.201585259000048 ], [ 108.518462616000065, 40.201585259000076 ], [ 108.518462616000107, 40.201315764000071 ], [ 108.518193122000099, 40.201315764000107 ], [ 108.518193121000095, 40.201046268000042 ], [ 108.517923626000083, 40.201046268 ], [ 108.517923627000087, 40.200776774000047 ], [ 108.517384638000067, 40.200776774000047 ], [ 108.517384637000077, 40.200507279000078 ], [ 108.517115144000059, 40.200507279000064 ], [ 108.517115144000073, 40.200237785000063 ], [ 108.516037165000057, 40.200237785000112 ], [ 108.516037165000043, 40.199968290000108 ], [ 108.515767670000045, 40.199968290000072 ], [ 108.515767671000063, 40.199698796000057 ], [ 108.515498177000026, 40.199698796000057 ], [ 108.515498175000076, 40.199429301000059 ], [ 108.514959186000041, 40.199429301000094 ], [ 108.514959186000056, 40.199159806000054 ], [ 108.514689691000058, 40.199159806000083 ], [ 108.514689692000033, 40.198351323000054 ], [ 108.514420198000025, 40.19835132300004 ], [ 108.514420197000064, 40.198081829000067 ], [ 108.514150703000055, 40.198081829000067 ], [ 108.514150703000055, 40.197273344000038 ], [ 108.513611714000049, 40.197273344000052 ], [ 108.513611715000096, 40.197812335000037 ], [ 108.513342219000037, 40.197812334999973 ], [ 108.513342218000076, 40.198081829000067 ], [ 108.513072725000086, 40.198081829000039 ], [ 108.513072724000025, 40.197812335000087 ], [ 108.512533736000066, 40.197812335000037 ], [ 108.512533735000034, 40.19808182900001 ], [ 108.512264239000032, 40.198081829000039 ], [ 108.512264239000032, 40.198620817000062 ], [ 108.511455756000103, 40.198620817000062 ], [ 108.511455756000089, 40.199429301000016 ], [ 108.511994746000099, 40.199429301000059 ], [ 108.511994746000099, 40.199698796000057 ], [ 108.512533735000062, 40.199698796000057 ], [ 108.51253373600008, 40.200237785000112 ], [ 108.512803230000102, 40.200237785000084 ], [ 108.512803229000042, 40.201046268000042 ], [ 108.513611714000049, 40.201046268000049 ], [ 108.513611714000035, 40.201315764000071 ], [ 108.512803229000042, 40.2013157640001 ], [ 108.512803229000042, 40.201046268000042 ], [ 108.51253373600008, 40.201046268000042 ], [ 108.512533735000019, 40.20050727900005 ], [ 108.512264240000064, 40.200507279000092 ], [ 108.512264240000036, 40.20023778500007 ], [ 108.51199474600007, 40.200237785000063 ], [ 108.511994746000084, 40.199968290000037 ], [ 108.511455757000093, 40.199968290000072 ], [ 108.511455757000093, 40.199698796000057 ], [ 108.51118626300007, 40.199698796000064 ], [ 108.511186262000081, 40.199429301000016 ], [ 108.510916767000069, 40.199429301000094 ], [ 108.510916768000044, 40.199159806000083 ], [ 108.510377779000052, 40.199159806000083 ], [ 108.510377779000052, 40.198890312000067 ], [ 108.510916768000087, 40.198890312000067 ], [ 108.510916767000097, 40.198620817000062 ], [ 108.508491317000036, 40.198620817000062 ], [ 108.508491317000036, 40.198351323000054 ], [ 108.507952327000069, 40.198351323000054 ], [ 108.507952327000055, 40.198890312000053 ], [ 108.507682832000057, 40.198890312000067 ], [ 108.507682833000061, 40.199429301000016 ], [ 108.507413338000035, 40.199429301000094 ], [ 108.507413338000049, 40.20023778500007 ], [ 108.507682832000057, 40.200237785000063 ], [ 108.507682832000057, 40.200507279000078 ], [ 108.507952327000055, 40.200507279000064 ], [ 108.507952327000055, 40.201574804280206 ], [ 108.506717716584461, 40.201088385726528 ], [ 108.505336893488007, 40.200625071692556 ], [ 108.503919249506637, 40.200227634996594 ], [ 108.503375383742693, 40.200103769817581 ], [ 108.503385995432879, 40.199972548720488 ], [ 108.503380608736435, 40.198848431452397 ], [ 108.503279116690933, 40.197726831952622 ], [ 108.503081932325244, 40.1966122662731 ], [ 108.502875336990854, 40.195832055224642 ], [ 108.502939913608984, 40.195494205052924 ], [ 108.502995579465704, 40.195155483616915 ], [ 108.503042313434392, 40.194816020219292 ], [ 108.503080097799014, 40.194475944443965 ], [ 108.503108918260324, 40.194135386106744 ], [ 108.503128763941476, 40.193794475205721 ], [ 108.503139627391775, 40.193453341871546 ], [ 108.503141504589323, 40.193112116317906 ], [ 108.503134394942478, 40.192770928791845 ], [ 108.503118301289874, 40.192429909523753 ], [ 108.503093229899136, 40.192089188678104 ], [ 108.503059190464128, 40.19174889630326 ], [ 108.502789503740686, 40.18934522976275 ], [ 108.502755455293695, 40.189068102716604 ], [ 108.502556692629739, 40.187946268576908 ], [ 108.502061714732562, 40.185714016970913 ], [ 108.501772913287169, 40.184625535064157 ], [ 108.501387192937216, 40.183538461092702 ], [ 108.500909329279708, 40.182471724890732 ], [ 108.500341250021989, 40.181429620785522 ], [ 108.49968524577676, 40.180416343751325 ], [ 108.498943960786917, 40.179435972537277 ], [ 108.498120382235058, 40.178492453265839 ], [ 108.497217828177554, 40.177589583566672 ], [ 108.496239934155554, 40.176730997310706 ], [ 108.49519063853522, 40.175920150004906 ], [ 108.49407416663766, 40.175160304905013 ], [ 108.49289501372202, 40.174454519904373 ], [ 108.491657926891591, 40.173805635248385 ], [ 108.490464591317817, 40.1732604440448 ], [ 108.49008456133646, 40.172411682515062 ], [ 108.489516712785061, 40.17136954222034 ], [ 108.488860947011645, 40.170356221611137 ], [ 108.488119907299378, 40.169375799612816 ], [ 108.487296579843118, 40.168432222553001 ], [ 108.486799513049533, 40.167934808733591 ], [ 108.486728337622068, 40.167853235165083 ], [ 108.485826053523425, 40.166950297559652 ], [ 108.484848433488096, 40.16609163654374 ], [ 108.483799414779682, 40.165280707925881 ], [ 108.482683221605399, 40.164520775290178 ], [ 108.481504348103329, 40.163814896883117 ], [ 108.481272362201508, 40.163693169876446 ], [ 108.481272363000073, 40.163047533000061 ], [ 108.48100286800009, 40.163047533000046 ], [ 108.481002868000104, 40.162778038000063 ], [ 108.48127236200007, 40.162778037000109 ], [ 108.481272362000084, 40.162508543000065 ], [ 108.481002868000104, 40.162508543000065 ], [ 108.481002869000079, 40.161700060000051 ], [ 108.480733374000081, 40.161700059000061 ], [ 108.480733373000106, 40.161430564000057 ], [ 108.480463879000055, 40.161430565000067 ], [ 108.480463879000098, 40.161161071 ], [ 108.480733373000064, 40.161161070000077 ], [ 108.480733373000106, 40.160622081000049 ], [ 108.480194384000072, 40.160622081000071 ], [ 108.480194384000086, 40.15981359700001 ], [ 108.480733373000064, 40.15981359700001 ], [ 108.480733373000064, 40.158735619000034 ], [ 108.480463879000098, 40.158735619000026 ], [ 108.480463878000094, 40.159005113000056 ], [ 108.480194385000075, 40.159005114000038 ], [ 108.4801943840001, 40.15873561800008 ], [ 108.47965539500008, 40.158735619000026 ], [ 108.479655395000066, 40.158466124000036 ], [ 108.479116405000056, 40.158466124000043 ], [ 108.479116406000045, 40.158196630000091 ], [ 108.47857741600005, 40.158196630000127 ], [ 108.478577417000068, 40.157927135000108 ], [ 108.47776893300005, 40.157927135000094 ], [ 108.47776893300005, 40.157657640000032 ], [ 108.477499438000024, 40.15765764100005 ], [ 108.477499439000056, 40.157927135000094 ], [ 108.477229943000054, 40.157927135000051 ], [ 108.477229944000058, 40.157388146000073 ], [ 108.476690955000052, 40.157388146000116 ], [ 108.476690954000034, 40.157118652000079 ], [ 108.477499438000081, 40.157118652000051 ], [ 108.477499438000052, 40.155771179 ], [ 108.478038428000033, 40.15577117900007 ], [ 108.478038427000072, 40.154962695000066 ], [ 108.47830792200007, 40.154962695000059 ], [ 108.478307922000056, 40.154693200000096 ], [ 108.478038428000062, 40.154693200000089 ], [ 108.478038427000072, 40.153615221000074 ], [ 108.478307922000042, 40.153615221000074 ], [ 108.478307923000045, 40.153076233000085 ], [ 108.478038427000087, 40.153076233000043 ], [ 108.47803842700003, 40.152537244000037 ], [ 108.477499438000052, 40.152537243999987 ], [ 108.477499438000052, 40.152267749000011 ], [ 108.47696044900006, 40.152267749 ], [ 108.476960449000046, 40.151998254 ], [ 108.473457019000094, 40.151998254000027 ], [ 108.473457019000108, 40.152267749000011 ], [ 108.473187524000068, 40.152267749 ], [ 108.473187525000071, 40.151728760000019 ], [ 108.475882471000048, 40.151728759000022 ], [ 108.475882471000048, 40.151459265000021 ], [ 108.475612976000022, 40.151459266000103 ], [ 108.475612977000083, 40.15038128599997 ], [ 108.476151965000057, 40.150381287000066 ], [ 108.476151966000089, 40.150111792000075 ], [ 108.475612976000036, 40.150111792000075 ], [ 108.475612976000022, 40.149842298000067 ], [ 108.475343482000099, 40.149842297000077 ], [ 108.475343482000071, 40.149303308000071 ], [ 108.476151965000042, 40.149303308000071 ], [ 108.476151965000057, 40.148764319000065 ], [ 108.475612977000111, 40.148764320000069 ], [ 108.475612976000036, 40.148494825000029 ], [ 108.476151965000028, 40.148494825000085 ], [ 108.476151965000028, 40.147955836000058 ], [ 108.476421460000054, 40.147955836000044 ], [ 108.476421460000026, 40.149033814000063 ], [ 108.476960449000032, 40.149033814000077 ], [ 108.47696044900006, 40.148764319000044 ], [ 108.477229944000015, 40.148764319000087 ], [ 108.47722994400003, 40.147955836000058 ], [ 108.47776893300005, 40.147955836000058 ], [ 108.477768933000078, 40.147686341000068 ], [ 108.478038427000072, 40.147686341000068 ], [ 108.478038427000072, 40.147416846000041 ], [ 108.478307922000056, 40.147416846000041 ], [ 108.47830792200007, 40.147147352000076 ], [ 108.478038428000033, 40.147147352000076 ], [ 108.478038428000076, 40.146608363000041 ], [ 108.477499438000052, 40.146608363 ], [ 108.477499438000052, 40.146069373000053 ], [ 108.478038427000087, 40.146069374000064 ], [ 108.478038428000076, 40.145799879000052 ], [ 108.477499438000052, 40.145799879 ], [ 108.477499438000081, 40.144991395 ], [ 108.476960449000046, 40.144991395 ], [ 108.476960449000032, 40.14472190000005 ], [ 108.476690954000063, 40.144721900000022 ], [ 108.476690954000034, 40.144452406000077 ], [ 108.475882471000062, 40.144452405999985 ], [ 108.47588247100002, 40.144182911000044 ], [ 108.475612976000022, 40.144182912000069 ], [ 108.47561297600005, 40.143913416000025 ], [ 108.475343482000085, 40.143913417000057 ], [ 108.475343482000099, 40.143104933000075 ], [ 108.475073987000115, 40.143104933000053 ], [ 108.475073987000115, 40.142835439000031 ], [ 108.474804492000047, 40.142835438000077 ], [ 108.474804492000047, 40.142296449000078 ], [ 108.475073987000073, 40.142296449000078 ], [ 108.475073987000101, 40.142026955000034 ], [ 108.475343482000099, 40.142026955000048 ], [ 108.475343482000071, 40.141757460000086 ], [ 108.475612976000036, 40.141757460000086 ], [ 108.475612977000068, 40.141218470000062 ], [ 108.475882470000045, 40.141218471000059 ], [ 108.475882470000045, 40.140948976000061 ], [ 108.475612977000068, 40.140948976000054 ], [ 108.475612976000022, 40.140409987000055 ], [ 108.474804492000032, 40.140409987000034 ], [ 108.474804492000018, 40.140140492000057 ], [ 108.473996009000061, 40.140140493000068 ], [ 108.473996009000061, 40.139870998000085 ], [ 108.473187525000071, 40.139870998000042 ], [ 108.473187525000071, 40.139601503000044 ], [ 108.472648536000065, 40.139601503000087 ], [ 108.47264853500009, 40.138793020000023 ], [ 108.472379041000053, 40.13879302000003 ], [ 108.472379042000057, 40.137984536 ], [ 108.471840052000076, 40.137984536000019 ], [ 108.471840052000061, 40.137445546000052 ], [ 108.471570558000039, 40.137445546000052 ], [ 108.471570558000067, 40.136637063000123 ], [ 108.471840052000076, 40.136637063000101 ], [ 108.471840052000076, 40.135828579000098 ], [ 108.472109546000056, 40.135828579000098 ], [ 108.472109547000045, 40.135559084000121 ], [ 108.472648536000094, 40.135559084000121 ], [ 108.472648536000079, 40.135289590000092 ], [ 108.474265504000073, 40.135289590000085 ], [ 108.474265503000083, 40.135559085000089 ], [ 108.475073987000101, 40.135559084000093 ], [ 108.475073987000073, 40.135289590000035 ], [ 108.475343481000053, 40.135289590000085 ], [ 108.475343481000053, 40.135020096000062 ], [ 108.475612976000022, 40.135020095000073 ], [ 108.475612976000036, 40.134211612000058 ], [ 108.475343482000113, 40.134211612000087 ], [ 108.475343481000024, 40.133672622000084 ], [ 108.474804492000047, 40.13367262300001 ], [ 108.474804493000079, 40.13340312800004 ], [ 108.475343482000113, 40.133403127000086 ], [ 108.475343481000039, 40.13286413900002 ], [ 108.475073987000087, 40.132864138000024 ], [ 108.475073987000115, 40.132594644000037 ], [ 108.474804492000032, 40.132594644000037 ], [ 108.474804492000018, 40.132325149000039 ], [ 108.474534998000081, 40.132325149000053 ], [ 108.474534998000081, 40.131516666000053 ], [ 108.474265503000098, 40.13151666600001 ], [ 108.474265503000098, 40.131247171000069 ], [ 108.473996009000075, 40.131247171000069 ], [ 108.4739960080001, 40.130708181000031 ], [ 108.473726514000077, 40.130708182000035 ], [ 108.473726514000077, 40.130438687000058 ], [ 108.473457019000094, 40.13043868700003 ], [ 108.473457020000083, 40.130169193 ], [ 108.473187525000071, 40.130169193000029 ], [ 108.47318752400011, 40.129899698000024 ], [ 108.472918031000063, 40.129899699000134 ], [ 108.472918030000059, 40.129630204000051 ], [ 108.473187525000071, 40.129630204000051 ], [ 108.473187525000057, 40.129091215000074 ], [ 108.472648535000076, 40.129091214000042 ], [ 108.472648536000065, 40.128821720000097 ], [ 108.472109547000059, 40.128821720000083 ], [ 108.472109546000084, 40.128552226000075 ], [ 108.471840052000061, 40.128552224000025 ], [ 108.471840052000076, 40.128282731000063 ], [ 108.470762074000049, 40.128282731000084 ], [ 108.470762074000049, 40.128552225000071 ], [ 108.470492579000037, 40.128552225000064 ], [ 108.470492579000052, 40.128282731000084 ], [ 108.470223085000029, 40.128282731000084 ], [ 108.470223084000054, 40.128013236000072 ], [ 108.470492580000041, 40.128013237000033 ], [ 108.470492579000052, 40.128282731000084 ], [ 108.470762074000049, 40.128282731000084 ], [ 108.470762074000064, 40.127204752000075 ], [ 108.471301063000055, 40.127204753000044 ], [ 108.471301062000052, 40.126665764000052 ], [ 108.470492579000066, 40.126665763000069 ], [ 108.470492579000052, 40.125857280000041 ], [ 108.470223085000057, 40.125857279000073 ], [ 108.470223084000025, 40.125587785000064 ], [ 108.470492580000027, 40.12558778500005 ], [ 108.47049257900008, 40.125048796000023 ], [ 108.471031569000061, 40.125048796000023 ], [ 108.471031569000047, 40.124509807000024 ], [ 108.47130106300007, 40.124509806000034 ], [ 108.47130106300007, 40.123431828000029 ], [ 108.471031568000058, 40.123431828000029 ], [ 108.471031568000043, 40.1226233450001 ], [ 108.471301063000041, 40.122623345000079 ], [ 108.471301063000055, 40.122084356000066 ], [ 108.471570558000053, 40.122084355 ], [ 108.471570558000053, 40.121814860000022 ], [ 108.470762074000035, 40.121814860000065 ], [ 108.470762074000035, 40.121545366000106 ], [ 108.471031568000072, 40.121545366000106 ], [ 108.471031568000086, 40.121275871000059 ], [ 108.470762073000046, 40.121275872000048 ], [ 108.470762073000046, 40.120467388000051 ], [ 108.470492579000066, 40.120467388000058 ], [ 108.47049257900008, 40.120736882000074 ], [ 108.470223085000043, 40.12073688300007 ], [ 108.470223084000068, 40.120467388000058 ], [ 108.469953590000031, 40.120467388000058 ], [ 108.46995359000006, 40.120736882000067 ], [ 108.468606117000036, 40.12073688300007 ], [ 108.468606117000064, 40.120467387000076 ], [ 108.467258644000083, 40.120467388000101 ], [ 108.467258644000069, 40.120197893000103 ], [ 108.46698915000006, 40.120197893000054 ], [ 108.466989149000071, 40.119928399000052 ], [ 108.465641676000089, 40.119928399000059 ], [ 108.465641676000089, 40.11911991500007 ], [ 108.465372182000053, 40.11911991500007 ], [ 108.465372182000067, 40.118850420000093 ], [ 108.464294204000041, 40.118850420000058 ], [ 108.464294204000083, 40.118580925000053 ], [ 108.463755214000074, 40.118580926000035 ], [ 108.463755215000049, 40.118041937000058 ], [ 108.464294204000041, 40.118041937000058 ], [ 108.464294203000037, 40.117772442000046 ], [ 108.463755214000045, 40.117772442000039 ], [ 108.463755215000077, 40.117502947000077 ], [ 108.46348571900009, 40.11750294800003 ], [ 108.463485720000037, 40.116963958000021 ], [ 108.463216225000053, 40.116963958000021 ], [ 108.463216225000053, 40.116424969000022 ], [ 108.462946731000045, 40.11642496900005 ], [ 108.462946731000031, 40.116155474000045 ], [ 108.462677237000023, 40.116155474000024 ], [ 108.462677236000047, 40.115616486000079 ], [ 108.462407742000039, 40.115616485000018 ], [ 108.462407742000039, 40.115346991000052 ], [ 108.462138247000041, 40.115346991000074 ], [ 108.462138247000055, 40.114808001000021 ], [ 108.461599257000032, 40.114808002000075 ], [ 108.461599258000049, 40.11507749600004 ], [ 108.460521279000062, 40.11507749600004 ], [ 108.460521279, 40.114808001000021 ], [ 108.459982290000085, 40.114808002000117 ], [ 108.45998229000007, 40.114538507000098 ], [ 108.459712796000062, 40.114538507000077 ], [ 108.45971279600009, 40.114808002000039 ], [ 108.458904312000072, 40.114808002000053 ], [ 108.458904312000087, 40.114538507000077 ], [ 108.458634818000064, 40.114538507000077 ], [ 108.458634818000093, 40.114269012000094 ], [ 108.458365322000077, 40.114269012000101 ], [ 108.458365323000066, 40.113999518000071 ], [ 108.458095828000054, 40.113999517000039 ], [ 108.458095828000083, 40.113730023000052 ], [ 108.458365322000063, 40.11373002300008 ], [ 108.458365322000091, 40.113460529000072 ], [ 108.458634817000089, 40.113460529000115 ], [ 108.458634817000075, 40.113191034000046 ], [ 108.458365323000052, 40.113191035000085 ], [ 108.458365323000052, 40.112921540000038 ], [ 108.457826334000075, 40.112921540000059 ], [ 108.457826334000089, 40.112382550000078 ], [ 108.457287345000054, 40.112382550000049 ], [ 108.457287344000051, 40.113191034000032 ], [ 108.457017850000042, 40.11319103400006 ], [ 108.457017849000067, 40.114538507000098 ], [ 108.456478860000047, 40.114538507000034 ], [ 108.456478861000051, 40.114808001 ], [ 108.457017850000071, 40.114808002000075 ], [ 108.457017850000057, 40.115346991000102 ], [ 108.45728734500004, 40.115346991000095 ], [ 108.457287345000054, 40.115616485000054 ], [ 108.456748355000059, 40.115616485000018 ], [ 108.456748356000062, 40.11588598 ], [ 108.456209366000067, 40.115885980000016 ], [ 108.456209366000053, 40.116424969 ], [ 108.455670377000047, 40.11642496900005 ], [ 108.455670377000047, 40.116694464000076 ], [ 108.455400882000035, 40.11669446400002 ], [ 108.455400882000035, 40.116963958000021 ], [ 108.455131388000027, 40.116963958000063 ], [ 108.455131388000041, 40.117233453000068 ], [ 108.454592399000035, 40.117233453000047 ], [ 108.454592398000045, 40.117502947000091 ], [ 108.454322904000037, 40.117502948000038 ], [ 108.454322904000023, 40.117772442000089 ], [ 108.454053410000085, 40.117772442000067 ], [ 108.4540534100001, 40.117233453000011 ], [ 108.452705937000076, 40.117233452000065 ], [ 108.452705937000047, 40.116963958000021 ], [ 108.451627958000103, 40.116963958000021 ], [ 108.451627958000088, 40.11723345300004 ], [ 108.45001099100007, 40.11723345300004 ], [ 108.450010991000042, 40.117502947000048 ], [ 108.447585540000063, 40.11750294800003 ], [ 108.447585539000059, 40.117233453000011 ], [ 108.447316045000051, 40.117233453000068 ], [ 108.447316044000061, 40.116963958000035 ], [ 108.447046550000024, 40.116963958000071 ], [ 108.447046550000039, 40.116694464000055 ], [ 108.445699077000114, 40.116694464000034 ], [ 108.445699077000114, 40.116424969000043 ], [ 108.445160088000094, 40.116424969000043 ], [ 108.445160089000098, 40.116155474000045 ], [ 108.444621099000074, 40.116155475000014 ], [ 108.444621099000074, 40.115885980000037 ], [ 108.444082109000064, 40.11588598 ], [ 108.444082110000053, 40.115616486000114 ], [ 108.443812615000084, 40.115616485000054 ], [ 108.443812615000056, 40.115346991000102 ], [ 108.442734636000083, 40.115346991000052 ], [ 108.442734637000044, 40.11507749600004 ], [ 108.44327362600005, 40.115077496000012 ], [ 108.44327362600005, 40.114808001 ], [ 108.444082110000053, 40.114808001000021 ], [ 108.444082109000107, 40.114538507000098 ], [ 108.444351604000076, 40.11453850700007 ], [ 108.44435160500008, 40.115077496000055 ], [ 108.444621099000088, 40.115077496000026 ], [ 108.444621098000084, 40.115346991000074 ], [ 108.444890593000096, 40.115346991000102 ], [ 108.444890593000082, 40.114808001 ], [ 108.44516008800008, 40.114808002000075 ], [ 108.445160088000065, 40.114538507000098 ], [ 108.444621098000084, 40.114538507000034 ], [ 108.444621099000088, 40.114269013000083 ], [ 108.444351604000104, 40.114269013000083 ], [ 108.44435160500008, 40.113730023000095 ], [ 108.443812615000084, 40.113730024000056 ], [ 108.443812615000056, 40.11319103400006 ], [ 108.443273626000064, 40.11319103400006 ], [ 108.443273626000064, 40.112652045000061 ], [ 108.441656658000042, 40.112652044000072 ], [ 108.44165665800007, 40.112382550000042 ], [ 108.441117670000054, 40.112382550000056 ], [ 108.44111766900005, 40.112652045000019 ], [ 108.440848174000067, 40.112652045000083 ], [ 108.440848174000038, 40.112382551000074 ], [ 108.438692219000103, 40.112382550000078 ], [ 108.438692218000085, 40.112652045000083 ], [ 108.438422724000091, 40.112652044000093 ], [ 108.438422723000073, 40.112921539000055 ], [ 108.437883735000085, 40.112921539000055 ], [ 108.437883734000096, 40.113191034000032 ], [ 108.437614240000102, 40.113191034000096 ], [ 108.437614240000102, 40.113730023000102 ], [ 108.4365362610001, 40.113730023000052 ], [ 108.436536262000047, 40.113460528000054 ], [ 108.436266767000092, 40.113460529000072 ], [ 108.436266767000077, 40.11319103400006 ], [ 108.435727778000043, 40.113191035000085 ], [ 108.435727777000068, 40.113460528000068 ], [ 108.43464979900007, 40.113460528000097 ], [ 108.434649799000056, 40.113191034000096 ], [ 108.434110810000078, 40.11319103400006 ], [ 108.43411081000005, 40.112921539000055 ], [ 108.43375867900005, 40.112921549000028 ], [ 108.427912434000078, 40.112921540000038 ], [ 108.427912435000053, 40.112652045000083 ], [ 108.426834456000066, 40.112652045000083 ], [ 108.426834457000069, 40.11292153900007 ], [ 108.427373445000072, 40.11292153900007 ], [ 108.427373446000061, 40.113191034000046 ], [ 108.42818192900009, 40.113191034000046 ], [ 108.428181929000075, 40.113460529000072 ], [ 108.427373446000033, 40.113460528000097 ], [ 108.427373446000061, 40.113191034000046 ], [ 108.426025972000062, 40.113191034000032 ], [ 108.426025973000037, 40.113460529000065 ], [ 108.422792037000093, 40.113460529000065 ], [ 108.422792038000068, 40.11319103400006 ], [ 108.422440478000041, 40.113191034000032 ], [ 108.42244047800007, 40.113460528000033 ], [ 108.422522543000071, 40.113460529000072 ], [ 108.422522543000056, 40.11373002300008 ], [ 108.422440479000059, 40.113730023000052 ], [ 108.42244047800007, 40.113999518000057 ], [ 108.422522542000067, 40.113999518000085 ], [ 108.422522543000056, 40.114269013000033 ], [ 108.421983553000103, 40.114269012000101 ], [ 108.421983554000064, 40.114538507000098 ], [ 108.421714059000095, 40.114538507000098 ], [ 108.421714059000053, 40.114808001 ], [ 108.421444565000073, 40.114808001000021 ], [ 108.421444564000097, 40.115346991000102 ], [ 108.421175070000075, 40.115346991000095 ], [ 108.421175069246146, 40.115753359972871 ], [ 108.42090557535289, 40.115664280650158 ], [ 108.420905576000024, 40.114269012000094 ], [ 108.421175070000075, 40.114269012000072 ], [ 108.421175069000057, 40.113460528000068 ], [ 108.421175070000047, 40.113191034000096 ], [ 108.421175070000047, 40.112921539000077 ], [ 108.421175070000061, 40.112652045000075 ], [ 108.421175070000047, 40.112382550000085 ], [ 108.421444565000087, 40.112382550000085 ], [ 108.421444565000044, 40.112652045000075 ], [ 108.421983553000103, 40.11256384600005 ], [ 108.421983553000075, 40.112113056000084 ], [ 108.421444565000044, 40.112113055000044 ], [ 108.421444564000083, 40.111843561000079 ], [ 108.421175069000057, 40.111843561000086 ], [ 108.421175070000061, 40.109687604000051 ], [ 108.421444565000058, 40.109687604000051 ], [ 108.421444564000055, 40.109148615000073 ], [ 108.421175069000057, 40.10914861500008 ], [ 108.421175070000061, 40.108879121000029 ], [ 108.420905576000067, 40.108879120000047 ], [ 108.420905575000077, 40.108609626000039 ], [ 108.419827597000079, 40.108609626000039 ], [ 108.419827597000051, 40.10834013100007 ], [ 108.419019114000065, 40.10834013200008 ], [ 108.419019113000047, 40.107531648000105 ], [ 108.418749618000049, 40.107531648000055 ], [ 108.418749619000039, 40.10726215200004 ], [ 108.418480125000087, 40.1072621530001 ], [ 108.418480125000087, 40.106992659000063 ], [ 108.418210630000033, 40.106992658000024 ], [ 108.418210630000033, 40.106723163000026 ], [ 108.417941135000049, 40.106723163000012 ], [ 108.417941136000096, 40.106184175000095 ], [ 108.417402145000025, 40.10618417500006 ], [ 108.417402145000068, 40.105645186000068 ], [ 108.417132651000074, 40.105645186000054 ], [ 108.417132651000102, 40.105318029000017 ], [ 108.417132651000074, 40.104567207000031 ], [ 108.417402145000054, 40.104567207000073 ], [ 108.417402146000114, 40.104297713000051 ], [ 108.416324168000088, 40.10429771300003 ], [ 108.41632416800006, 40.104028218000039 ], [ 108.415515683000109, 40.104028218000089 ], [ 108.415515683000081, 40.103758724000052 ], [ 108.414976694000089, 40.103758724000052 ], [ 108.41497669400006, 40.103489229000061 ], [ 108.414707200000066, 40.103489229000054 ], [ 108.41470720000008, 40.103219735000067 ], [ 108.414437706000086, 40.103219735000067 ], [ 108.414437706000072, 40.102680746000054 ], [ 108.414168210000085, 40.102680745000029 ], [ 108.414168210000099, 40.102950239000045 ], [ 108.413898716000062, 40.102950239000045 ], [ 108.413898717000052, 40.102680745000029 ], [ 108.413359727000042, 40.102680744999986 ], [ 108.413359727000042, 40.102411251000035 ], [ 108.412551243000053, 40.102411251000063 ], [ 108.412551244000028, 40.102680745000079 ], [ 108.411742760000024, 40.102680745000029 ], [ 108.411742759000063, 40.102411251000063 ], [ 108.41093427600002, 40.102411251000028 ], [ 108.410934275000045, 40.102141756 ], [ 108.410664781000065, 40.102141756000073 ], [ 108.410664782000069, 40.101872262000022 ], [ 108.410934276000063, 40.101872261000047 ], [ 108.410934276000049, 40.101333272000041 ], [ 108.410395287000085, 40.101333272000041 ], [ 108.410395287000114, 40.101063777 ], [ 108.409856297000061, 40.101063777000036 ], [ 108.409856297000033, 40.10079428300002 ], [ 108.40931730800007, 40.100794283000035 ], [ 108.409317308000112, 40.100524789000119 ], [ 108.408778320000081, 40.100524789000076 ], [ 108.408778319000078, 40.100255294000107 ], [ 108.408508824000094, 40.100255293000018 ], [ 108.408508824000094, 40.10052478900004 ], [ 108.408239330000058, 40.100524789000076 ], [ 108.408239330000086, 40.100794284000052 ], [ 108.407700340000062, 40.100794283000035 ], [ 108.407700341000051, 40.100255293000032 ], [ 108.407161352000074, 40.100255294000078 ], [ 108.40716135200006, 40.100524789000097 ], [ 108.40662236200005, 40.100524789000076 ], [ 108.406622362000064, 40.10079428300002 ], [ 108.406352869000074, 40.100794283000035 ], [ 108.406352868000042, 40.101333272000041 ], [ 108.406083373000072, 40.10133327300008 ], [ 108.406083373000058, 40.100524789000076 ], [ 108.405813878000046, 40.100524789000076 ], [ 108.40581387900005, 40.100794282999985 ], [ 108.405274890000058, 40.10079428300002 ], [ 108.405274890000072, 40.101063777000057 ], [ 108.405005395000046, 40.101063777 ], [ 108.405005395000032, 40.101872262000022 ], [ 108.404735899000073, 40.10187226100004 ], [ 108.404735901000052, 40.102411251000063 ], [ 108.405274889000069, 40.102411251000035 ], [ 108.40527488900004, 40.102680745000029 ], [ 108.406083372000069, 40.102680745000079 ], [ 108.406083373000058, 40.10295024000002 ], [ 108.40635286800007, 40.102950239000045 ], [ 108.40635286800007, 40.103219735000053 ], [ 108.407161351000084, 40.103219735000039 ], [ 108.407161351000099, 40.103489229000054 ], [ 108.406891858000023, 40.103489228000051 ], [ 108.406891858000051, 40.103758724000052 ], [ 108.406083372000055, 40.103758724000031 ], [ 108.406083373000044, 40.104028218000039 ], [ 108.40581387800006, 40.104028218000039 ], [ 108.405813878000075, 40.104297713000065 ], [ 108.405544384000081, 40.104297713000044 ], [ 108.405544384000081, 40.104567208000041 ], [ 108.404735900000034, 40.104567207000088 ], [ 108.404735900000077, 40.104297713000101 ], [ 108.403388427000067, 40.10429771300003 ], [ 108.403388427000039, 40.104028218000039 ], [ 108.402849438000032, 40.104028218000039 ], [ 108.402849438, 40.103758724000052 ], [ 108.402579943000035, 40.103758724000031 ], [ 108.402579944000081, 40.104836702000064 ], [ 108.402310449000069, 40.104836702000043 ], [ 108.402310448000065, 40.104567207000052 ], [ 108.401232471000071, 40.104567207000052 ], [ 108.401232471000085, 40.104836701000046 ], [ 108.402040954000114, 40.104836702000064 ], [ 108.402040954000071, 40.105375691000042 ], [ 108.402579944000081, 40.105375691000077 ], [ 108.402579944000067, 40.10564518500005 ], [ 108.403388427000067, 40.105645186000068 ], [ 108.403388427000053, 40.105375690000066 ], [ 108.403657922000022, 40.105375691000035 ], [ 108.403657922000065, 40.105914680000055 ], [ 108.404196911000057, 40.105914680000055 ], [ 108.404196910000067, 40.10618417500006 ], [ 108.404735900000048, 40.10618417500006 ], [ 108.404735900000048, 40.106453670000079 ], [ 108.405005395000046, 40.106453669000075 ], [ 108.405005395000046, 40.106723164000087 ], [ 108.405274889000026, 40.106723164000087 ], [ 108.40527489000003, 40.106992659000049 ], [ 108.405544384000038, 40.106992659000063 ], [ 108.405544384000081, 40.107262153000057 ], [ 108.405813879000036, 40.107262152000025 ], [ 108.405813879000036, 40.107531648000084 ], [ 108.406891858000066, 40.107531648000084 ], [ 108.406891857000048, 40.107801142 ], [ 108.40716135200006, 40.107801142 ], [ 108.40716135200006, 40.108070637000047 ], [ 108.407430846000068, 40.108070637000019 ], [ 108.407430846000068, 40.10834013200008 ], [ 108.407161352000074, 40.108340131000027 ], [ 108.407161351000099, 40.108609625000035 ], [ 108.406891857000062, 40.108609626000025 ], [ 108.406891857000062, 40.108879121000029 ], [ 108.40635286800007, 40.108879121000029 ], [ 108.40635286800007, 40.109148615000073 ], [ 108.40581387800006, 40.109148615000031 ], [ 108.40581387900005, 40.109687604000051 ], [ 108.406083373000058, 40.10968760400003 ], [ 108.406083373000058, 40.109957099000027 ], [ 108.405274890000044, 40.109957099000049 ], [ 108.405274889000069, 40.110226593000029 ], [ 108.405005395000046, 40.110226594000011 ], [ 108.405005395000074, 40.110496088000055 ], [ 108.40527488900004, 40.110496087000044 ], [ 108.405274890000044, 40.111574067000014 ], [ 108.405005395000032, 40.111574067000014 ], [ 108.405005395000074, 40.111843561000057 ], [ 108.405544384000038, 40.111843561000057 ], [ 108.405544384000066, 40.112382550000078 ], [ 108.406083373000058, 40.112382550000085 ], [ 108.406083372000069, 40.112652045000083 ], [ 108.40635286800007, 40.112652046000065 ], [ 108.406352869000045, 40.113460529000101 ], [ 108.407430846000096, 40.113460529000065 ], [ 108.407430846000082, 40.11373002300008 ], [ 108.407578266000073, 40.113730023000031 ], [ 108.408239330000086, 40.11373002300008 ], [ 108.408239330000072, 40.114269012000072 ], [ 108.40796983400007, 40.114269012000072 ], [ 108.407969834319132, 40.11444098796008 ], [ 108.403731019893883, 40.114700240389666 ], [ 108.402984234093026, 40.114754693789536 ], [ 108.401486428316829, 40.114917481441978 ], [ 108.40000553383409, 40.115150464110002 ], [ 108.398547509675879, 40.115452704359186 ], [ 108.397118223039612, 40.115822986074441 ], [ 108.395723425724739, 40.116259819342588 ], [ 108.394368731026773, 40.116761446434239 ], [ 108.393869230579298, 40.116976795876695 ], [ 108.392644306213896, 40.116993452952947 ], [ 108.392402272955692, 40.117006735170399 ], [ 108.392321032160837, 40.116979363897848 ], [ 108.390905606843731, 40.116580761290841 ], [ 108.389458997588008, 40.116249603690591 ], [ 108.387987025754683, 40.115987223573605 ], [ 108.387523083398065, 40.115927328721732 ], [ 108.386274289652505, 40.115506522587943 ], [ 108.38556234254257, 40.115305990633374 ], [ 108.384847270934756, 40.114978277982011 ], [ 108.383511281091685, 40.11444976159742 ], [ 108.382132856030083, 40.113985214088856 ], [ 108.380717543294068, 40.11358650471751 ], [ 108.379271038566571, 40.113255237793396 ], [ 108.377799162788392, 40.112992746233012 ], [ 108.37753244117215, 40.112958290498042 ], [ 108.377510060357523, 40.112670086748686 ], [ 108.377479439171864, 40.112382301191921 ], [ 108.377440591533599, 40.112095063729136 ], [ 108.377393535073736, 40.111808504012942 ], [ 108.377338291127884, 40.111522751388286 ], [ 108.377274884726532, 40.111237934834136 ], [ 108.377203344583407, 40.110954182905509 ], [ 108.376792414331803, 40.109302955550113 ], [ 108.376591461657625, 40.108580075380061 ], [ 108.376207985065378, 40.107492717525773 ], [ 108.375732425685754, 40.106425609786257 ], [ 108.37516670194718, 40.10538304799114 ], [ 108.374513094978241, 40.104369228964288 ], [ 108.37377423937231, 40.10338823364399 ], [ 108.373594894078792, 40.103182004903026 ], [ 108.373592432105312, 40.102368335050954 ], [ 108.373519247401504, 40.101458964757079 ], [ 108.373380477405561, 40.100255294592344 ], [ 108.374283012000021, 40.100255294000107 ], [ 108.374283013000067, 40.100524789000076 ], [ 108.375360991000036, 40.100524789000097 ], [ 108.375360991000065, 40.099985800000091 ], [ 108.376438969000063, 40.099985800000091 ], [ 108.376438969000063, 40.100524789000097 ], [ 108.377247453000052, 40.100524789000097 ], [ 108.377247453000038, 40.100255293000039 ], [ 108.380481387000103, 40.1002552940001 ], [ 108.380481388000078, 40.099716304000054 ], [ 108.379672904000074, 40.099716305000058 ], [ 108.379672905000064, 40.099446811000057 ], [ 108.378594926000076, 40.09944681000006 ], [ 108.378594926000076, 40.099716304000012 ], [ 108.37697795800004, 40.099716304000054 ], [ 108.376977958000069, 40.09944681000006 ], [ 108.376438969000063, 40.099446810000074 ], [ 108.376438969000077, 40.099177315000098 ], [ 108.375899980000071, 40.099177315000091 ], [ 108.375899979000081, 40.09944681000006 ], [ 108.375091496000024, 40.09944681000006 ], [ 108.375091495000063, 40.099716304000083 ], [ 108.374552507000018, 40.099716304000054 ], [ 108.374552507000047, 40.099446810000018 ], [ 108.374013518000112, 40.09944681000006 ], [ 108.374013518000069, 40.099177315000091 ], [ 108.373256202169287, 40.099177317435171 ], [ 108.373140790056709, 40.098176192602374 ], [ 108.373004758598526, 40.096996418742904 ], [ 108.372978597125169, 40.096784503086518 ], [ 108.372783652180161, 40.095669849937366 ], [ 108.37249392270941, 40.094566624625791 ], [ 108.372110579412919, 40.093479268798028 ], [ 108.371635169698962, 40.092412160000784 ], [ 108.371069611392329, 40.091369594068865 ], [ 108.370416184954621, 40.090355767843484 ], [ 108.369677524251216, 40.089374762292572 ], [ 108.368856605901669, 40.088430526100325 ], [ 108.367956737256904, 40.08752685979038 ], [ 108.366981543052333, 40.086667400448391 ], [ 108.365934950792578, 40.085855607103241 ], [ 108.36482117492406, 40.085094746826464 ], [ 108.364643510460994, 40.084982012015615 ], [ 108.364297698590164, 40.084764747573438 ], [ 108.363298893720199, 40.084170614694095 ], [ 108.362064462483886, 40.083520586059727 ], [ 108.360777037460295, 40.08293001271764 ], [ 108.359441800692622, 40.082401271146871 ], [ 108.35806412626583, 40.081936488962654 ], [ 108.356649558705243, 40.081537536372302 ], [ 108.355203790697942, 40.081206018665881 ], [ 108.353732640222191, 40.080943269770117 ], [ 108.352242027179514, 40.080750346893666 ], [ 108.350737949619671, 40.080628026282149 ], [ 108.34922645965483, 40.080576800102087 ], [ 108.348091635986961, 40.080585170961889 ], [ 108.345107948027632, 40.0806599133657 ], [ 108.344729950343165, 40.080671608430912 ], [ 108.343221881311536, 40.08076286890492 ], [ 108.341724634227504, 40.080924982069781 ], [ 108.340244233777923, 40.081157295648133 ], [ 108.340172984465056, 40.081172037677014 ], [ 108.33971208972055, 40.081134514870804 ], [ 108.338200597044377, 40.081083163968643 ], [ 108.336687763171227, 40.081103113531888 ], [ 108.335179675370597, 40.081194283292191 ], [ 108.334773330017725, 40.081231143194486 ], [ 108.331337955954083, 40.081564974862538 ], [ 108.33024701702567, 40.081690110084764 ], [ 108.328766565074616, 40.081922296683146 ], [ 108.327308906260086, 40.082223750957155 ], [ 108.325879906308742, 40.082593259953313 ], [ 108.324485315864578, 40.083029336866645 ], [ 108.323130747388618, 40.083530227010101 ], [ 108.322393734959491, 40.083847582456507 ], [ 108.322023752024307, 40.083677713410246 ], [ 108.320688779662547, 40.08314858435665 ], [ 108.319311335610294, 40.082683402422489 ], [ 108.317896963467888, 40.082284039424017 ], [ 108.316425020015046, 40.081951397463953 ], [ 108.316278830542558, 40.08182992458628 ], [ 108.315232865156048, 40.081017737849116 ], [ 108.314119685555355, 40.08025645846633 ], [ 108.3129437737595, 40.079549150112193 ], [ 108.311709863838573, 40.078898659170818 ], [ 108.310422922865584, 40.078307603302022 ], [ 108.309088130939131, 40.077778360927425 ], [ 108.307710860356849, 40.077313061677913 ], [ 108.306296654021608, 40.076913577842234 ], [ 108.304851203169122, 40.076581516848158 ], [ 108.303380324503905, 40.076318214808943 ], [ 108.301889936835437, 40.076124731159034 ], [ 108.300386037307774, 40.076001844400551 ], [ 108.298874677317883, 40.075950048978065 ], [ 108.297739919272033, 40.075957992252299 ], [ 108.295063918933337, 40.076024024604955 ], [ 108.294685937120747, 40.076035578078361 ], [ 108.293177901157108, 40.076126273463579 ], [ 108.291680638397224, 40.076287825289349 ], [ 108.290200173590378, 40.076519583536857 ], [ 108.288742464037625, 40.076820615697478 ], [ 108.287313375668745, 40.077189710515938 ], [ 108.285918659482263, 40.077625382853839 ], [ 108.284563928443305, 40.078125879651928 ], [ 108.284421894225602, 40.078186989137627 ], [ 108.283355028085722, 40.078353938151047 ], [ 108.282129100380203, 40.078607032652137 ], [ 108.281898472336096, 40.078632429455133 ], [ 108.280391586017359, 40.078700514077724 ], [ 108.279979179281042, 40.078737793167477 ], [ 108.27918378234591, 40.078814918272712 ], [ 108.278098843596453, 40.078939041674531 ], [ 108.27661828290799, 40.079170650008649 ], [ 108.275160465536729, 40.079471534731894 ], [ 108.273731257845469, 40.079840485182302 ], [ 108.27359047550236, 40.079884444425652 ], [ 108.273257470307641, 40.079922472244462 ], [ 108.272925711354631, 40.079966099916533 ], [ 108.272595369235447, 40.080015305009411 ], [ 108.272266613814793, 40.080070062222518 ], [ 108.271939614142269, 40.080130343400519 ], [ 108.27161453836618, 40.080196117547686 ], [ 108.271291553646634, 40.080267350843741 ], [ 108.270441644605199, 40.080447458950225 ], [ 108.26971066238977, 40.080599251032346 ], [ 108.268985394285039, 40.080752600905178 ], [ 108.268260972310699, 40.080935788009157 ], [ 108.267549043411563, 40.081118703997021 ], [ 108.267197787672686, 40.081184071588595 ], [ 108.266232459934614, 40.08139149166098 ], [ 108.264803170379963, 40.08176034726749 ], [ 108.263408234818414, 40.082195786453376 ], [ 108.262053267096746, 40.082696057097948 ], [ 108.260743720546273, 40.083259146170917 ], [ 108.25948486606606, 40.083882787815867 ], [ 108.259108966151061, 40.084095778595575 ], [ 108.258808705521218, 40.084241580156551 ], [ 108.258512708898706, 40.084392116581895 ], [ 108.258221111579829, 40.084547319078752 ], [ 108.257934046853151, 40.084707116721304 ], [ 108.257651645938125, 40.08487143648339 ], [ 108.257374037925601, 40.085040203271681 ], [ 108.257101349718482, 40.08521333996022 ], [ 108.256875311168884, 40.085283882438119 ], [ 108.255520242396187, 40.085784088236103 ], [ 108.254210591131098, 40.086347114856601 ], [ 108.252951628694021, 40.086970696694713 ], [ 108.252318213523793, 40.087318338559747 ], [ 108.251438083959243, 40.087818273810761 ], [ 108.251094479173162, 40.088016530483863 ], [ 108.250756002360234, 40.088219596755998 ], [ 108.250422775538823, 40.088427399451746 ], [ 108.250094918838371, 40.088639863688059 ], [ 108.249772550456171, 40.088856912901399 ], [ 108.249455786614789, 40.089078468875272 ], [ 108.249144741519999, 40.089304451768484 ], [ 108.248839527319859, 40.089534780143559 ], [ 108.248540254064153, 40.089769370996308 ], [ 108.248247029664626, 40.090008139785589 ], [ 108.247959959856246, 40.090251000463695 ], [ 108.247647906016638, 40.090385044434925 ], [ 108.247339930274165, 40.090524195486211 ], [ 108.24703618410193, 40.090668385190817 ], [ 108.246736816895606, 40.090817542643812 ], [ 108.246441975900126, 40.090971594497006 ], [ 108.246151806137405, 40.091130464994727 ], [ 108.245866450334773, 40.091294076011401 ], [ 108.245586048855131, 40.091462347089546 ], [ 108.245172516024596, 40.091640075711801 ], [ 108.243913386798695, 40.092263575383605 ], [ 108.242710010998934, 40.092945124977717 ], [ 108.241567233034687, 40.093681981808317 ], [ 108.240489653853331, 40.094471180531606 ], [ 108.239481612423774, 40.095309545058726 ], [ 108.238547168266237, 40.096193701316473 ], [ 108.237690085097967, 40.097120090806307 ], [ 108.237338407734867, 40.097551152636115 ], [ 108.236886444791836, 40.097629016909174 ], [ 108.236436306217001, 40.097712508911634 ], [ 108.235988119009988, 40.097801605089913 ], [ 108.235542009621142, 40.097896280309584 ], [ 108.235098103916059, 40.097996507861943 ], [ 108.234656527140132, 40.098102259471979 ], [ 108.234217403883221, 40.098213505306248 ], [ 108.233780858044796, 40.098330213981043 ], [ 108.233331277048379, 40.098342099123919 ], [ 108.232882101254802, 40.098360597341589 ], [ 108.232433506956085, 40.098385701374497 ], [ 108.231985670216474, 40.098417401370135 ], [ 108.231538766803496, 40.098455684887526 ], [ 108.231092972119242, 40.098500536901874 ], [ 108.230648461131366, 40.098551939810406 ], [ 108.230205408304826, 40.098609873439443 ], [ 108.229763987533417, 40.098674315052108 ], [ 108.229324372071702, 40.098745239357314 ], [ 108.228854937915614, 40.098823584188636 ], [ 108.227859528352738, 40.098989955321841 ], [ 108.227454842464951, 40.099060348758456 ], [ 108.225996431410636, 40.099360702531079 ], [ 108.224566592370095, 40.099729133762587 ], [ 108.22317107935892, 40.100164159985603 ], [ 108.222809364497408, 40.100289810611962 ], [ 108.221629030943916, 40.100708798300225 ], [ 108.221328566430358, 40.100780372844767 ], [ 108.220385613121266, 40.101011342764998 ], [ 108.219946993984863, 40.101122284558095 ], [ 108.219511365547135, 40.101239547220736 ], [ 108.219078892914879, 40.101363086315509 ], [ 108.218649740001297, 40.101492855025931 ], [ 108.218224069463901, 40.101628804174773 ], [ 108.217802042643271, 40.101770882242207 ], [ 108.217383819501649, 40.101919035385471 ], [ 108.21696955856271, 40.102073207459242 ], [ 108.216559416851283, 40.10223334003674 ], [ 108.21531386212061, 40.102493680594364 ], [ 108.214156921050474, 40.102785806687706 ], [ 108.213163881291848, 40.103057805792659 ], [ 108.21289086716061, 40.103133995699586 ], [ 108.211495220826507, 40.103568901371311 ], [ 108.21013950826574, 40.104068655264037 ], [ 108.208829185803424, 40.104631246428205 ], [ 108.207569527457977, 40.105254411012673 ], [ 108.206365603739613, 40.10593564135602 ], [ 108.205222261260218, 40.106672196058398 ], [ 108.204144103237056, 40.107461110993412 ], [ 108.203135470966572, 40.108299211215495 ], [ 108.2022004263452, 40.109183123716868 ], [ 108.201342735504966, 40.110109290981562 ], [ 108.20056585363298, 40.111073985282978 ], [ 108.1998729110325, 40.112073323668042 ], [ 108.199266700485538, 40.113103283568194 ], [ 108.198749665965906, 40.114159718973625 ], [ 108.198323892751077, 40.11523837710763 ], [ 108.197991098970647, 40.116334915532882 ], [ 108.197752628629289, 40.117444919621796 ], [ 108.197609446130684, 40.118563920320774 ], [ 108.197562132327974, 40.119687412136599 ], [ 108.197610882114546, 40.120810871273321 ], [ 108.197755503569567, 40.121929773846169 ], [ 108.19779550703322, 40.12215060205839 ], [ 108.19787442092246, 40.122566395802792 ], [ 108.197999105250631, 40.123220355173778 ], [ 108.19819689288947, 40.124098174400508 ], [ 108.198531147525713, 40.125194483410716 ], [ 108.198958393262856, 40.126272845270535 ], [ 108.199476913422117, 40.127328916856591 ], [ 108.200084623464377, 40.128358444623139 ], [ 108.200779079329934, 40.129357281747303 ], [ 108.200967076164829, 40.129590134152146 ], [ 108.200440793073184, 40.129776236606318 ], [ 108.199655105774838, 40.130065321735266 ], [ 108.19897151708868, 40.130327107748833 ], [ 108.197660642563577, 40.130889602883684 ], [ 108.196400441019009, 40.131512677117364 ], [ 108.195195985150335, 40.132193823153777 ], [ 108.194052123710847, 40.132930299934038 ], [ 108.192973462005639, 40.133719143647212 ], [ 108.19196434335845, 40.134557179636204 ], [ 108.191028831623385, 40.135441035153733 ], [ 108.190170694813546, 40.136367152914843 ], [ 108.189393389911586, 40.137331805394126 ], [ 108.188700048925, 40.138331109808711 ], [ 108.188093466240687, 40.139361043728243 ], [ 108.187576087332801, 40.140417461249292 ], [ 108.187149998866957, 40.14149610966841 ], [ 108.18681692024424, 40.142592646588632 ], [ 108.186578196618782, 40.143702657389639 ], [ 108.186434793416979, 40.144821672991611 ], [ 108.186387292383202, 40.145945187842145 ], [ 108.186399868455965, 40.146513816193085 ], [ 108.186432407084396, 40.147257420259137 ], [ 108.186468428404893, 40.147812282490023 ], [ 108.186512707202368, 40.148155148400782 ], [ 108.186155014212531, 40.147988312311945 ], [ 108.185793201598415, 40.147826445053006 ], [ 108.185427394636136, 40.147669602655832 ], [ 108.185057719982268, 40.147517839412245 ], [ 108.18468430562973, 40.147371207855649 ], [ 108.18430728086372, 40.147229758742839 ], [ 108.183926776216936, 40.147093541036334 ], [ 108.183542923424426, 40.146962601887424 ], [ 108.18315585537816, 40.146836986620187 ], [ 108.182765706080914, 40.146716738715476 ], [ 108.182112485048791, 40.146519606371321 ], [ 108.180922103928708, 40.146187504042722 ], [ 108.179475860383292, 40.14585406627905 ], [ 108.17800404818486, 40.145589367870521 ], [ 108.176512589899431, 40.145394473868052 ], [ 108.176314681979818, 40.145374019451282 ], [ 108.174813243079228, 40.14522358428917 ], [ 108.174385320575766, 40.145183624810592 ], [ 108.173956495493655, 40.145149410486731 ], [ 108.173526907788855, 40.145120952483651 ], [ 108.173096697665642, 40.145098260088545 ], [ 108.172666005530985, 40.145081340707257 ], [ 108.172234971948839, 40.145070199861301 ], [ 108.17180373759436, 40.145064841186567 ], [ 108.171372443208085, 40.14506526643185 ], [ 108.170941229550095, 40.145071475458415 ], [ 108.169241511129073, 40.145107343021181 ], [ 108.168790177186267, 40.145120029978848 ], [ 108.168339293694586, 40.145139649263022 ], [ 108.167889053854424, 40.1451661924674 ], [ 108.167439650590836, 40.145199648218906 ], [ 108.166991276471279, 40.145240002182582 ], [ 108.166544123622884, 40.145287237067812 ], [ 108.16610522099765, 40.14522477282032 ], [ 108.165664654752149, 40.145169135433065 ], [ 108.165222617563387, 40.145120349236969 ], [ 108.164779302750475, 40.14507843556683 ], [ 108.164334904190028, 40.145043412751882 ], [ 108.163889616231899, 40.145015296108014 ], [ 108.163443633614065, 40.144994097930905 ], [ 108.162997151377624, 40.144979827490644 ], [ 108.162550364781879, 40.144972491027936 ], [ 108.16218563114036, 40.144905857053843 ], [ 108.161819024401893, 40.144845150994378 ], [ 108.161450719388682, 40.144790401796477 ], [ 108.161080891731501, 40.144741635566476 ], [ 108.160709717786006, 40.1446988755578 ], [ 108.160337374549016, 40.144662142159909 ], [ 108.159964039573808, 40.144631452888497 ], [ 108.158723019829424, 40.144523422153284 ], [ 108.157832455159493, 40.144458429682544 ], [ 108.156319792929622, 40.144405018796192 ], [ 108.154805612408495, 40.144422910516717 ], [ 108.153296006280399, 40.144512032855737 ], [ 108.151909758298856, 40.144657481181071 ], [ 108.150627373666751, 40.144820627668253 ], [ 108.15017638364165, 40.144881314637637 ], [ 108.149727046150332, 40.144948417698913 ], [ 108.149279526819001, 40.145021912119766 ], [ 108.148833990605013, 40.145101770812033 ], [ 108.14839060173631, 40.145187964341766 ], [ 108.147949523651036, 40.145280460940256 ], [ 108.14664688009114, 40.145563676585489 ], [ 108.14627009206518, 40.145648103746964 ], [ 108.144838956732812, 40.146015697599324 ], [ 108.143442096928567, 40.146449909698561 ], [ 108.142085134234776, 40.146948992865028 ], [ 108.140773530002335, 40.147510938850878 ], [ 108.139512563403159, 40.148133486404042 ], [ 108.138307310207836, 40.148814130349386 ], [ 108.137162622374461, 40.149550131650336 ], [ 108.136083108530784, 40.150338528411204 ], [ 108.135073115426664, 40.15117614777585 ], [ 108.134136710432685, 40.152059618675764 ], [ 108.133538815954708, 40.152703954143945 ], [ 108.13305428133566, 40.153105764597406 ], [ 108.132757297159316, 40.153329079692462 ], [ 108.132466000938095, 40.153556484833445 ], [ 108.132180494947619, 40.153787900221168 ], [ 108.131900879434568, 40.1540232446484 ], [ 108.131627252581168, 40.15426243552843 ], [ 108.131359710470861, 40.154505388923724 ], [ 108.131098347054547, 40.154752019575618 ], [ 108.130843254117693, 40.155002240934131 ], [ 108.130594521247744, 40.155255965188005 ], [ 108.130352235802889, 40.155513103296045 ], [ 108.130007200220007, 40.155884504027696 ], [ 108.129580881985689, 40.156359593365764 ], [ 108.12880257303722, 40.157323911252718 ], [ 108.12810822225191, 40.158322919751079 ], [ 108.127500628079815, 40.159352597624654 ], [ 108.126982240065587, 40.160408800003061 ], [ 108.126555148936518, 40.161487275051776 ], [ 108.126303023508811, 40.162314742860652 ], [ 108.125340020248714, 40.162517753779781 ], [ 108.122034023688954, 40.16287898083327 ], [ 108.116994964630123, 40.163413327464369 ], [ 108.116233884002369, 40.163503342004283 ], [ 108.114751116949734, 40.163733174512338 ], [ 108.113290967093079, 40.164032316187694 ], [ 108.111859310171511, 40.164399563385167 ], [ 108.110461907508324, 40.164833438404756 ], [ 108.10910438286794, 40.165332195424156 ], [ 108.108061581324662, 40.16577853032144 ], [ 108.107366389810934, 40.165077244619539 ], [ 108.106393212617121, 40.16421582592973 ], [ 108.105348393837119, 40.163401937246157 ], [ 108.104236140799614, 40.162638854072902 ], [ 108.103060931810688, 40.161929647341381 ], [ 108.101827498126511, 40.161277171073159 ], [ 108.10054080491679, 40.160684050914597 ], [ 108.099206031294685, 40.160152673591455 ], [ 108.09782854949394, 40.159685177322764 ], [ 108.096413903275803, 40.159283443234926 ], [ 108.094967785652088, 40.158949087807699 ], [ 108.093496016014683, 40.158683456384047 ], [ 108.092004516760213, 40.158487617769019 ], [ 108.090499289506155, 40.158362359938643 ], [ 108.088986390990087, 40.15830818687661 ], [ 108.087471908750487, 40.158325316551199 ], [ 108.085961936684768, 40.158413680040276 ], [ 108.084462550581307, 40.158572921807988 ], [ 108.083167465798311, 40.158769306360803 ], [ 108.082400061672004, 40.158902195192674 ], [ 108.081998283932307, 40.158974300481603 ], [ 108.081598289226307, 40.159051674291199 ], [ 108.081200202959806, 40.159134292365763 ], [ 108.080804149941315, 40.159222128805268 ], [ 108.080410254343363, 40.159315156073696 ], [ 108.080018639663393, 40.1594133450077 ], [ 108.079629428685237, 40.159516664825574 ], [ 108.079242743440673, 40.159625083137122 ], [ 108.078940043849983, 40.159657216639751 ], [ 108.077457237974571, 40.159886634982598 ], [ 108.075997013038318, 40.160185368546415 ], [ 108.074565245081359, 40.160552215328089 ], [ 108.073684250382982, 40.160816439730439 ], [ 108.073352986127446, 40.160921528716578 ], [ 108.072938885107646, 40.161055729803081 ], [ 108.072528457031723, 40.161196008571743 ], [ 108.072121863837268, 40.161342309684237 ], [ 108.071719265951728, 40.161494575426048 ], [ 108.071320822229282, 40.161652745729299 ], [ 108.07092668988831, 40.16181675819648 ], [ 108.070537024449237, 40.161986548124688 ], [ 108.070151979673525, 40.162162048531549 ], [ 108.069771707502852, 40.16234319018136 ], [ 108.069396357999267, 40.162529901612132 ], [ 108.06894982156615, 40.162436580866576 ], [ 108.068500841413766, 40.162349959118927 ], [ 108.068049599980114, 40.16227007156364 ], [ 108.067596280620123, 40.162196950659059 ], [ 108.067141067531324, 40.162130626114198 ], [ 108.066684145679119, 40.162071124876483 ], [ 108.06372953953867, 40.16170463095321 ], [ 108.063263536926357, 40.161650327799165 ], [ 108.062796179973205, 40.161602867177052 ], [ 108.062327651057998, 40.161562267606406 ], [ 108.061858133015775, 40.161528544929631 ], [ 108.061387809066801, 40.161501712305579 ], [ 108.060916862745032, 40.161481780204532 ], [ 108.058619563766072, 40.16140141756555 ], [ 108.057896147159923, 40.161384255530265 ], [ 108.056381594538806, 40.161401033280519 ], [ 108.054871522227174, 40.161489046091866 ], [ 108.053372006416367, 40.161647939839376 ], [ 108.051889080912247, 40.161877075200948 ], [ 108.050428712906466, 40.162175530224062 ], [ 108.048996779014004, 40.162542104026357 ], [ 108.047599041670139, 40.162975321617566 ], [ 108.046241125983087, 40.163473439821004 ], [ 108.044928497133441, 40.164034454273185 ], [ 108.043666438410526, 40.164656107472176 ], [ 108.042460029973896, 40.16533589784386 ], [ 108.041314128424688, 40.166071089788801 ], [ 108.04023334726925, 40.166858724671016 ], [ 108.039222038352037, 40.167695632703072 ], [ 108.038284274333392, 40.168578445682243 ], [ 108.037423832283451, 40.169503610524977 ], [ 108.036768797179747, 40.170313354224966 ], [ 108.036122700658794, 40.17044530641823 ], [ 108.034690534849332, 40.170811729902546 ], [ 108.033292556485179, 40.17124480134148 ], [ 108.031934391643219, 40.171742778146978 ], [ 108.030621506505767, 40.172303656524974 ], [ 108.029359185392522, 40.172925179521741 ], [ 108.028152509518051, 40.173604846087656 ], [ 108.027006336558912, 40.17433992112236 ], [ 108.025925281112919, 40.175127446460863 ], [ 108.024913696127584, 40.175964252757545 ], [ 108.023975655374031, 40.176846972219757 ], [ 108.023114937035317, 40.177772052141435 ], [ 108.022335008477327, 40.178735769180427 ], [ 108.021639012261133, 40.179734244325871 ], [ 108.021029753456418, 40.180763458492223 ], [ 108.020509688305211, 40.181819268680108 ], [ 108.020080914284037, 40.1828974246379 ], [ 108.019745161604234, 40.183993585957978 ], [ 108.019503786185169, 40.185103339538927 ], [ 108.019444354846343, 40.185558729565969 ], [ 108.018674105239583, 40.186052554123833 ], [ 108.017592788790679, 40.18684002073504 ], [ 108.016580948269663, 40.187676773169727 ], [ 108.015642658476054, 40.188559443853016 ], [ 108.014781698595456, 40.189484480275929 ], [ 108.014001536965864, 40.190448159272364 ], [ 108.013305317087088, 40.191446601985533 ], [ 108.012695844929382, 40.19247578946122 ], [ 108.012175577594576, 40.193531578808269 ], [ 108.011746613373816, 40.194609719859649 ], [ 108.011410683244989, 40.195705872268604 ], [ 108.011169143842977, 40.196815622969972 ], [ 108.011022971933528, 40.197934503938392 ], [ 108.010972760412969, 40.199058010170006 ], [ 108.011018715851321, 40.200181617817918 ], [ 108.011030770235664, 40.200317112146983 ], [ 108.011167738690645, 40.201771766100066 ], [ 108.011203354924945, 40.202104800486374 ], [ 108.011247432285955, 40.202437277570183 ], [ 108.011299955211186, 40.202769079099198 ], [ 108.011360905133628, 40.203100087059688 ], [ 108.011430260488254, 40.203430183718453 ], [ 108.011507996719359, 40.20375925166492 ], [ 108.011594086289293, 40.20408717385245 ], [ 108.011688498687946, 40.204413833640452 ], [ 108.011791200443639, 40.204739114835775 ], [ 108.011902155134706, 40.20506290173369 ], [ 108.012021323402394, 40.205385079159747 ], [ 108.012123469764575, 40.205651367523672 ], [ 108.01227378522843, 40.206045062403064 ], [ 108.012402783459876, 40.206372457225505 ], [ 108.012540511903708, 40.206697890135963 ], [ 108.012686916486956, 40.207021233093272 ], [ 108.012841939720985, 40.207342358876915 ], [ 108.013005520723681, 40.207661141136811 ], [ 108.013177595243519, 40.207977454443302 ], [ 108.013358095684467, 40.208291174336374 ], [ 108.013546951132511, 40.208602177374793 ], [ 108.013744087383387, 40.208910341184776 ], [ 108.013920271708656, 40.209214048514703 ], [ 108.014104472454108, 40.209515128618499 ], [ 108.014296618524995, 40.209813465128065 ], [ 108.01449663575319, 40.210108942734308 ], [ 108.01470444692545, 40.210401447231497 ], [ 108.01491997181347, 40.210690865561695 ], [ 108.015143127204453, 40.21097708585831 ], [ 108.015373826933384, 40.211259997489506 ], [ 108.01561198191618, 40.211539491101 ], [ 108.015857500183955, 40.211815458658471 ], [ 108.016110286918604, 40.212087793489033 ], [ 108.016370244489181, 40.212356390322839 ], [ 108.016318986130244, 40.212684587412028 ], [ 108.016276518052578, 40.213013474244917 ], [ 108.016242857093744, 40.213342921339958 ], [ 108.016218016624478, 40.213672798993166 ], [ 108.01620200654331, 40.214002977328995 ], [ 108.016194833272337, 40.21433332635182 ], [ 108.016196499754926, 40.214663715997013 ], [ 108.016207005453865, 40.214994016181954 ], [ 108.01628156912507, 40.216808995686122 ], [ 108.016299832735257, 40.217142802981996 ], [ 108.016326433748873, 40.217476302117937 ], [ 108.016361363145393, 40.217809378582928 ], [ 108.016404609044159, 40.218141918009216 ], [ 108.016456156708358, 40.218473806212003 ], [ 108.016515988549955, 40.218804929228327 ], [ 108.016584084135516, 40.219135173356371 ], [ 108.016660420193006, 40.219464425194509 ], [ 108.016744970619897, 40.219792571680117 ], [ 108.016837706491685, 40.220119500128604 ], [ 108.016938596071796, 40.220445098272151 ], [ 108.016561022418315, 40.220265030328875 ], [ 108.016179257923611, 40.220089890001681 ], [ 108.015793419523447, 40.219919730920694 ], [ 108.015403625398648, 40.219754605190211 ], [ 108.015009994938993, 40.219594563373043 ], [ 108.014612648706503, 40.219439654474918 ], [ 108.014211708398875, 40.219289925929338 ], [ 108.013877738692969, 40.219100371025668 ], [ 108.013538997249782, 40.218915531927749 ], [ 108.013195605153456, 40.218735474684848 ], [ 108.012847685147207, 40.218560263637229 ], [ 108.012495361589629, 40.218389961392916 ], [ 108.012138760410267, 40.218224628805281 ], [ 108.011778009064614, 40.218064324951612 ], [ 108.011413236488551, 40.217909107111872 ], [ 108.011044573052487, 40.21775903074829 ], [ 108.010672150514637, 40.21761414948557 ], [ 108.010637100956814, 40.217392275797948 ], [ 108.010504579436997, 40.21667909080881 ], [ 108.01029543818899, 40.215834000665851 ], [ 108.009932367597301, 40.214543922797773 ], [ 108.00985673671515, 40.214284886506029 ], [ 108.009820387797319, 40.214166639314364 ], [ 108.009691227633027, 40.213753002356206 ], [ 108.009639520082217, 40.213464819649801 ], [ 108.009553511582638, 40.21302729419498 ], [ 108.009268765235703, 40.211923169431913 ], [ 108.008890178043842, 40.210834661405997 ], [ 108.008419278292322, 40.209766152310905 ], [ 108.007857965675754, 40.208721943625527 ], [ 108.007208503592466, 40.207706238809671 ], [ 108.006473509978505, 40.206723126397918 ], [ 108.005655946722086, 40.205776563557997 ], [ 108.00475910769903, 40.20487036018045 ], [ 108.003786605480741, 40.204008163563302 ], [ 108.002742356765893, 40.20319344375207 ], [ 108.001630566597356, 40.20242947959499 ], [ 108.000455711425829, 40.201719345568016 ], [ 108.000382554927683, 40.201680581839341 ], [ 108.000109076409714, 40.201363892606288 ], [ 107.999212359386718, 40.200457655824835 ], [ 107.998239980385293, 40.199595422484997 ], [ 107.997195855608524, 40.19878066278072 ], [ 107.996084189600765, 40.198016655721133 ], [ 107.995905601904028, 40.197908692659269 ], [ 107.995607597444845, 40.197703879992865 ], [ 107.994432875742561, 40.196993696252285 ], [ 107.9931998179825, 40.196340197517578 ], [ 107.991913387828305, 40.195746013548877 ], [ 107.990810383518507, 40.195305946873447 ], [ 107.990045138749124, 40.194779934032447 ], [ 107.988870517327754, 40.19406970341899 ], [ 107.987637557882636, 40.193416155231581 ], [ 107.986351223682021, 40.192821919429655 ], [ 107.985016692400976, 40.192289387227447 ], [ 107.984259727307673, 40.192031810347132 ], [ 107.984101422555, 40.191968637582598 ], [ 107.982724077281034, 40.191499942566907 ], [ 107.981309448800531, 40.191096979653423 ], [ 107.979863230058015, 40.190761370265513 ], [ 107.978391240855103, 40.190494464791101 ], [ 107.976899404474025, 40.1902973371607 ], [ 107.975393723889397, 40.190170780536178 ], [ 107.973880257663097, 40.190115304126763 ], [ 107.972365095616539, 40.190131131144575 ], [ 107.970908400877718, 40.190213844463621 ], [ 107.96887652574695, 40.190375722813762 ], [ 107.967349203362559, 40.190535832870282 ], [ 107.966756398228412, 40.190618272796172 ], [ 107.964936683209302, 40.190889008141454 ], [ 107.964045707228735, 40.191034744016342 ], [ 107.962584405649551, 40.191332248098362 ], [ 107.961151468188987, 40.19169789144641 ], [ 107.959752661315875, 40.192130202815491 ], [ 107.958393614437043, 40.1926274426772 ], [ 107.958332772235494, 40.192653384215767 ], [ 107.957443189598536, 40.192708517003794 ], [ 107.957092553921271, 40.192738960268123 ], [ 107.955705659760525, 40.192867080988243 ], [ 107.955266395661113, 40.1929102424237 ], [ 107.954828324880964, 40.192959630242314 ], [ 107.954391607754189, 40.193015226369262 ], [ 107.953956404120504, 40.193077010457571 ], [ 107.953522873266834, 40.193144959895569 ], [ 107.953091173869097, 40.193219049815148 ], [ 107.952661463934405, 40.193299253100747 ], [ 107.952233900743039, 40.193385540399419 ], [ 107.951808640791285, 40.193477880131397 ], [ 107.951385839734087, 40.193576238501763 ], [ 107.950965652328293, 40.193680579512616 ], [ 107.950548232376008, 40.19379086497635 ], [ 107.950098564693221, 40.193774301185677 ], [ 107.949103739974433, 40.193776470986045 ], [ 107.948098766457704, 40.193794187649743 ], [ 107.947578348479524, 40.193807571768303 ], [ 107.946403631802895, 40.193868852712548 ], [ 107.943575056206669, 40.194068463041042 ], [ 107.943238905085508, 40.194093962249696 ], [ 107.942870870539664, 40.194125977482628 ], [ 107.938554833901279, 40.194526555370565 ], [ 107.937422435338163, 40.194652150848732 ], [ 107.935938485509553, 40.194880007799959 ], [ 107.934476994147843, 40.195177206039908 ], [ 107.933043842382588, 40.195542549744616 ], [ 107.931644797543527, 40.195974568875052 ], [ 107.930285489993949, 40.196471525078984 ], [ 107.929686046084242, 40.196726930587005 ], [ 107.929346763645796, 40.196850965138232 ], [ 107.928032650252604, 40.197410849712817 ], [ 107.926769033609958, 40.198031419062573 ], [ 107.925561000139552, 40.198710175978121 ], [ 107.924413412975184, 40.199444389022361 ], [ 107.923330892399619, 40.200231103502482 ], [ 107.922317797250713, 40.20106715333948 ], [ 107.921378207371788, 40.201949173788698 ], [ 107.921189622960952, 40.202151350773818 ], [ 107.920463647817229, 40.201982548860684 ], [ 107.918991649876887, 40.20171498729529 ], [ 107.917499745465918, 40.201517195484271 ], [ 107.91599393783342, 40.201389969261761 ], [ 107.915313667435157, 40.20136473684115 ], [ 107.914787341915641, 40.201242330829707 ], [ 107.91331537939881, 40.200974707026873 ], [ 107.91182350523458, 40.200776852085859 ], [ 107.910317722550474, 40.200649562094725 ], [ 107.90880409031945, 40.20059334921325 ], [ 107.907288699030943, 40.200608439616822 ], [ 107.906390093813329, 40.200651154431654 ], [ 107.901167122158057, 40.20097273747966 ], [ 107.90055466881465, 40.201016331750992 ], [ 107.899175198431237, 40.201158125163623 ], [ 107.896557719786585, 40.201485080265542 ], [ 107.896436537217596, 40.201500454152239 ], [ 107.894990182448126, 40.201721146253902 ], [ 107.892513075164246, 40.202158697440737 ], [ 107.89103233398167, 40.202458778855707 ], [ 107.889598825098332, 40.202823659812587 ], [ 107.888199387178091, 40.203255227714202 ], [ 107.886839652163289, 40.203751746024658 ], [ 107.885525092546075, 40.204311216821303 ], [ 107.884260999375741, 40.204931388817585 ], [ 107.883052460988992, 40.205609766403697 ], [ 107.881904342548637, 40.20634361967025 ], [ 107.880821266473049, 40.207129995373229 ], [ 107.88065518147107, 40.207259789368827 ], [ 107.880280145316576, 40.207555854907412 ], [ 107.879980981863142, 40.207796119967675 ], [ 107.879688074334751, 40.208040588982072 ], [ 107.879401530148613, 40.208289172352529 ], [ 107.879121454392703, 40.208541778972112 ], [ 107.878847949787513, 40.208798316258324 ], [ 107.878581116648135, 40.209058690186843 ], [ 107.878321052847596, 40.209322805326373 ], [ 107.878067853780834, 40.209590564873075 ], [ 107.877821612329683, 40.209861870686282 ], [ 107.876756708266427, 40.209557642491973 ], [ 107.875310604296686, 40.209220897636939 ], [ 107.873838625885895, 40.208952837712239 ], [ 107.872346696275258, 40.208754541293175 ], [ 107.87084081881595, 40.208626806244055 ], [ 107.86932705286236, 40.208570146515299 ], [ 107.867811489441777, 40.208584790080074 ], [ 107.866460037636045, 40.208658205945873 ], [ 107.86424889826317, 40.208825176539129 ], [ 107.864089086688807, 40.208837645974882 ], [ 107.863585143868164, 40.208890282775236 ], [ 107.863180029608174, 40.208851445550245 ], [ 107.862773976470805, 40.208818440669795 ], [ 107.86236713706063, 40.208791280537355 ], [ 107.861959664277137, 40.208769975359843 ], [ 107.86155171125732, 40.208754533143725 ], [ 107.861143431318467, 40.208744959692289 ], [ 107.860734977900364, 40.20874125860324 ], [ 107.860326504507938, 40.208743431267543 ], [ 107.859918164653592, 40.208751476868656 ], [ 107.858294788012657, 40.20878615941772 ], [ 107.857916059772108, 40.208796478680995 ], [ 107.856404781250262, 40.208882254920475 ], [ 107.854903874985993, 40.209038930740867 ], [ 107.853419380373722, 40.209265875745068 ], [ 107.851957270911058, 40.20956217679494 ], [ 107.85052343021141, 40.209926641677235 ], [ 107.849123628372823, 40.210357803889863 ], [ 107.847763498800276, 40.210853928529836 ], [ 107.846448515571396, 40.211413019259169 ], [ 107.845183971437592, 40.212032826321348 ], [ 107.845008757944697, 40.212131089457742 ], [ 107.84428089845305, 40.211882556714002 ], [ 107.844134938917094, 40.211840817823791 ], [ 107.843757169586965, 40.211690925149412 ], [ 107.843375646370816, 40.211546357641851 ], [ 107.842990505722753, 40.211407166996281 ], [ 107.842601885388234, 40.211273402984716 ], [ 107.842209924354634, 40.211145113438462 ], [ 107.841814762801775, 40.211022344231075 ], [ 107.841416542051746, 40.21090513926184 ], [ 107.841015404518586, 40.210793540440257 ], [ 107.840611493657249, 40.210687587670932 ], [ 107.840204953912462, 40.210587318839529 ], [ 107.839795930667364, 40.210492769798947 ], [ 107.839275766659554, 40.210375318422287 ], [ 107.838755937525761, 40.210262699668419 ], [ 107.837284071471373, 40.209994237538176 ], [ 107.835792219309596, 40.209795533529061 ], [ 107.834286384080812, 40.209667387145366 ], [ 107.832772624969792, 40.209610313992549 ], [ 107.832698629671029, 40.209609352517717 ], [ 107.83202755963228, 40.209601402182123 ], [ 107.83156676899543, 40.209599238035409 ], [ 107.831106007778516, 40.209603665235427 ], [ 107.830645447336565, 40.209614682135751 ], [ 107.830185258950067, 40.209632284639476 ], [ 107.829725613761397, 40.20965646620057 ], [ 107.829266682711562, 40.209687217826541 ], [ 107.828808636476268, 40.209724528081509 ], [ 107.828351645403131, 40.209768383090598 ], [ 107.82789587944805, 40.20981876654497 ], [ 107.827441508112315, 40.209875659708146 ], [ 107.826988700379616, 40.209939041422544 ], [ 107.826537624653525, 40.21000888811772 ], [ 107.826088448694748, 40.210085173818854 ], [ 107.824500231023336, 40.21036691233482 ], [ 107.82407552266551, 40.210445306625246 ], [ 107.823652821341469, 40.210529457558636 ], [ 107.82323226887047, 40.210619336904529 ], [ 107.82281400635263, 40.210714914510632 ], [ 107.822398174121076, 40.210816158312817 ], [ 107.821984911695552, 40.210923034346003 ], [ 107.821574357735358, 40.211035506755444 ], [ 107.821166649992762, 40.211153537808748 ], [ 107.818616754164765, 40.211911731184962 ], [ 107.817655291401707, 40.21221587219609 ], [ 107.816294915537526, 40.212711677946892 ], [ 107.814979660244546, 40.213270460506536 ], [ 107.81371481936732, 40.213889971358967 ], [ 107.81250548424714, 40.214567717556228 ], [ 107.811356523248776, 40.215300971731146 ], [ 107.810272562176692, 40.216086783052255 ], [ 107.809257965659299, 40.216921989078223 ], [ 107.80831681957558, 40.217803228463673 ], [ 107.807452914595331, 40.218726954466447 ], [ 107.806669730899586, 40.21968944920156 ], [ 107.805970424142203, 40.220686838585806 ], [ 107.805357812710355, 40.221715107912104 ], [ 107.804834366335328, 40.222770117992781 ], [ 107.804629596361821, 40.223249721542359 ], [ 107.804346578186212, 40.223946830152833 ], [ 107.804227378535586, 40.2242502055133 ], [ 107.804115494179968, 40.224555109123841 ], [ 107.804010960800284, 40.224861443997455 ], [ 107.803913811740472, 40.225169112690558 ], [ 107.803824077996737, 40.225478017333948 ], [ 107.803741788207461, 40.225788059664048 ], [ 107.803666968644194, 40.226099141053901 ], [ 107.803599643202915, 40.226411162544842 ], [ 107.803447552753198, 40.227158696350926 ], [ 107.803385835314486, 40.227482238667811 ], [ 107.80333217586265, 40.227806570081476 ], [ 107.803286592758582, 40.228131580259088 ], [ 107.80324910161643, 40.228457158635266 ], [ 107.803219715298027, 40.22878319444979 ], [ 107.803198443908258, 40.229109576785156 ], [ 107.803185294791888, 40.229436194604503 ], [ 107.803180272530426, 40.229762936789271 ], [ 107.80318337894073, 40.230089692176961 ], [ 107.80321739804107, 40.231639711500783 ], [ 107.803257185262524, 40.232413200782204 ], [ 107.803317208596965, 40.232994407912024 ], [ 107.803339790301152, 40.233174162625019 ], [ 107.80348240359632, 40.234317577987447 ], [ 107.803687558292083, 40.235961782011486 ], [ 107.803767777473624, 40.236511130366765 ], [ 107.803827866963204, 40.23679592163279 ], [ 107.803579990377173, 40.237413808729919 ], [ 107.803240765413108, 40.238509480532869 ], [ 107.802995947306783, 40.239618897982517 ], [ 107.802846526025149, 40.240737594403051 ], [ 107.802795047192291, 40.241689024369656 ], [ 107.802770159666963, 40.243085219046719 ], [ 107.802768219929689, 40.24325726044745 ], [ 107.802768304698034, 40.243397263436556 ], [ 107.802772959060206, 40.244181402729737 ], [ 107.802779308438161, 40.244519174945168 ], [ 107.802794344351369, 40.244856796114618 ], [ 107.8028180614523, 40.245194143479864 ], [ 107.802850451236722, 40.24553109438034 ], [ 107.802891502046421, 40.245867526297914 ], [ 107.802941199073544, 40.246203316901266 ], [ 107.802999524365617, 40.24653834409056 ], [ 107.803066456831914, 40.246872486041838 ], [ 107.803096343443116, 40.247012485462498 ], [ 107.802297713914584, 40.247015108211492 ], [ 107.799616016460888, 40.247071208192828 ], [ 107.799237083041788, 40.247081361806643 ], [ 107.79772495022327, 40.247166478644559 ], [ 107.796223138535467, 40.247322502163655 ], [ 107.794737691012799, 40.247548804592221 ], [ 107.793274584983905, 40.24784447537872 ], [ 107.791839708068125, 40.248208324847276 ], [ 107.790438834529496, 40.248638888973709 ], [ 107.789077602081093, 40.249134435263613 ], [ 107.787761489234668, 40.249692969708576 ], [ 107.786495793283464, 40.250312244793236 ], [ 107.785285609008085, 40.250989768520846 ], [ 107.784135808188921, 40.251722814421974 ], [ 107.783051020009069, 40.252508432506183 ], [ 107.782035612424934, 40.253343461112472 ], [ 107.781093674579395, 40.254224539612466 ], [ 107.780831610770036, 40.254504460112443 ], [ 107.780363944121646, 40.254541267925184 ], [ 107.779897368837808, 40.254585030251427 ], [ 107.77943207308671, 40.254635729443017 ], [ 107.77896824452165, 40.254693345054363 ], [ 107.778506070205367, 40.254757853850549 ], [ 107.778045736534963, 40.254829229816806 ], [ 107.77758742916663, 40.254907444168943 ], [ 107.77713133294121, 40.25499246536485 ], [ 107.776029429099893, 40.255205835119085 ], [ 107.775059868439371, 40.255409849632855 ], [ 107.773624753974886, 40.255773506578855 ], [ 107.772223629870311, 40.256203883287945 ], [ 107.7708621348458, 40.256699248020283 ], [ 107.770218496444855, 40.256961990382933 ], [ 107.769304827311558, 40.257348639251298 ], [ 107.768632072130075, 40.257644251887491 ], [ 107.767366078454288, 40.258263350894708 ], [ 107.766155587306443, 40.258940706915929 ], [ 107.765005471701016, 40.259673594157377 ], [ 107.763920362086751, 40.260459063267724 ], [ 107.76290462771253, 40.261293953186502 ], [ 107.761962359035493, 40.262174903844283 ], [ 107.761898298229923, 40.262239165442359 ], [ 107.761301398265019, 40.262840763333038 ], [ 107.760500437759816, 40.263699964482896 ], [ 107.759716161253337, 40.264662225693549 ], [ 107.759015790649173, 40.265659412475671 ], [ 107.758402148618089, 40.26668751094148 ], [ 107.757877709041608, 40.267742382594534 ], [ 107.757444587003249, 40.268819780973011 ], [ 107.757104530218115, 40.2699153687307 ], [ 107.756858911935922, 40.271024735086392 ], [ 107.756708725347934, 40.272143413572302 ], [ 107.756654579520273, 40.273266900009673 ], [ 107.756696696872496, 40.274390670640443 ], [ 107.756834912210891, 40.27551020034047 ], [ 107.757068673322848, 40.276620980841905 ], [ 107.757397043131164, 40.277718538892024 ], [ 107.757818703399252, 40.278798454273598 ], [ 107.758331959975223, 40.279856377615332 ], [ 107.758934749553561, 40.280888047920556 ], [ 107.759182591044564, 40.281266114084922 ], [ 107.759401022023638, 40.281589495376394 ], [ 107.759758645352875, 40.282093655838153 ], [ 107.760090409840444, 40.282943218912052 ], [ 107.760603728005051, 40.284001137791876 ], [ 107.761206583407443, 40.285032802013326 ], [ 107.761896551577337, 40.286034056153767 ], [ 107.76193701699161, 40.286084582687756 ], [ 107.76194948084445, 40.286368153431695 ], [ 107.761970655387501, 40.286651440480554 ], [ 107.762000529743133, 40.286934296959181 ], [ 107.762039088522499, 40.287216576213879 ], [ 107.762086311833542, 40.287498131888405 ], [ 107.762142175291132, 40.287778818 ], [ 107.762206650029242, 40.288058489014794 ], [ 107.762279702716086, 40.288336999923722 ], [ 107.762616328247049, 40.289721347928236 ], [ 107.762652060414496, 40.289864899348487 ], [ 107.762980572658819, 40.290962457783316 ], [ 107.763402390825036, 40.292042369440736 ], [ 107.763915820126371, 40.293100284963955 ], [ 107.764518796562982, 40.294131943386958 ], [ 107.764879401766464, 40.294655139711281 ], [ 107.764804945569423, 40.294964522672494 ], [ 107.764739115538163, 40.295274977335879 ], [ 107.764681939771947, 40.295586371701937 ], [ 107.764633442691462, 40.29589857336952 ], [ 107.764593645028086, 40.296211449592647 ], [ 107.764562563814891, 40.296524867336629 ], [ 107.764540212379302, 40.296838693334642 ], [ 107.764526600337263, 40.29715279414453 ], [ 107.764521733588737, 40.297467036205383 ], [ 107.764296573269164, 40.297654795224609 ], [ 107.764077042039702, 40.297846178180549 ], [ 107.763863246177849, 40.298041092463343 ], [ 107.763655289187909, 40.298239443753616 ], [ 107.763453271751231, 40.298441136067922 ], [ 107.763257291677306, 40.298646071805408 ], [ 107.763067443856471, 40.298854151794586 ], [ 107.762883820213816, 40.299065275341682 ], [ 107.761562637610865, 40.299621533692481 ], [ 107.760672718945685, 40.300056427991564 ], [ 107.757784516182809, 40.300111907962702 ], [ 107.757360646728301, 40.300122831858431 ], [ 107.755847375028466, 40.300207480198388 ], [ 107.7543443915323, 40.300363042056105 ], [ 107.752857743985118, 40.300588891518395 ], [ 107.751393414540445, 40.300884119857706 ], [ 107.749957295736692, 40.30124753918011 ], [ 107.748555166830997, 40.301677687194569 ], [ 107.747192670584496, 40.302172833083588 ], [ 107.745875290590831, 40.302730984452992 ], [ 107.744608329239341, 40.303349895332097 ], [ 107.743809003136775, 40.30379671019206 ], [ 107.743381798027869, 40.303849826481681 ], [ 107.742956026587393, 40.303908924220877 ], [ 107.742531841388711, 40.303973982233813 ], [ 107.742109394438188, 40.304044977208783 ], [ 107.741688837120478, 40.304121883706728 ], [ 107.741270320144395, 40.304204674170251 ], [ 107.740853993489196, 40.304293318933539 ], [ 107.740440006350767, 40.304387786232851 ], [ 107.739901888392325, 40.304513994354437 ], [ 107.738677879922207, 40.304828320060871 ], [ 107.737275616784643, 40.305258351565982 ], [ 107.735912978267237, 40.305753384507319 ], [ 107.734595448535373, 40.306311426945356 ], [ 107.733328330580122, 40.306930233347984 ], [ 107.732821365338197, 40.307213542968164 ], [ 107.732447273929822, 40.307402720850291 ], [ 107.732078455611486, 40.30759749803039 ], [ 107.73171506311499, 40.307797793874563 ], [ 107.73135724692969, 40.308003525463647 ], [ 107.73100515523987, 40.308214607627498 ], [ 107.730658933863666, 40.308430952979904 ], [ 107.730318726192692, 40.308652471955163 ], [ 107.729984673132492, 40.308879072844618 ], [ 107.729656913044437, 40.309110661834893 ], [ 107.729335581688275, 40.309347143046487 ], [ 107.729020812166041, 40.309588418573711 ], [ 107.728455486156363, 40.309709843831335 ], [ 107.727019081679302, 40.310073020470966 ], [ 107.725616650365879, 40.310502932191561 ], [ 107.724253836192716, 40.310997849127034 ], [ 107.722936124031463, 40.311555779805019 ], [ 107.721668817606499, 40.312174479143565 ], [ 107.720533331341741, 40.312808825380536 ], [ 107.72034247857313, 40.312492463520279 ], [ 107.720142936777819, 40.312179057115905 ], [ 107.719934789423391, 40.311868737087707 ], [ 107.719718123569095, 40.311561633065111 ], [ 107.719493029829351, 40.31125787333221 ], [ 107.719259602335697, 40.310957584774556 ], [ 107.719017938697206, 40.310660892826085 ], [ 107.718721329302042, 40.310303577437956 ], [ 107.71810612446609, 40.309600287483278 ], [ 107.717602624951567, 40.309089103547578 ], [ 107.717380604790321, 40.308830734766921 ], [ 107.716486065357614, 40.307922514060493 ], [ 107.71551558447392, 40.307058141333385 ], [ 107.714473070726058, 40.306241095388799 ], [ 107.713362722196734, 40.305474664435252 ], [ 107.712189009556624, 40.304761932874108 ], [ 107.710956658066948, 40.304105768908101 ], [ 107.709670628567238, 40.303508813019455 ], [ 107.708336097521638, 40.302973467364424 ], [ 107.706958436206804, 40.302501886125839 ], [ 107.705543189121755, 40.302095966862652 ], [ 107.704096051708717, 40.301757342890262 ], [ 107.702622847471233, 40.301487376723074 ], [ 107.701129504583776, 40.301287154604061 ], [ 107.69962203208334, 40.301157482143843 ], [ 107.698106495739552, 40.30109888108678 ], [ 107.697678611667826, 40.301102465524032 ], [ 107.697244606847775, 40.300948898272097 ], [ 107.696834356751708, 40.300806484227515 ], [ 107.696420377038578, 40.300670122935472 ], [ 107.696002830399053, 40.300539867975679 ], [ 107.695581880922589, 40.300415770528268 ], [ 107.695157694033313, 40.300297879353664 ], [ 107.694730436424962, 40.300186240773542 ], [ 107.69430027599546, 40.300080898652482 ], [ 107.693867381781175, 40.29998189438092 ], [ 107.693431923890529, 40.299889266859005 ], [ 107.692994073437333, 40.299803052481039 ], [ 107.692554002473514, 40.299723285121452 ], [ 107.69162335559831, 40.299291092872402 ], [ 107.690289032466893, 40.29875556972118 ], [ 107.688911565894884, 40.298283804916174 ], [ 107.687496499598836, 40.297877696755286 ], [ 107.686049528294234, 40.297538879314324 ], [ 107.684576474817376, 40.297268715886268 ], [ 107.683083266736688, 40.297068293507948 ], [ 107.681575912547501, 40.296938418595964 ], [ 107.680060477543748, 40.296879613709272 ], [ 107.678922265897768, 40.2968823028651 ], [ 107.677812515718671, 40.296904487824094 ], [ 107.677364930902414, 40.296916797581623 ], [ 107.676917723697784, 40.296935155680615 ], [ 107.676471042975592, 40.296959556010322 ], [ 107.676025037431941, 40.296989990448424 ], [ 107.675579855538544, 40.297026448864138 ], [ 107.675135645493711, 40.297068919121457 ], [ 107.674692555172669, 40.297117387083205 ], [ 107.674250732079074, 40.297171836615583 ], [ 107.67381032329537, 40.297232249593733 ], [ 107.673371475434294, 40.297298605907649 ], [ 107.672934334590209, 40.297370883468766 ], [ 107.671798563741092, 40.296973474391748 ], [ 107.670383617165726, 40.296567186057011 ], [ 107.668936750497068, 40.296228184281645 ], [ 107.667463786150876, 40.295957833100481 ], [ 107.665970651337645, 40.295757220305809 ], [ 107.664463354258146, 40.295627153080403 ], [ 107.662947959977132, 40.295568154757113 ], [ 107.662713670766564, 40.295565398282974 ], [ 107.661448202991991, 40.295555096591322 ], [ 107.660165098216268, 40.295570148909682 ], [ 107.658846971421909, 40.295638898562856 ], [ 107.65817721813265, 40.295687634551449 ], [ 107.657982055508768, 40.295702434356265 ], [ 107.656478957827375, 40.295856897915861 ], [ 107.654992101585876, 40.29608166066739 ], [ 107.653527469775113, 40.296375818255868 ], [ 107.652806597023599, 40.296557664916236 ], [ 107.651529459530749, 40.2968141431463 ], [ 107.650092927498505, 40.297176490723096 ], [ 107.648690292879863, 40.297605592021029 ], [ 107.647327200466378, 40.298099720434749 ], [ 107.646009136245524, 40.298656887664748 ], [ 107.644741405354338, 40.299274851700964 ], [ 107.643529110753434, 40.299951125826944 ], [ 107.642377132707026, 40.30068298860666 ], [ 107.641290109151981, 40.301467494816073 ], [ 107.640272417033032, 40.30230148727459 ], [ 107.639328154679944, 40.303181609529517 ], [ 107.638461125298591, 40.304104319343956 ], [ 107.63834642994324, 40.30424131199203 ], [ 107.638065646149443, 40.304488583958424 ], [ 107.637791584087694, 40.304739960687833 ], [ 107.637524353138531, 40.304995341920424 ], [ 107.637264059960984, 40.305254625798128 ], [ 107.637010808450384, 40.305517708905136 ], [ 107.636764699696514, 40.305784486309015 ], [ 107.636525831943473, 40.306054851602781 ], [ 107.636294300550233, 40.306328696946871 ], [ 107.636060324584832, 40.306550241777948 ], [ 107.635833329672209, 40.306775736966493 ], [ 107.635613437370196, 40.307005061824441 ], [ 107.635400765438646, 40.30723809361303 ], [ 107.635195427776154, 40.307474707608129 ], [ 107.634997534358746, 40.3077147771669 ], [ 107.634807191181324, 40.307958173795832 ], [ 107.63462450020053, 40.308204767219188 ], [ 107.633859139476215, 40.30919901714168 ], [ 107.633785149484169, 40.309296362330187 ], [ 107.633463840572844, 40.309525791582338 ], [ 107.633148641018607, 40.309759825179192 ], [ 107.632839671091844, 40.309998373867778 ], [ 107.632537048690281, 40.310241346672179 ], [ 107.632240889294366, 40.31048865092837 ], [ 107.631951305922925, 40.310740192319251 ], [ 107.631668409090253, 40.310995874910923 ], [ 107.631392306763757, 40.311255601188812 ], [ 107.630942221472694, 40.311685364175105 ], [ 107.630654693066816, 40.311965611292301 ], [ 107.629787451287129, 40.312888272905951 ], [ 107.629000940282992, 40.313849813853047 ], [ 107.628298329097618, 40.314846363899406 ], [ 107.627682449417421, 40.315873911726328 ], [ 107.627155784129499, 40.316928321060146 ], [ 107.626720457276676, 40.318005347306247 ], [ 107.62637822545058, 40.319100654622467 ], [ 107.626130470659106, 40.320209833362526 ], [ 107.62597819469832, 40.321328417819252 ], [ 107.625922015051259, 40.322451904197933 ], [ 107.62596216233176, 40.323575768745549 ], [ 107.62604252508234, 40.324324048556299 ], [ 107.626146679805274, 40.325088544387661 ], [ 107.626189699618607, 40.325260891014679 ], [ 107.626191061761944, 40.325459117912011 ], [ 107.626139800133885, 40.325746469312989 ], [ 107.626096184301446, 40.326034512243837 ], [ 107.626060231248076, 40.326323135139027 ], [ 107.626031954989728, 40.32661222620726 ], [ 107.626011366569273, 40.326901673474381 ], [ 107.625998474052253, 40.32719136482681 ], [ 107.625993282523481, 40.327481188055089 ], [ 107.625995794084943, 40.327771030897225 ], [ 107.626006007854869, 40.328060781082144 ], [ 107.626030180989659, 40.328741727515691 ], [ 107.625959600090439, 40.329051895068346 ], [ 107.625896840605463, 40.329362983345668 ], [ 107.625841924453511, 40.329674884193452 ], [ 107.625794870827377, 40.329987489173597 ], [ 107.625755696186715, 40.330300689601508 ], [ 107.62572441425263, 40.330614376584172 ], [ 107.625701036002383, 40.330928441057956 ], [ 107.62568556966572, 40.331242773826467 ], [ 107.625678020721665, 40.331557265598526 ], [ 107.625678391896543, 40.331871807026126 ], [ 107.625686683162982, 40.332186288742434 ], [ 107.625705822409785, 40.332722050398935 ], [ 107.625737938706791, 40.333283752344528 ], [ 107.625874270246442, 40.334403480486039 ], [ 107.62610623955338, 40.335514552361019 ], [ 107.626432916775599, 40.336612493546689 ], [ 107.626852990503266, 40.337692882285538 ], [ 107.627364772985104, 40.338751367302208 ], [ 107.627966206864116, 40.339783685339441 ], [ 107.628654873406973, 40.340785678342456 ], [ 107.628938846128293, 40.341141096053576 ], [ 107.628758225125708, 40.341432440813612 ], [ 107.628586073758456, 40.341726583575152 ], [ 107.628422471125688, 40.342023389363888 ], [ 107.628267492406394, 40.342322721982249 ], [ 107.628121208824865, 40.342624444070807 ], [ 107.627983687617785, 40.342928417172239 ], [ 107.627854992003222, 40.343234501794093 ], [ 107.627735181151266, 40.343542557473356 ], [ 107.627399157126504, 40.342897177554228 ], [ 107.627024401901124, 40.342215348251464 ], [ 107.62637902786615, 40.341197672134058 ], [ 107.625647798642873, 40.340212349057431 ], [ 107.62483366099832, 40.339263345090558 ], [ 107.623939895052416, 40.338354479951256 ], [ 107.622970101039272, 40.337489411651084 ], [ 107.621928184788544, 40.336671621792654 ], [ 107.620818341985725, 40.335904401578055 ], [ 107.619645041272705, 40.335190838584616 ], [ 107.618846880379408, 40.334765188472353 ], [ 107.618833689545554, 40.334713007219207 ], [ 107.618460254475565, 40.333623274430167 ], [ 107.617994247013641, 40.332553273567335 ], [ 107.617437547187222, 40.331507312122795 ], [ 107.616792399854731, 40.330489600618506 ], [ 107.616061405614687, 40.329504235671862 ], [ 107.615247510288029, 40.328555183521075 ], [ 107.61435399301908, 40.327646264078773 ], [ 107.613384453040908, 40.326781135576027 ], [ 107.612342795161041, 40.325963279858549 ], [ 107.611233214025319, 40.325195988394434 ], [ 107.610060177223033, 40.324482349048481 ], [ 107.609644681212956, 40.324260695886039 ], [ 107.609557702779284, 40.324002445581414 ], [ 107.609462830918531, 40.32374572418162 ], [ 107.609360114608521, 40.32349066399577 ], [ 107.60924960686863, 40.323237396475449 ], [ 107.609131364731866, 40.322986052146859 ], [ 107.609005449215545, 40.322736760543592 ], [ 107.608871925289705, 40.322489650140028 ], [ 107.608860402839156, 40.322419748386494 ], [ 107.608581252723482, 40.321314664014544 ], [ 107.608208037645099, 40.320224917033471 ], [ 107.607742264285818, 40.319154894634714 ], [ 107.607185811729948, 40.318108904397874 ], [ 107.606540923839788, 40.317091156961794 ], [ 107.60581020016842, 40.316105749089417 ], [ 107.605601978901177, 40.315862856498569 ], [ 107.605207440427833, 40.315121149338843 ], [ 107.604562606121021, 40.314103395363361 ], [ 107.603831938649378, 40.313117979589194 ], [ 107.603018382517902, 40.31216886846051 ], [ 107.602125215505353, 40.311259882128603 ], [ 107.601156035434698, 40.310394679094891 ], [ 107.600114745665167, 40.30957674150639 ], [ 107.599005539361258, 40.308809361162055 ], [ 107.597832882604038, 40.308095626285578 ], [ 107.596601496413214, 40.307438409118681 ], [ 107.595316337750688, 40.306840354382956 ], [ 107.59397008450955, 40.30629747078175 ], [ 107.594112133048853, 40.306229904614078 ], [ 107.594950836329375, 40.305832622336901 ], [ 107.595202297919883, 40.30571185572331 ], [ 107.596443468671552, 40.305064860038947 ], [ 107.597626722077322, 40.304360844356133 ], [ 107.59874729264277, 40.303602645206382 ], [ 107.599615344188251, 40.302935706799587 ], [ 107.600010180673451, 40.302807933056897 ], [ 107.600401578105789, 40.302674480408911 ], [ 107.600789387646685, 40.302535399613078 ], [ 107.601173461824501, 40.302390743567102 ], [ 107.601553654590802, 40.302240567288834 ], [ 107.601929821376061, 40.302084927895301 ], [ 107.6023018191445, 40.301923884580894 ], [ 107.602669506448606, 40.301757498594995 ], [ 107.603032743482999, 40.30158583321829 ], [ 107.603391392137709, 40.301408953739077 ], [ 107.604348206971551, 40.301426582184043 ], [ 107.605190611089583, 40.301431102476762 ], [ 107.606706870630973, 40.301383769441586 ], [ 107.608216020845802, 40.301265274574803 ], [ 107.609711980607827, 40.301076095380402 ], [ 107.611188722056326, 40.300816994196722 ], [ 107.61264029493438, 40.30048901511779 ], [ 107.614060850612191, 40.30009347977623 ], [ 107.615444665696558, 40.299631982005941 ], [ 107.616786165129938, 40.299106381405679 ], [ 107.618079944686713, 40.2985187958298 ], [ 107.619320792773493, 40.297871592837545 ], [ 107.620503711447242, 40.297167380134105 ], [ 107.621623936563338, 40.296408995044239 ], [ 107.622676956975099, 40.295599493059392 ], [ 107.622948800969041, 40.29536205350805 ], [ 107.623358768264978, 40.295050856231434 ], [ 107.623982109672397, 40.294559303688978 ], [ 107.624963656306946, 40.293701937443217 ], [ 107.625869806798505, 40.292800170410821 ], [ 107.626696913663565, 40.291857635364885 ], [ 107.627441648223709, 40.290878129159942 ], [ 107.628101013980199, 40.289865597417517 ], [ 107.628672358642973, 40.288824118614201 ], [ 107.629153384766269, 40.28775788763754 ], [ 107.629542158949235, 40.286671198874608 ], [ 107.629837119563575, 40.285568428903375 ], [ 107.63003708298055, 40.284454018855747 ], [ 107.630141248271286, 40.283332456524107 ], [ 107.630149200363547, 40.282208258283148 ], [ 107.630118521458954, 40.281665169948518 ], [ 107.630044080172169, 40.280701448693449 ], [ 107.630183848799447, 40.280391598142245 ], [ 107.63057256883323, 40.279304914137832 ], [ 107.630867484468197, 40.278202149758123 ], [ 107.631067412255817, 40.27708774611235 ], [ 107.631119866877469, 40.276646881393923 ], [ 107.63119595037422, 40.275901038576279 ], [ 107.631247633678782, 40.275220348609942 ], [ 107.631255567988504, 40.274096159115047 ], [ 107.631167272125353, 40.272973861254563 ], [ 107.630983106000272, 40.271857973922053 ], [ 107.630703815459796, 40.270752989980402 ], [ 107.63062205385792, 40.270487734311246 ], [ 107.630390188524004, 40.269761236316377 ], [ 107.630098669356187, 40.268936860254335 ], [ 107.629632902337462, 40.267866967259877 ], [ 107.629076526478826, 40.26682112001788 ], [ 107.62843178532799, 40.265803528593231 ], [ 107.62770127784195, 40.264818289122651 ], [ 107.627349333072004, 40.264391240949578 ], [ 107.626837843804907, 40.263789853323878 ], [ 107.626376466008267, 40.263267978256842 ], [ 107.625483604041705, 40.262359190674609 ], [ 107.624514793421611, 40.261494197551237 ], [ 107.623473936016055, 40.260676480191584 ], [ 107.622365223246021, 40.259909329510918 ], [ 107.62119311920398, 40.259195832811379 ], [ 107.619962342682939, 40.258538861379101 ], [ 107.618677848189918, 40.257941058949413 ], [ 107.617344806017812, 40.257404831088735 ], [ 107.616030889285739, 40.256953727947604 ], [ 107.61607587509674, 40.256884638724323 ], [ 107.616647133877791, 40.255843244318484 ], [ 107.617128118645141, 40.25477709040922 ], [ 107.617516896160353, 40.25369047107241 ], [ 107.617811904778065, 40.252587762605806 ], [ 107.618011960672135, 40.251473405893101 ], [ 107.618116262537185, 40.250351888511908 ], [ 107.618124394746985, 40.249227726655789 ], [ 107.618036328957515, 40.248105446946234 ], [ 107.617852424150612, 40.246989568204462 ], [ 107.617573425117797, 40.245884583259546 ], [ 107.617406026765735, 40.245359315756779 ], [ 107.617143658110123, 40.244588711085207 ], [ 107.616881637542548, 40.243822530259962 ], [ 107.616682354349436, 40.243276548124733 ], [ 107.6162169447352, 40.242206634799864 ], [ 107.615660953478368, 40.241160757552905 ], [ 107.615016622576206, 40.240143126570977 ], [ 107.614286549332832, 40.239157838151741 ], [ 107.613473675855232, 40.238208858230564 ], [ 107.612581277168502, 40.237300006434502 ], [ 107.611612947998481, 40.236434940727925 ], [ 107.610572588275318, 40.235617142709614 ], [ 107.609464387417177, 40.234849903621267 ], [ 107.608292807456351, 40.234136311122768 ], [ 107.608095262114659, 40.234030729013718 ], [ 107.60692319283315, 40.233316775305141 ], [ 107.605692976376858, 40.232659688998432 ], [ 107.604409049357514, 40.232061764510355 ], [ 107.603076579785679, 40.231525407899852 ], [ 107.601700930649542, 40.231052777422519 ], [ 107.600287638358509, 40.230645774863284 ], [ 107.598842390495875, 40.230306037900235 ], [ 107.597371002969581, 40.230034933529026 ], [ 107.595879396650275, 40.229833552574604 ], [ 107.594373573593813, 40.229702705312064 ], [ 107.592859592938595, 40.229642918213798 ], [ 107.591722418134566, 40.229644866616304 ], [ 107.589454885681945, 40.229688747681699 ], [ 107.589076013603446, 40.229698306485709 ], [ 107.58756399827017, 40.229781048900747 ], [ 107.586062099224947, 40.229934712863553 ], [ 107.584576359850573, 40.230158680096103 ], [ 107.583112758645626, 40.23045204944264 ], [ 107.581677185215625, 40.230813640487348 ], [ 107.581277119492214, 40.23093589608748 ], [ 107.580301569392034, 40.23108291887074 ], [ 107.578837932775897, 40.231376241747988 ], [ 107.577402320325376, 40.231737787277865 ], [ 107.576000509256119, 40.232166100706664 ], [ 107.574638141044559, 40.232659458596778 ], [ 107.574529961641062, 40.232705148584643 ], [ 107.574465077814949, 40.232555754363801 ], [ 107.573909752708019, 40.23150971347502 ], [ 107.573266083508514, 40.230491891045332 ], [ 107.572536664858092, 40.229506384144607 ], [ 107.571724436230355, 40.228557159589229 ], [ 107.57083267005666, 40.227648037992694 ], [ 107.570383563404675, 40.227246435317795 ], [ 107.570113118751323, 40.226970717832657 ], [ 107.569145424575837, 40.226105353601916 ], [ 107.568105682684021, 40.225287233747146 ], [ 107.566998080009682, 40.224519650806727 ], [ 107.565827076180554, 40.223805693825717 ], [ 107.564597385565065, 40.223148235945359 ], [ 107.563313958303709, 40.222549922861496 ], [ 107.561981960398228, 40.222013162197847 ], [ 107.560606752941382, 40.221540113836767 ], [ 107.559193870567555, 40.221132681245308 ], [ 107.557748999213004, 40.220792503832605 ], [ 107.556277953272058, 40.220520950366804 ], [ 107.555805015244857, 40.220456943514947 ], [ 107.555485187794787, 40.220349374680218 ], [ 107.555162080583884, 40.220247338764842 ], [ 107.554835867635688, 40.220150890719104 ], [ 107.554506724644284, 40.220060082483613 ], [ 107.554174828879738, 40.219974962961473 ], [ 107.553840359092675, 40.219895577992176 ], [ 107.553503495418056, 40.219821970326841 ], [ 107.552957295715004, 40.21969504939289 ], [ 107.552318246675, 40.219553782199277 ], [ 107.550847245518483, 40.219282169381522 ], [ 107.549355984473223, 40.219080272240042 ], [ 107.547850464207173, 40.218948903127142 ], [ 107.547070868875153, 40.218908919899022 ], [ 107.545470780170888, 40.218846322494933 ], [ 107.54505950147967, 40.218832863829427 ], [ 107.544647971216719, 40.218824661588954 ], [ 107.544236311507504, 40.218821718207472 ], [ 107.54382464451588, 40.218824034558395 ], [ 107.543413092407889, 40.218831609954307 ], [ 107.543001777315524, 40.218844442147351 ], [ 107.542590821300607, 40.21886252732957 ], [ 107.539630324337153, 40.219011767736923 ], [ 107.538748479370895, 40.219068397745573 ], [ 107.5372466971629, 40.219221512586124 ], [ 107.53576102567007, 40.219444935867799 ], [ 107.534297443117083, 40.219737768623389 ], [ 107.532861839033558, 40.220098832595752 ], [ 107.531459990599814, 40.220526674968745 ], [ 107.530097539441201, 40.221019574199687 ], [ 107.529969792835374, 40.221073480116651 ], [ 107.529583749749378, 40.22103668455447 ], [ 107.529196789752334, 40.221005634791403 ], [ 107.528809068319546, 40.220980343302067 ], [ 107.528420741231812, 40.220960820247853 ], [ 107.528031964512778, 40.220947073472438 ], [ 107.52764289436638, 40.220939108498861 ], [ 107.527253687114367, 40.220936928527095 ], [ 107.52686449913341, 40.22094053443309 ], [ 107.524750738129427, 40.220958269344337 ], [ 107.524310953736602, 40.220964466102409 ], [ 107.52387140989957, 40.220976905726694 ], [ 107.523432267723834, 40.22099558365796 ], [ 107.522993688167901, 40.221020493050467 ], [ 107.522555831984477, 40.221051624774724 ], [ 107.522118859661731, 40.221088967420549 ], [ 107.521682931364552, 40.221132507301441 ], [ 107.521248206875882, 40.221182228459405 ], [ 107.520814845538482, 40.221238112671095 ], [ 107.520028271311347, 40.221170029658225 ], [ 107.517363948755929, 40.221005136460583 ], [ 107.516446332160697, 40.220969202222591 ], [ 107.516342186885112, 40.220455936651355 ], [ 107.516331657012771, 40.220404553632207 ], [ 107.516054282526511, 40.219299385696416 ], [ 107.51568295412666, 40.218209488676358 ], [ 107.515219170891697, 40.217139250373542 ], [ 107.514664803886987, 40.216092979243633 ], [ 107.514022088573739, 40.215074887063494 ], [ 107.513293615755558, 40.21408907199131 ], [ 107.512482321100833, 40.213139502086378 ], [ 107.511591473284227, 40.212229999354577 ], [ 107.510624660794278, 40.211364224383857 ], [ 107.509585777462505, 40.210545661631414 ], [ 107.508479006770628, 40.209777605419944 ], [ 107.507308805001273, 40.209063146701055 ], [ 107.506079883299179, 40.208405160636929 ], [ 107.504797188713638, 40.207806295050503 ], [ 107.50346588430213, 40.207268959790191 ], [ 107.50209132836973, 40.206795317051615 ], [ 107.500679052932938, 40.206387272694798 ], [ 107.49923474148855, 40.206046468591182 ], [ 107.497764206180932, 40.205774276031519 ], [ 107.496273364456357, 40.205571790220155 ], [ 107.494768215297512, 40.205439825878351 ], [ 107.493254815134037, 40.205378913973568 ], [ 107.491739253524443, 40.205389299587893 ], [ 107.490227628705057, 40.20547094093439 ], [ 107.489965493645443, 40.205492401505069 ], [ 107.489058107060117, 40.205570446848164 ], [ 107.488871245648113, 40.205554054457053 ], [ 107.488371845772377, 40.205533934286876 ], [ 107.488187138515386, 40.205490332069715 ], [ 107.486716655161331, 40.205218018287475 ], [ 107.485225855087918, 40.205015409540941 ], [ 107.483720737110545, 40.204883321045919 ], [ 107.482207357533724, 40.20482228426949 ], [ 107.480957610949176, 40.204825585216412 ], [ 107.479696004571636, 40.204853397621221 ], [ 107.479251815563657, 40.204865926188461 ], [ 107.478808034451802, 40.204884801128735 ], [ 107.478364826009937, 40.204910015434209 ], [ 107.477922354799716, 40.204941559743339 ], [ 107.477480785109677, 40.204979422344536 ], [ 107.477040280894286, 40.205023589180186 ], [ 107.476601005713235, 40.205074043852051 ], [ 107.476163122670783, 40.205130767627416 ], [ 107.475726794355509, 40.205193739445825 ], [ 107.475292182779683, 40.20526293592706 ], [ 107.474927084032458, 40.20523166538846 ], [ 107.474561149862737, 40.20520633112325 ], [ 107.474194555675709, 40.205186945274427 ], [ 107.473827477192387, 40.205173517134078 ], [ 107.47346009036562, 40.20516605313847 ], [ 107.473092571295822, 40.205164556865135 ], [ 107.472725096146718, 40.205169029031381 ], [ 107.472357841060955, 40.205179467493579 ], [ 107.463371165712005, 40.205349615912198 ], [ 107.463008262762273, 40.205358521938749 ], [ 107.461496606786866, 40.205439838824411 ], [ 107.459994942359501, 40.205592085099255 ], [ 107.458509311918363, 40.205814648189005 ], [ 107.457045693521394, 40.206106632587158 ], [ 107.456334393059436, 40.206285104953288 ], [ 107.455882418165871, 40.206309397020625 ], [ 107.454380724400593, 40.206461580437178 ], [ 107.452895059450512, 40.206684081398343 ], [ 107.451431401512679, 40.206976004647665 ], [ 107.450230611524404, 40.207277232691361 ], [ 107.449888029979462, 40.207117088116284 ], [ 107.448557138925636, 40.206579207191737 ], [ 107.447182949272985, 40.206105000996907 ], [ 107.445770991566462, 40.205696377659336 ], [ 107.444326948027211, 40.205354981380566 ], [ 107.44285662972365, 40.205082185834115 ], [ 107.441365953230473, 40.204879088650841 ], [ 107.439860916866905, 40.204746507011919 ], [ 107.438347576609743, 40.20468497436854 ], [ 107.437210784527309, 40.204685610506893 ], [ 107.435177107846258, 40.204722631201825 ], [ 107.434798344653089, 40.20473175324107 ], [ 107.433286670456368, 40.204812751498473 ], [ 107.431784960555873, 40.204964681206157 ], [ 107.430299257571974, 40.205186931063487 ], [ 107.429827543699602, 40.205280931714 ], [ 107.42888377239187, 40.205242489154436 ], [ 107.427746971626547, 40.20524304491996 ], [ 107.425945148660091, 40.205275718854089 ], [ 107.42556638148011, 40.205284814774977 ], [ 107.424054685782139, 40.205365708814512 ], [ 107.42255294556422, 40.205517535027944 ], [ 107.42106720356874, 40.20573968253121 ], [ 107.419603438301621, 40.206031257490004 ], [ 107.41817772446403, 40.20638694423662 ], [ 107.417730463515383, 40.206346659224209 ], [ 107.417282208336545, 40.206312999255019 ], [ 107.416833137263126, 40.206285977719759 ], [ 107.416383428954845, 40.206265605368145 ], [ 107.415933262324288, 40.206251890304692 ], [ 107.415482816466096, 40.206244837985636 ], [ 107.415032270585755, 40.206244451216492 ], [ 107.414581803928428, 40.206250730151162 ], [ 107.4141315957079, 40.206263672291676 ], [ 107.413681825035241, 40.206283272489479 ], [ 107.41323267084789, 40.20630952294713 ], [ 107.409723285143116, 40.206532476670091 ], [ 107.40889477475946, 40.206459296601984 ], [ 107.407381425255082, 40.206397413765785 ], [ 107.405865831147707, 40.206406827103564 ], [ 107.404354090804603, 40.206487498740259 ], [ 107.403973317353788, 40.20651913895145 ], [ 107.402354668627538, 40.206663386601136 ], [ 107.401916939172494, 40.206705438437275 ], [ 107.401480331612149, 40.206753480898492 ], [ 107.401044994940747, 40.206807497591079 ], [ 107.400611077719702, 40.20686747008282 ], [ 107.400178728027115, 40.206933377909067 ], [ 107.399748093407297, 40.207005198579822 ], [ 107.399319320820496, 40.207082907587285 ], [ 107.398892556592898, 40.207166478414294 ], [ 107.397670021110073, 40.207414856290427 ], [ 107.396722622561725, 40.207515421645326 ], [ 107.395236762378588, 40.207737282854829 ], [ 107.393772855169345, 40.208028575888342 ], [ 107.392336791765501, 40.20838812868417 ], [ 107.390934351190808, 40.208814494506612 ], [ 107.390280394996921, 40.209050267001082 ], [ 107.389382854586188, 40.209184237827309 ], [ 107.387918895454106, 40.209475467238398 ], [ 107.386482775248524, 40.209834957721959 ], [ 107.385080273221263, 40.210261262793303 ], [ 107.383717033621082, 40.210752667095761 ], [ 107.382398543016137, 40.211307193288491 ], [ 107.381130108245515, 40.211922609986459 ], [ 107.37991683508676, 40.212596440721384 ], [ 107.378763607725077, 40.213325973887827 ], [ 107.377768925049494, 40.214040823191333 ], [ 107.377401533805852, 40.214130662019635 ], [ 107.377036825003145, 40.214226324327925 ], [ 107.376674966436866, 40.214327766108298 ], [ 107.376316124593188, 40.214434940693792 ], [ 107.375960464572557, 40.214547798779869 ], [ 107.375608150013917, 40.214666288447297 ], [ 107.375259343019195, 40.214790355185649 ], [ 107.374571423367186, 40.215032926290121 ], [ 107.373712340038139, 40.215351706046498 ], [ 107.372393691729101, 40.215906136101694 ], [ 107.371125094105651, 40.216521460666762 ], [ 107.369911653600099, 40.217195203644479 ], [ 107.369556451030292, 40.217409960037465 ], [ 107.368949820167998, 40.217783966083218 ], [ 107.368611160432721, 40.217996268392739 ], [ 107.368278001539366, 40.218213305189551 ], [ 107.367950463852111, 40.218434998097123 ], [ 107.367628665708281, 40.218661267056817 ], [ 107.367312723375719, 40.218892030356692 ], [ 107.367002751010574, 40.219127204660886 ], [ 107.366698860616324, 40.219366705039739 ], [ 107.366401162003029, 40.219610445000534 ], [ 107.366109762747868, 40.219858336518257 ], [ 107.365824768156216, 40.220110290067907 ], [ 107.365546281223388, 40.220366214656423 ], [ 107.365274402597592, 40.220626017855579 ], [ 107.364880489896791, 40.220727450356712 ], [ 107.364489334286034, 40.220834590673675 ], [ 107.364101086134795, 40.220947397624336 ], [ 107.363715894696909, 40.221065827848172 ], [ 107.363333908053264, 40.221189835823211 ], [ 107.362955273054993, 40.221319373882828 ], [ 107.362580135267251, 40.221454392234918 ], [ 107.36220863891316, 40.221594838980202 ], [ 107.361840926818417, 40.221740660132689 ], [ 107.361477140356556, 40.221891799640076 ], [ 107.360991316818271, 40.222066794207578 ], [ 107.359672452440279, 40.222621102474861 ], [ 107.358403632789049, 40.223236310393645 ], [ 107.357189965189534, 40.223909942336711 ], [ 107.356036335412881, 40.224639287499564 ], [ 107.354947388023078, 40.225421410789131 ], [ 107.354357774598952, 40.225902267636442 ], [ 107.353941723750552, 40.226201079185671 ], [ 107.352921821249595, 40.227032825965424 ], [ 107.351975093058883, 40.227910856422639 ], [ 107.351105352286424, 40.228831636740729 ], [ 107.350316102574325, 40.229791460902085 ], [ 107.349610523966888, 40.230786465584856 ], [ 107.348991460073307, 40.231812645694156 ], [ 107.34846140657713, 40.232865870466007 ], [ 107.348022501140761, 40.233941900079373 ], [ 107.3476765147431, 40.235036402710406 ], [ 107.347424844490803, 40.236144971959234 ], [ 107.347268507928518, 40.237263144580481 ], [ 107.347248406173122, 40.237491784745586 ], [ 107.347202750789421, 40.238068506369757 ], [ 107.347162482620604, 40.23896314054786 ], [ 107.347198328130474, 40.240086993399473 ], [ 107.347330249432247, 40.241206899200144 ], [ 107.347557719659633, 40.242318348182323 ], [ 107.347651459701083, 40.242638042886583 ], [ 107.347639890032141, 40.242853326023912 ], [ 107.347675744726573, 40.243977182915145 ], [ 107.347807680265831, 40.24509709240003 ], [ 107.348035169726856, 40.246208544695982 ], [ 107.348357301293348, 40.247307063859523 ], [ 107.348772781859836, 40.248388225817266 ], [ 107.349279942174249, 40.249447676191693 ], [ 107.349703209860635, 40.250198760446253 ], [ 107.350842802198642, 40.252097045708496 ], [ 107.351016344685775, 40.252379432148231 ], [ 107.351163171300399, 40.252608603694355 ], [ 107.351322284955785, 40.252852430682431 ], [ 107.351562865913408, 40.253354935359553 ], [ 107.352159730985264, 40.254388400708343 ], [ 107.352843840696636, 40.255391723053236 ], [ 107.353612442990794, 40.256360860963277 ], [ 107.354284281464686, 40.257107025454772 ], [ 107.354553534241361, 40.25739025821521 ], [ 107.354731699258437, 40.257575142988557 ], [ 107.355358363804967, 40.258188223913628 ], [ 107.355651236369738, 40.258462178966028 ], [ 107.355931374506326, 40.258718890981257 ], [ 107.355653468969706, 40.259554845955158 ], [ 107.355401835038052, 40.260663456162362 ], [ 107.355245567604243, 40.261781664298383 ], [ 107.355185300211716, 40.262904968092244 ], [ 107.355221279925289, 40.264028844535297 ], [ 107.355229730681927, 40.264135821772875 ], [ 107.355313907932171, 40.265148876861055 ], [ 107.355322880092984, 40.265222385046854 ], [ 107.355283297325059, 40.265960141177331 ], [ 107.355289302834578, 40.266523722107969 ], [ 107.35534463714545, 40.268246134687509 ], [ 107.355359851573553, 40.268586078375151 ], [ 107.355384219872192, 40.268925729346549 ], [ 107.355417732456175, 40.26926495223411 ], [ 107.35546037609528, 40.269603611838825 ], [ 107.355512133919461, 40.269941573184219 ], [ 107.355572985425255, 40.270278701570057 ], [ 107.355642906483965, 40.270614862626253 ], [ 107.355721869350845, 40.270949922366164 ], [ 107.354774653556177, 40.271790107994974 ], [ 107.353946498963126, 40.272563865766983 ], [ 107.353076254985382, 40.273484698214574 ], [ 107.352286551954833, 40.274444574999137 ], [ 107.35158057174344, 40.275439632589574 ], [ 107.351097174336047, 40.27622493935192 ], [ 107.350730930812432, 40.276860474186911 ], [ 107.350594913683011, 40.277101400291201 ], [ 107.350064556833928, 40.278154677103593 ], [ 107.349625404645678, 40.279230758672718 ], [ 107.349279229095728, 40.280325312967179 ], [ 107.3490274280569, 40.281433933380086 ], [ 107.34887101960571, 40.282552156461314 ], [ 107.348851444939186, 40.282916321136511 ], [ 107.348468792392879, 40.283032401452907 ], [ 107.34796394064719, 40.283204842102862 ], [ 107.347275292413613, 40.283447288769665 ], [ 107.346415305646829, 40.283765909326199 ], [ 107.345095225239078, 40.284320106730398 ], [ 107.34382521944768, 40.284935212828806 ], [ 107.34261040036948, 40.285608752407711 ], [ 107.341455658408975, 40.286338015038311 ], [ 107.340365642606017, 40.287120065963812 ], [ 107.339344741927405, 40.287951757888891 ], [ 107.338397067595864, 40.288829743624547 ], [ 107.337526436529856, 40.289750489538108 ], [ 107.336736355957555, 40.290710289754536 ], [ 107.336030009271241, 40.291705281052216 ], [ 107.335874539592908, 40.291962702742772 ], [ 107.335771720686139, 40.292046454135779 ], [ 107.335448018620795, 40.292278659110252 ], [ 107.334796712893592, 40.292796807213747 ], [ 107.334370448757383, 40.293149804832566 ], [ 107.334000723012267, 40.293463314279613 ], [ 107.33305291387957, 40.294341266915353 ], [ 107.332182150675592, 40.29526198303143 ], [ 107.331391941160689, 40.296221756873216 ], [ 107.331265837589868, 40.296399358571811 ], [ 107.330839475321497, 40.296465764167749 ], [ 107.330414912221087, 40.296538222089275 ], [ 107.329992304780632, 40.296616705631067 ], [ 107.329571808772812, 40.296701185866645 ], [ 107.329153579193658, 40.296791631659424 ], [ 107.328737770205322, 40.296888009673879 ], [ 107.328324535079688, 40.296990284387903 ], [ 107.327914026141741, 40.297098418105996 ], [ 107.327506394713538, 40.297212370972836 ], [ 107.32710179105861, 40.297332100988314 ], [ 107.326700364326541, 40.297457564022586 ], [ 107.326317555146929, 40.297579401251532 ], [ 107.326003727460858, 40.297681261526407 ], [ 107.324638472973376, 40.298172105207406 ], [ 107.323317969938657, 40.298726095795097 ], [ 107.322047533289407, 40.299341004065028 ], [ 107.320832276855029, 40.300014355600645 ], [ 107.319677092798528, 40.300743440731068 ], [ 107.318586631937961, 40.301525325414971 ], [ 107.318360795709395, 40.301700238828268 ], [ 107.31780690372139, 40.302135139998384 ], [ 107.317523176167029, 40.302361438618483 ], [ 107.317245109779051, 40.302591561738424 ], [ 107.316972798519544, 40.302825431643534 ], [ 107.316706334409687, 40.303062969353093 ], [ 107.316445807498624, 40.303304094646812 ], [ 107.316191305832788, 40.303548726091975 ], [ 107.31594291542639, 40.3037967810711 ], [ 107.315392331339169, 40.303606357601602 ], [ 107.31397923522853, 40.303196306171287 ], [ 107.31253389033327, 40.302853456410517 ], [ 107.311062112959092, 40.302579187838049 ], [ 107.309569825551193, 40.302374604008847 ], [ 107.308063032908706, 40.302240528083772 ], [ 107.307511531345938, 40.302217589510136 ], [ 107.30728974671149, 40.302127758271212 ], [ 107.305914684026106, 40.301652058776838 ], [ 107.304501678313329, 40.301241908200282 ], [ 107.303056416014115, 40.300898956884971 ], [ 107.301584713102514, 40.300624584758211 ], [ 107.30063232652472, 40.300493947323623 ], [ 107.299980375256453, 40.299908253195142 ], [ 107.298942588098882, 40.299087987984414 ], [ 107.29783668734639, 40.298318126663894 ], [ 107.296667125796603, 40.297601767447318 ], [ 107.295438612032655, 40.296941793142437 ], [ 107.294156091475728, 40.29634085957025 ], [ 107.292824726494572, 40.2958013848978 ], [ 107.29144987564851, 40.29532553992636 ], [ 107.290037072148749, 40.294915239374411 ], [ 107.288592001623257, 40.29457213418884 ], [ 107.287120479275373, 40.294297604916537 ], [ 107.285628426525193, 40.294092756161916 ], [ 107.284121847228519, 40.293958412151724 ], [ 107.283976469807456, 40.29394923405885 ], [ 107.28198605752408, 40.293828087668885 ], [ 107.281530777317855, 40.293803611514193 ], [ 107.281074949692453, 40.293785576633312 ], [ 107.2806187406226, 40.293773989592744 ], [ 107.280162316221791, 40.293768854611379 ], [ 107.279705842681508, 40.293770173558713 ], [ 107.279249486211285, 40.293777945954609 ], [ 107.278793412978075, 40.293792168969148 ], [ 107.278337789045821, 40.293812837423708 ], [ 107.27788278031538, 40.293839943793053 ], [ 107.277428552464031, 40.29387347820763 ], [ 107.276975270885202, 40.293913428457742 ], [ 107.274995394536546, 40.294102122322521 ], [ 107.274101582312227, 40.294200048118128 ], [ 107.272613602174232, 40.294420566329137 ], [ 107.271147485116231, 40.294710542162612 ], [ 107.269709130854011, 40.29506880885981 ], [ 107.268304327620754, 40.29549392486372 ], [ 107.2669387289166, 40.295984179606741 ], [ 107.265617830794682, 40.296537600378848 ], [ 107.264346949774207, 40.297151960248755 ], [ 107.263131201469406, 40.297824787007201 ], [ 107.261975480019004, 40.298553373095565 ], [ 107.26086520520802, 40.299349497957657 ], [ 107.260568262083481, 40.299577120741944 ], [ 107.259584753903354, 40.300378791876994 ], [ 107.258635967584041, 40.30125622383126 ], [ 107.257764191128871, 40.302176462327594 ], [ 107.256972936371994, 40.303135803535767 ], [ 107.256265391428101, 40.304130386084509 ], [ 107.25609725258974, 40.304408142427121 ], [ 107.255330131020386, 40.304957458396608 ], [ 107.254308021421195, 40.305788516549676 ], [ 107.253359102353159, 40.306665915772868 ], [ 107.252487195739647, 40.307586124797183 ], [ 107.251695813938881, 40.308545439911391 ], [ 107.250988145576798, 40.30953999984964 ], [ 107.250367042675407, 40.310565801314134 ], [ 107.249835009128645, 40.31161871507171 ], [ 107.249394190572886, 40.31269450255985 ], [ 107.249046365693658, 40.313788832935302 ], [ 107.248792939005057, 40.314897300497194 ], [ 107.248634935130227, 40.316015442414695 ], [ 107.248572994608992, 40.317138756687953 ], [ 107.248607371248923, 40.318262720270027 ], [ 107.248737931032949, 40.319382807277556 ], [ 107.248780740634686, 40.319635079253807 ], [ 107.249122566768008, 40.321538852933259 ], [ 107.249305987465746, 40.322398282032864 ], [ 107.24962697751171, 40.323497119197611 ], [ 107.250041436525976, 40.324578666736691 ], [ 107.25054769938194, 40.325638568720386 ], [ 107.251143730968323, 40.326672556196506 ], [ 107.251827134328082, 40.32767646439796 ], [ 107.25218791565726, 40.328132026032712 ], [ 107.25132016851903, 40.328260425491976 ], [ 107.251200936804992, 40.328281239425273 ], [ 107.250507699406228, 40.32840364169634 ], [ 107.250086219512212, 40.328481059115575 ], [ 107.249666705542523, 40.328564127515889 ], [ 107.249249295616167, 40.328652819550932 ], [ 107.248834127161103, 40.328747106022888 ], [ 107.248421336868716, 40.32884695589221 ], [ 107.248011060649176, 40.32895233628755 ], [ 107.24760343358659, 40.329063212516907 ], [ 107.247198589894737, 40.329179548078642 ], [ 107.246796662872811, 40.329301304673692 ], [ 107.245696741192518, 40.3296431596902 ], [ 107.24528553168372, 40.329774275541062 ], [ 107.244877999315904, 40.329911544211612 ], [ 107.244474311935505, 40.330054909175978 ], [ 107.244074635808261, 40.330204311397459 ], [ 107.243679135551048, 40.330359689352939 ], [ 107.243287974064131, 40.330520979057958 ], [ 107.242901312464141, 40.330688114093313 ], [ 107.24250061895728, 40.330580849780937 ], [ 107.242097240343909, 40.330479255337863 ], [ 107.241691322892507, 40.330383367598706 ], [ 107.24128301379028, 40.330293221328795 ], [ 107.240872461090063, 40.330208849211793 ], [ 107.240459813656472, 40.330130281837626 ], [ 107.240045221112098, 40.330057547691595 ], [ 107.239628833783499, 40.32999067314411 ], [ 107.239210802646596, 40.329929682441012 ], [ 107.23879127927222, 40.32987459769474 ], [ 107.238239648595297, 40.329650875698555 ], [ 107.236864518261299, 40.329174455016322 ], [ 107.235451369155385, 40.328763565449904 ], [ 107.234005888297574, 40.328419860315229 ], [ 107.232627333199062, 40.328162188549953 ], [ 107.232434107741241, 40.327854271176278 ], [ 107.231987689555424, 40.327229510346974 ], [ 107.231718796883413, 40.326870692562039 ], [ 107.231439406401179, 40.326508002288676 ], [ 107.230630515042648, 40.325556625098287 ], [ 107.229741795555668, 40.324645151775762 ], [ 107.228776827886719, 40.323777250840131 ], [ 107.227739498465851, 40.322956415303501 ], [ 107.226633984543696, 40.322185948633631 ], [ 107.225464737366451, 40.321468951480163 ], [ 107.224236464256634, 40.320808309217426 ], [ 107.222954109671917, 40.320206680353749 ], [ 107.221622835317234, 40.319666485853347 ], [ 107.220247999390637, 40.31918989941348 ], [ 107.220081094954026, 40.319137308673625 ], [ 107.219325495934257, 40.318901721366181 ], [ 107.218079543702089, 40.318543244487543 ], [ 107.216634344979397, 40.31819935550908 ], [ 107.215162618848552, 40.31792402979935 ], [ 107.213670287550485, 40.317718375166557 ], [ 107.21216335606249, 40.317583219079758 ], [ 107.21206906753423, 40.317577141730709 ], [ 107.211344460782271, 40.317531504641934 ], [ 107.21091290315492, 40.317506860444887 ], [ 107.210480788814792, 40.317488326093674 ], [ 107.210048275401093, 40.3174759083495 ], [ 107.209615520698534, 40.31746961174219 ], [ 107.209182682579396, 40.317469438568708 ], [ 107.208749918946509, 40.317475388892241 ], [ 107.208317387675578, 40.317487460542168 ], [ 107.207885246557638, 40.317505649114842 ], [ 107.207453653241743, 40.317529947975281 ], [ 107.20708889616607, 40.317493272184215 ], [ 107.206723229074484, 40.317461960472166 ], [ 107.20635679572959, 40.317436025148709 ], [ 107.205989740194795, 40.317415476409984 ], [ 107.205622206777647, 40.317400322334301 ], [ 107.205254339973223, 40.317390568879134 ], [ 107.204886284407607, 40.317386219879019 ], [ 107.203740442603632, 40.317283374750126 ], [ 107.20222498805532, 40.317219165810968 ], [ 107.200707086635646, 40.317226257015498 ], [ 107.199192845988847, 40.317304619832115 ], [ 107.198252949757233, 40.317389457295064 ], [ 107.197404526933965, 40.317478686322268 ], [ 107.19696740498982, 40.317527294727178 ], [ 107.196531619623428, 40.31758209369108 ], [ 107.196097330608794, 40.317643063124144 ], [ 107.195664697172532, 40.317710180674339 ], [ 107.195233877935436, 40.317783421735555 ], [ 107.194805030854567, 40.317862759456816 ], [ 107.194378313165345, 40.317948164751783 ], [ 107.193953881324148, 40.318039606309611 ], [ 107.193531890950993, 40.318137050606296 ], [ 107.193112496772372, 40.318240461917092 ], [ 107.192170820136994, 40.317662589960136 ], [ 107.190942909804434, 40.317001645143257 ], [ 107.18966089407941, 40.316399700070569 ], [ 107.188329933305283, 40.315859176979274 ], [ 107.186955384420216, 40.315382250889279 ], [ 107.185542779425148, 40.314970840868909 ], [ 107.184071268656396, 40.314621631426505 ], [ 107.183565583635598, 40.314386534175327 ], [ 107.182374460527242, 40.313653525850214 ], [ 107.181146705195033, 40.312992493893837 ], [ 107.179864839559585, 40.312390457495859 ], [ 107.178534023361095, 40.311849839261384 ], [ 107.17715961295643, 40.311372814593526 ], [ 107.175747139789877, 40.310961302957367 ], [ 107.174302288164967, 40.310616960172879 ], [ 107.172990509013232, 40.310371093436231 ], [ 107.171641166696745, 40.309977921395252 ], [ 107.170196353620369, 40.309633534681275 ], [ 107.168724972939927, 40.309357701465842 ], [ 107.167232945508317, 40.309151531599582 ], [ 107.16572627508188, 40.309015854624896 ], [ 107.165333673511782, 40.309003164298105 ], [ 107.165318489916274, 40.308706379740364 ], [ 107.165252328490141, 40.308214155865691 ], [ 107.164900327557419, 40.305920530513447 ], [ 107.164846084308905, 40.305594098737785 ], [ 107.164783670614199, 40.305268469171665 ], [ 107.164713108088563, 40.304943754021714 ], [ 107.164634421154247, 40.304620065177886 ], [ 107.164547637032157, 40.304297514174991 ], [ 107.16445278573201, 40.30397621215409 ], [ 107.164349900042041, 40.303656269824415 ], [ 107.16358562920361, 40.301373740671082 ], [ 107.163386097383466, 40.300816738676808 ], [ 107.162926922998111, 40.299745201769994 ], [ 107.162376948744651, 40.298697395430167 ], [ 107.161738392424553, 40.297677537621325 ], [ 107.161013828124737, 40.296689733615366 ], [ 107.160206175807204, 40.295737959481997 ], [ 107.15931868951273, 40.294826046103353 ], [ 107.158354944226772, 40.293957663772929 ], [ 107.157318821462908, 40.293136307443767 ], [ 107.156214493618776, 40.292365282682688 ], [ 107.155209375385581, 40.291747810037783 ], [ 107.15494550554854, 40.291487369478666 ], [ 107.154674462104126, 40.291231005188131 ], [ 107.154396359792713, 40.290978825618808 ], [ 107.154111316337136, 40.290730937452139 ], [ 107.153819452393122, 40.290487445552621 ], [ 107.153520891498118, 40.290248452924097 ], [ 107.153215760018853, 40.290014060665939 ], [ 107.152904187098002, 40.289784367930586 ], [ 107.152586304599467, 40.289559471881311 ], [ 107.152133205795494, 40.289093793837871 ], [ 107.151169620440399, 40.28822536466658 ], [ 107.150133658651285, 40.287403957353206 ], [ 107.149029492178499, 40.286632877670321 ], [ 107.1478615668495, 40.285915228738041 ], [ 107.14674124150396, 40.285311386342002 ], [ 107.14655042558563, 40.285086634438755 ], [ 107.146352232825464, 40.284865415495545 ], [ 107.146146782363715, 40.284647862418474 ], [ 107.145934197697954, 40.284434105910023 ], [ 107.145714606608394, 40.28422427439056 ], [ 107.145488141081444, 40.284018493921195 ], [ 107.145244906206727, 40.283768451918064 ], [ 107.144281471925453, 40.282899977695827 ], [ 107.143245662044279, 40.282078521367588 ], [ 107.142141647702132, 40.281307388903649 ], [ 107.14097387411482, 40.280589683637125 ], [ 107.140502836772001, 40.280335748165243 ], [ 107.140435914843295, 40.280289140901054 ], [ 107.13926817406039, 40.279571421474643 ], [ 107.138041374940897, 40.278910016666146 ], [ 107.136760456016177, 40.278307588056023 ], [ 107.13543057321894, 40.27776655983007 ], [ 107.134057079153479, 40.277289109043316 ], [ 107.132645501579603, 40.276877156877504 ], [ 107.131300791673922, 40.276556065487675 ], [ 107.130985527443414, 40.276424987444038 ], [ 107.130666781592623, 40.276298618415105 ], [ 107.130344682191023, 40.276177009166091 ], [ 107.130019358653215, 40.276060208549914 ], [ 107.129690941687315, 40.27594826348755 ], [ 107.129359563242133, 40.275841218949196 ], [ 107.129025356454591, 40.275739117936048 ], [ 107.128505098942128, 40.275579041716604 ], [ 107.127388763922369, 40.275259582574797 ], [ 107.125947330224804, 40.274911823660076 ], [ 107.125148214277857, 40.27453179561428 ], [ 107.123818485134493, 40.273990654102086 ], [ 107.122445136926757, 40.273513086017559 ], [ 107.121033696828547, 40.273101013014703 ], [ 107.119589844990216, 40.272756093174173 ], [ 107.118119391718423, 40.272479714345877 ], [ 107.116628254138064, 40.272272988577008 ], [ 107.115122432427782, 40.272136747647544 ], [ 107.114065307835077, 40.272078572641341 ], [ 107.1128786537043, 40.271347137888839 ], [ 107.111652228989144, 40.270685496721605 ], [ 107.110371669365307, 40.27008282062372 ], [ 107.109042129321907, 40.269541534777531 ], [ 107.107668960085093, 40.269063817275459 ], [ 107.106257688109395, 40.268651590372926 ], [ 107.104813992869481, 40.268306512770181 ], [ 107.103343684042684, 40.268029972952036 ], [ 107.101852678173259, 40.267823083613713 ], [ 107.100346974910579, 40.267686677193439 ], [ 107.098832632916327, 40.267621302530905 ], [ 107.097663030390791, 40.26761956954536 ], [ 107.093178617112457, 40.267694154736851 ], [ 107.092831331441616, 40.267701796230476 ], [ 107.091870450700156, 40.267750777970981 ], [ 107.090654295918341, 40.267581919408897 ], [ 107.089386205451973, 40.267466932300394 ], [ 107.08885307714003, 40.267138866592397 ], [ 107.087626938649308, 40.26647700818242 ], [ 107.086346649093841, 40.265874104893122 ], [ 107.085017361876979, 40.265332582821628 ], [ 107.083644427209151, 40.264854621011338 ], [ 107.08223337060231, 40.264442142701071 ], [ 107.080789870665541, 40.264096807602947 ], [ 107.079319736291751, 40.263820005238159 ], [ 107.077828883323861, 40.263612849358346 ], [ 107.076323310796937, 40.263476173474515 ], [ 107.074809076847401, 40.26341052751053 ], [ 107.07329227438818, 40.2634161755959 ], [ 107.071779006644888, 40.263493095005309 ], [ 107.070275362651032, 40.263640976249889 ], [ 107.068787392799905, 40.263859224319631 ], [ 107.067701425582271, 40.264065208655808 ], [ 107.066598912021547, 40.264294864463828 ], [ 107.066218568577057, 40.264376613767716 ], [ 107.064779812582287, 40.264732669689813 ], [ 107.063374407573605, 40.26515562412451 ], [ 107.062008009464066, 40.265643775201482 ], [ 107.060686117513754, 40.266195158675373 ], [ 107.059414052230011, 40.266807555812917 ], [ 107.058196933980483, 40.267478502303305 ], [ 107.057039662403881, 40.268205298155237 ], [ 107.055946896701428, 40.268985018541947 ], [ 107.054923036887658, 40.269814525550785 ], [ 107.053972206075599, 40.270690480790378 ], [ 107.053098233868255, 40.271609358805172 ], [ 107.052304640923154, 40.272567461243668 ], [ 107.05159462475207, 40.273560931724255 ], [ 107.050971046813729, 40.274585771337847 ], [ 107.050436420952067, 40.275637854727201 ], [ 107.050280578356563, 40.276015622550659 ], [ 107.050048677011858, 40.276340077228717 ], [ 107.049425053981594, 40.277364912395193 ], [ 107.048890385814616, 40.278416992437975 ], [ 107.048446828741049, 40.279492082155457 ], [ 107.048096172460689, 40.280585853518708 ], [ 107.047839832876605, 40.281693903083195 ], [ 107.047678846331863, 40.282811769707138 ], [ 107.047613865368461, 40.283934952505675 ], [ 107.047617517265437, 40.284498630354804 ], [ 107.047627687612817, 40.284862454669756 ], [ 107.047278963068678, 40.285707585582465 ], [ 107.046928259794058, 40.286801360468537 ], [ 107.046671880957334, 40.287909414466391 ], [ 107.046510863059765, 40.289027286416733 ], [ 107.046478258114306, 40.289404750781365 ], [ 107.046440938344148, 40.289923641005522 ], [ 107.046421149133451, 40.290258297891633 ], [ 107.046409903309396, 40.290593172273411 ], [ 107.046407205008876, 40.290928144436634 ], [ 107.046413055313408, 40.291263094630494 ], [ 107.046427452248153, 40.291597903110187 ], [ 107.046450390782866, 40.291932450179836 ], [ 107.046481862833232, 40.292266616235374 ], [ 107.046521857263755, 40.292600281807047 ], [ 107.046587584537804, 40.293095449157867 ], [ 107.046632975369036, 40.293408770226328 ], [ 107.046856061979909, 40.294520780738246 ], [ 107.047173905262781, 40.295620070442403 ], [ 107.047585229395921, 40.296702212171155 ], [ 107.048088381882295, 40.297762847609043 ], [ 107.048681340143659, 40.298797704857478 ], [ 107.049361719608882, 40.299802615653363 ], [ 107.050126783266236, 40.30077353217348 ], [ 107.050973452642666, 40.301706543356332 ], [ 107.0518983201639, 40.302597890674996 ], [ 107.052897662849574, 40.303443983297512 ], [ 107.053967457285253, 40.304241412573205 ], [ 107.054581405666241, 40.304644369766777 ], [ 107.055142347560604, 40.305623088405362 ], [ 107.055822878457121, 40.306627973081902 ], [ 107.056588098422338, 40.307598859175663 ], [ 107.057434928353402, 40.308531835747175 ], [ 107.058359960029648, 40.30942314440842 ], [ 107.059359469808868, 40.310269194482565 ], [ 107.060429433603744, 40.311066577489775 ], [ 107.061565543075034, 40.311812080899642 ], [ 107.062548214265405, 40.312378721964734 ], [ 107.062831428738178, 40.312620906728178 ], [ 107.063121147932975, 40.312858833590468 ], [ 107.063417255236999, 40.313092406730966 ], [ 107.06371963146141, 40.313321532081432 ], [ 107.064028154889343, 40.313546117364048 ], [ 107.064342701324861, 40.313766072128509 ], [ 107.064663144142898, 40.313981307788531 ], [ 107.064989354340355, 40.314191737657723 ], [ 107.065321200588073, 40.314397276984344 ], [ 107.065658549283427, 40.314597842985627 ], [ 107.065985962991078, 40.314835133497787 ], [ 107.066319743643163, 40.315067507644379 ], [ 107.066659756731227, 40.315294871737294 ], [ 107.067005865230243, 40.315517134107417 ], [ 107.067357929653909, 40.31573420514151 ], [ 107.06771580811089, 40.315945997318835 ], [ 107.068079356362077, 40.316152425246038 ], [ 107.06844842787855, 40.316353405691927 ], [ 107.068822873900942, 40.316548857620937 ], [ 107.069202543499287, 40.316738702226004 ], [ 107.069587283633936, 40.316922862960226 ], [ 107.06989290046829, 40.317152865486207 ], [ 107.070205231079996, 40.317377866973239 ], [ 107.070524126357228, 40.317597759954715 ], [ 107.070849434048725, 40.317812439402786 ], [ 107.071180998836354, 40.318021802779022 ], [ 107.071518662409574, 40.318225750083023 ], [ 107.071862263540623, 40.318424183900376 ], [ 107.07221163816196, 40.318617009449568 ], [ 107.072437782780057, 40.319751735375739 ], [ 107.072756117589421, 40.320850991448154 ], [ 107.073167959371631, 40.321933081287312 ], [ 107.073671653546924, 40.322993646785299 ], [ 107.074265175356445, 40.324028416323245 ], [ 107.074946137960339, 40.325033221989486 ], [ 107.075711801999077, 40.326004016382164 ], [ 107.076559086581298, 40.326936888929694 ], [ 107.076889918653904, 40.327255462241808 ], [ 107.076963711887231, 40.327344718488362 ], [ 107.077811027804756, 40.328277584353209 ], [ 107.0787365549307, 40.329168769617311 ], [ 107.079736567626966, 40.330014684099311 ], [ 107.080807039779415, 40.330811919863876 ], [ 107.081943661000025, 40.331557264972346 ], [ 107.082100225943378, 40.331647485893662 ], [ 107.082256224505628, 40.332057163119138 ], [ 107.082760119152525, 40.333117705022552 ], [ 107.083353850619915, 40.334152444622738 ], [ 107.084035031224062, 40.33515721412774 ], [ 107.08480092072756, 40.336127966280635 ], [ 107.08564843733113, 40.33706079067931 ], [ 107.086574170048024, 40.337951929546108 ], [ 107.087574392411923, 40.338797792885941 ], [ 107.08864507746388, 40.33959497296896 ], [ 107.089781913957921, 40.340340258079856 ], [ 107.090980323720714, 40.341030645479194 ], [ 107.092235480094573, 40.341663353521604 ], [ 107.093323197959677, 40.34214555706486 ], [ 107.094080902577829, 40.342461570844229 ], [ 107.094300033881225, 40.342551845454139 ], [ 107.095653318835573, 40.343061781941636 ], [ 107.097047578131296, 40.343507128008063 ], [ 107.098477194549758, 40.343886089126883 ], [ 107.099936408119717, 40.344197138243011 ], [ 107.101419339364966, 40.344439021939245 ], [ 107.101822640243029, 40.344485179155242 ], [ 107.102174457147186, 40.344664528712741 ], [ 107.102530991765065, 40.344838697320121 ], [ 107.102892104941148, 40.345007616980432 ], [ 107.103257655729351, 40.34517122174551 ], [ 107.103627501448372, 40.345329447741634 ], [ 107.104001497737286, 40.345482233194701 ], [ 107.104379498612005, 40.345629518454288 ], [ 107.104761356522459, 40.345771246016874 ], [ 107.105146922409901, 40.345907360548473 ], [ 107.105536045765689, 40.34603780890636 ], [ 107.105847651259381, 40.34619842789553 ], [ 107.106163551907585, 40.346354380733544 ], [ 107.106483620264399, 40.346505604487895 ], [ 107.106807727199737, 40.346652038133875 ], [ 107.107135741951396, 40.346793622579504 ], [ 107.107467532177978, 40.346930300689216 ], [ 107.10780296401235, 40.34706201730706 ], [ 107.108141902115634, 40.347188719279067 ], [ 107.108484209731856, 40.34731035547442 ], [ 107.108585186924188, 40.347658310416485 ], [ 107.108997706366608, 40.348740318705786 ], [ 107.109502101222191, 40.349800777545425 ], [ 107.110096343911451, 40.350835415744022 ], [ 107.110778044691727, 40.351840065916541 ], [ 107.111544461230324, 40.352810681285085 ], [ 107.112392509604717, 40.353743351996748 ], [ 107.112523900226364, 40.353869737240828 ], [ 107.112694690073226, 40.354317607318464 ], [ 107.113199176547568, 40.355378058118689 ], [ 107.113793516377385, 40.356412685659841 ], [ 107.114475319428848, 40.357417322599467 ], [ 107.115241842957744, 40.358387922212657 ], [ 107.116090002610846, 40.359320574709557 ], [ 107.117016384810512, 40.360211523003102 ], [ 107.118017260473266, 40.361057177863827 ], [ 107.119088600007046, 40.361854132399635 ], [ 107.12022608952816, 40.36259917580216 ], [ 107.121425148230571, 40.363289306303585 ], [ 107.122680946840177, 40.363921743292188 ], [ 107.1235480987161, 40.364301239118582 ], [ 107.124214126362347, 40.365144338836835 ], [ 107.125062477864574, 40.366076940861092 ], [ 107.125989054016898, 40.366967833169802 ], [ 107.126990124954176, 40.367813426758346 ], [ 107.128061660297533, 40.368610314980998 ], [ 107.128768209809664, 40.369072976464771 ], [ 107.129668395012985, 40.36974754485049 ], [ 107.130010828351217, 40.369990215588899 ], [ 107.130143669737592, 40.370083636391406 ], [ 107.131281398731801, 40.370828592142395 ], [ 107.132480695543677, 40.371518629467246 ], [ 107.133736729939244, 40.372150968128949 ], [ 107.135044442688908, 40.372723060291051 ], [ 107.136398565965465, 40.373232600802893 ], [ 107.13659242846893, 40.373294431005263 ], [ 107.136849548994419, 40.37358529301622 ], [ 107.137114510848377, 40.37387227480211 ], [ 107.137387207239058, 40.374155260593867 ], [ 107.137667528250944, 40.374434136233035 ], [ 107.137955360888796, 40.374708789217927 ], [ 107.138250589123388, 40.374979108749031 ], [ 107.138553093938157, 40.375244985773399 ], [ 107.138862753377097, 40.375506313029511 ], [ 107.139179442593942, 40.375762985089665 ], [ 107.139503033902471, 40.376014898403284 ], [ 107.139833396827925, 40.376261951338513 ], [ 107.140170398159725, 40.376504044223154 ], [ 107.140514019018283, 40.376746671892484 ], [ 107.140617990609499, 40.376819646206094 ], [ 107.141755930097432, 40.377564518125382 ], [ 107.142955435220358, 40.378254466441476 ], [ 107.144211674904469, 40.3788867112753 ], [ 107.145519589092459, 40.379458705167913 ], [ 107.146873909144759, 40.379968143364209 ], [ 107.148269179088928, 40.380412973118524 ], [ 107.149699777630516, 40.380791401982876 ], [ 107.15115994083709, 40.381101905045035 ], [ 107.152643785402717, 40.381343231086987 ], [ 107.15414533239786, 40.38151440763788 ], [ 107.154361488273892, 40.381533137463826 ], [ 107.155655389328942, 40.381640836638702 ], [ 107.156142517715281, 40.381677650985011 ], [ 107.157566504821688, 40.381774379499809 ], [ 107.157999923520848, 40.381800999403957 ], [ 107.158433947689673, 40.381821518813226 ], [ 107.15886842052052, 40.381835930313677 ], [ 107.159303185043484, 40.381844228698533 ], [ 107.159738084182919, 40.381846410969388 ], [ 107.160172960814577, 40.381842476337816 ], [ 107.160607657822212, 40.38183242622538 ], [ 107.161042018154717, 40.38181626426335 ], [ 107.161362217008019, 40.381899660925399 ], [ 107.161684835855468, 40.381977783745256 ], [ 107.16200971609608, 40.382050594314279 ], [ 107.162336698015679, 40.38211805683558 ], [ 107.16266562086534, 40.382180138141237 ], [ 107.16299632294087, 40.382236807709269 ], [ 107.163328641661948, 40.382288037677988 ], [ 107.163662413652418, 40.382333802860138 ], [ 107.16402299502397, 40.382522000689903 ], [ 107.16438838361772, 40.38270505133891 ], [ 107.164758445297636, 40.382882887587776 ], [ 107.165133044208815, 40.383055444131344 ], [ 107.165512042827373, 40.38322265760295 ], [ 107.165895302010796, 40.383384466597342 ], [ 107.166282681049267, 40.383540811693706 ], [ 107.166674037717456, 40.383691635477192 ], [ 107.167069228326554, 40.383836882560296 ], [ 107.167468107777296, 40.383976499602987 ], [ 107.167455210862286, 40.384205598267066 ], [ 107.167488377808084, 40.385329657035662 ], [ 107.167617819917282, 40.38644989721206 ], [ 107.167843020326316, 40.387561807686865 ], [ 107.167893675673696, 40.387760771432362 ], [ 107.168040814960079, 40.388321083779083 ], [ 107.168128227525429, 40.388639273385763 ], [ 107.168223592970804, 40.388956209933006 ], [ 107.168326878652493, 40.389271784590356 ], [ 107.168438049205903, 40.389585888993707 ], [ 107.168557066557256, 40.389898415282111 ], [ 107.168683889936901, 40.390209256135158 ], [ 107.168818475893048, 40.390518304809802 ], [ 107.168960778306484, 40.390825455176902 ], [ 107.169110748406396, 40.391130601757837 ], [ 107.169268334786878, 40.391433639760635 ], [ 107.169397623231347, 40.39172328490384 ], [ 107.169534343621734, 40.392011055630292 ], [ 107.169678446447577, 40.392296847544891 ], [ 107.169829879518559, 40.392580556969115 ], [ 107.169988587983212, 40.392862080978631 ], [ 107.170154514348781, 40.393141317440644 ], [ 107.170327598501999, 40.393418165051024 ], [ 107.170178424247709, 40.393885356671106 ], [ 107.169983111058329, 40.394692699523219 ], [ 107.169802190917395, 40.395555174988949 ], [ 107.16973423531897, 40.395900068709963 ], [ 107.169675647662629, 40.396245902168552 ], [ 107.16962645167888, 40.396592536070543 ], [ 107.169586667316182, 40.396939830796988 ], [ 107.169556310733014, 40.397287646461102 ], [ 107.169535394290946, 40.397635842963744 ], [ 107.169523926549516, 40.397984280050458 ], [ 107.169521912262425, 40.398332817367574 ], [ 107.169347174814263, 40.399092596136732 ], [ 107.169197403987866, 40.400117227645737 ], [ 107.168995066340628, 40.402016834945947 ], [ 107.168985442286569, 40.402110345079286 ], [ 107.168922210985343, 40.403233718380683 ], [ 107.168955408974043, 40.404357798321762 ], [ 107.169084906992239, 40.405478058553108 ], [ 107.169230300001971, 40.406195685095639 ], [ 107.169008323104705, 40.406506645036849 ], [ 107.168385255326839, 40.407532165124792 ], [ 107.167851344152552, 40.408584854628103 ], [ 107.167408742782726, 40.409660475893709 ], [ 107.1670592370875, 40.410754698753713 ], [ 107.166804238356121, 40.411863117945565 ], [ 107.166644777550161, 40.412981270838124 ], [ 107.166587621252717, 40.413842938118556 ], [ 107.166560101814696, 40.414667501640217 ], [ 107.166553219298038, 40.415000625252048 ], [ 107.166554805037222, 40.415333785814717 ], [ 107.166564858586867, 40.415666865540786 ], [ 107.166583376507688, 40.415999746669684 ], [ 107.166610352367627, 40.416332311509095 ], [ 107.166645776743962, 40.416664442477135 ], [ 107.166689637226341, 40.416996022143401 ], [ 107.166741918421224, 40.417326933270829 ], [ 107.166804591233884, 40.417693674668257 ], [ 107.166865490802721, 40.418024924422753 ], [ 107.166934830715405, 40.41835526517783 ], [ 107.167012586388111, 40.418684579271748 ], [ 107.167098730238592, 40.419012749406946 ], [ 107.16719323169545, 40.41933965869147 ], [ 107.167296057209242, 40.419665190680888 ], [ 107.167407170264084, 40.419989229419663 ], [ 107.167526531390507, 40.420311659482529 ], [ 107.167654098179497, 40.420632366015617 ], [ 107.167789825297305, 40.420951234777327 ], [ 107.167933664501447, 40.421268152179245 ], [ 107.168085564657972, 40.421583005326404 ], [ 107.168245471759249, 40.42189568205756 ], [ 107.168321925454762, 40.422517759260451 ], [ 107.168547247138306, 40.423629709084615 ], [ 107.168867471015631, 40.424728850472519 ], [ 107.16928131168919, 40.425810756846055 ], [ 107.169787106536432, 40.426871070829662 ], [ 107.170382822344251, 40.42790552181026 ], [ 107.171066063440904, 40.428909943151417 ], [ 107.171834081292587, 40.429880288991441 ], [ 107.172683785528761, 40.430812650557101 ], [ 107.173611756350851, 40.431703271927852 ], [ 107.174614258275923, 40.432548565185336 ], [ 107.175687255159801, 40.433345124888575 ], [ 107.176826426439931, 40.434089741814361 ], [ 107.178027184532525, 40.43477941590767 ], [ 107.178833911973612, 40.435184833853171 ], [ 107.179013219071294, 40.435413616324752 ], [ 107.179199538227678, 40.43563931380659 ], [ 107.17939277249674, 40.435861808783294 ], [ 107.17959282132928, 40.436080985405752 ], [ 107.179799580625144, 40.436296729551636 ], [ 107.1800129427873, 40.436508928884699 ], [ 107.179979958468792, 40.437096250826144 ], [ 107.180013341072453, 40.43822036670467 ], [ 107.180143067551953, 40.439340654821272 ], [ 107.180368619904712, 40.440452603872728 ], [ 107.180638642040577, 40.441378702253452 ], [ 107.180648903394214, 40.441724120512561 ], [ 107.180677661588632, 40.44228598493936 ], [ 107.18080740538953, 40.443406277074665 ], [ 107.181032980295555, 40.44451822963763 ], [ 107.181353482226996, 40.44561736467201 ], [ 107.181767624668183, 40.446699255624544 ], [ 107.182273743782901, 40.447759545180375 ], [ 107.182869805053926, 40.4487939628237 ], [ 107.183147359496175, 40.449201759470199 ], [ 107.183226424523696, 40.449591416567905 ], [ 107.183546981447051, 40.450690552085035 ], [ 107.183961184838054, 40.451772441902754 ], [ 107.184467370615522, 40.452832728710582 ], [ 107.185063503993874, 40.453867142003475 ], [ 107.185747187621075, 40.45487151529526 ], [ 107.186515671182434, 40.455841802915906 ], [ 107.187365862432443, 40.456774096324899 ], [ 107.188294339611559, 40.45766463987421 ], [ 107.189297365197163, 40.458509845957245 ], [ 107.190370900935875, 40.459306309482116 ], [ 107.191515180449073, 40.460053611335063 ], [ 107.191753465163274, 40.460198586539235 ], [ 107.192037339811449, 40.46043295989508 ], [ 107.192327216558226, 40.460663283393302 ], [ 107.192622989755733, 40.460889473043252 ], [ 107.192924551602871, 40.461111446360796 ], [ 107.193231792184662, 40.461329122398787 ], [ 107.19354459951235, 40.461542421776109 ], [ 107.193862859564291, 40.461751266707296 ], [ 107.194186456327287, 40.461955581030338 ], [ 107.194515271839137, 40.462155290234904 ], [ 107.194819965604907, 40.462411998237762 ], [ 107.19589361834521, 40.463208420812933 ], [ 107.197033458116266, 40.463952889061687 ], [ 107.198234894640365, 40.464642403525758 ], [ 107.199493089059189, 40.465274186068143 ], [ 107.200802973435955, 40.46584569108667 ], [ 107.202159271188535, 40.466354615790671 ], [ 107.203556518370902, 40.466798909498642 ], [ 107.204989085716207, 40.467176781918241 ], [ 107.206451201353246, 40.467486710375695 ], [ 107.207936974102765, 40.46772744596538 ], [ 107.209440417259628, 40.467898018593374 ], [ 107.20998694060097, 40.467942261440825 ], [ 107.211283730841828, 40.468036119257249 ], [ 107.21225226522364, 40.468091589365415 ], [ 107.212509062815897, 40.468096650185977 ], [ 107.212993983430934, 40.468628020321411 ], [ 107.21392292152629, 40.469518397520659 ], [ 107.214926404242533, 40.47036342247462 ], [ 107.216000391483092, 40.471159690819775 ], [ 107.216463662827252, 40.471473660963269 ], [ 107.217282295384251, 40.472014028734868 ], [ 107.217959201035427, 40.472444358389737 ], [ 107.219160973156832, 40.473133691676473 ], [ 107.220419493279564, 40.473765283691819 ], [ 107.221729692153019, 40.474336589600618 ], [ 107.222785975491234, 40.474732692088388 ], [ 107.22276534650905, 40.475103693068682 ], [ 107.22277030781342, 40.475665967171139 ], [ 107.222805594698897, 40.476830758558329 ], [ 107.222820544164335, 40.477174841821437 ], [ 107.222844534424368, 40.477518645599552 ], [ 107.222877556550699, 40.47786204012106 ], [ 107.222919598205436, 40.478204895766964 ], [ 107.222970643645482, 40.478547083119551 ], [ 107.223030673728417, 40.478888473011651 ], [ 107.223099665919278, 40.479228936574906 ], [ 107.223280956153275, 40.480067844733618 ], [ 107.223353636552986, 40.480387259383534 ], [ 107.223434414899003, 40.480705609692045 ], [ 107.223523262841084, 40.481022783513964 ], [ 107.223620149185052, 40.481338669116944 ], [ 107.223725039903812, 40.48165315522089 ], [ 107.223837898149142, 40.481966131037311 ], [ 107.223958684264502, 40.482277486307993 ], [ 107.224087355798872, 40.482587111344387 ], [ 107.224223867521602, 40.482894897065769 ], [ 107.2243681714383, 40.483200735038174 ], [ 107.224520216807463, 40.483504517512145 ], [ 107.224442694834323, 40.48357599331635 ], [ 107.223568323224541, 40.484496178148667 ], [ 107.222774655111238, 40.485455493459824 ], [ 107.222064888333918, 40.486450077994078 ], [ 107.221441883374112, 40.487475928364887 ], [ 107.220908151796849, 40.488528915151591 ], [ 107.220465846090164, 40.489604799506083 ], [ 107.220116750944314, 40.490699250202475 ], [ 107.219862276005969, 40.491807861061623 ], [ 107.219703450138667, 40.492926168680455 ], [ 107.219640917212118, 40.49404967039537 ], [ 107.219674933440544, 40.495173842406714 ], [ 107.219805366279459, 40.496294157992324 ], [ 107.220031694888249, 40.497406105736076 ], [ 107.220209411914198, 40.498014010878528 ], [ 107.22028272749678, 40.498335690484396 ], [ 107.220364832246545, 40.498656208723496 ], [ 107.220455692691843, 40.498975434479767 ], [ 107.220555271777826, 40.499293237163968 ], [ 107.220663528881431, 40.499609486767206 ], [ 107.22078041982796, 40.499924053914249 ], [ 107.220905896908974, 40.500236809916139 ], [ 107.221039908901531, 40.500547626823341 ], [ 107.221182401088939, 40.500856377477675 ], [ 107.221333315283218, 40.501162935564608 ], [ 107.221318787278747, 40.50136112590161 ], [ 107.22128473447269, 40.502153720250618 ], [ 107.221318779649152, 40.503277901354025 ], [ 107.221449252001861, 40.504398224822971 ], [ 107.221675630532303, 40.505510179209431 ], [ 107.221997007930355, 40.506609286547267 ], [ 107.222412094160731, 40.507691120391669 ], [ 107.222919221591312, 40.508751323654586 ], [ 107.223516351647916, 40.509785626163783 ], [ 107.224201082967426, 40.51078986187553 ], [ 107.224970661017764, 40.511759985670089 ], [ 107.225821989146581, 40.512692089662622 ], [ 107.226751641015866, 40.513582418963907 ], [ 107.227374949987592, 40.514106877892118 ], [ 107.22789553876585, 40.515008430344977 ], [ 107.228580378799236, 40.516012649240579 ], [ 107.229350069570927, 40.516982753268366 ], [ 107.230201513974563, 40.517914834622864 ], [ 107.231131285203944, 40.518805138505428 ], [ 107.232135640523992, 40.519650078270175 ], [ 107.233210536324052, 40.520446249893503 ], [ 107.233276056699779, 40.52048898093571 ], [ 107.233519185414622, 40.520669214358051 ], [ 107.233767819269261, 40.520845301796712 ], [ 107.234021828773606, 40.521017151513952 ], [ 107.23428108163418, 40.521184673979384 ], [ 107.234545442823148, 40.521347781916248 ], [ 107.234814774648569, 40.521506390347099 ], [ 107.23508893682623, 40.521660416638198 ], [ 107.235275629490275, 40.521782167042737 ], [ 107.236478372819988, 40.522471380845168 ], [ 107.237737888706107, 40.52310284308723 ], [ 107.239049103885208, 40.52367400945338 ], [ 107.240406736410137, 40.524182578513908 ], [ 107.241061316048558, 40.524384878787835 ], [ 107.241907528928834, 40.525079710821295 ], [ 107.242982610388097, 40.525875808828786 ], [ 107.244123902092127, 40.526619925917444 ], [ 107.245326807911312, 40.527309064038995 ], [ 107.246586483065357, 40.527940446568188 ], [ 107.247897853648382, 40.528511529510276 ], [ 107.249255637086449, 40.529020011771372 ], [ 107.250654363443232, 40.529463844449097 ], [ 107.252088397487711, 40.529841239105565 ], [ 107.25355196143407, 40.530150674989542 ], [ 107.255039158262591, 40.530390905177981 ], [ 107.256543995525448, 40.530560961611691 ], [ 107.25806239849075, 40.530660195530075 ], [ 107.258505750641334, 40.53073151231856 ], [ 107.260010602931004, 40.530901530000747 ], [ 107.261527028676269, 40.531000688319082 ], [ 107.26304891739872, 40.531028587687949 ], [ 107.264570136558532, 40.530985115678881 ], [ 107.266084556320081, 40.530870447474719 ], [ 107.267586074305342, 40.530685045161967 ], [ 107.26828070886431, 40.530565388495056 ], [ 107.271086610891118, 40.530514091743321 ], [ 107.272182035576222, 40.530475528924789 ], [ 107.27369643290686, 40.530360775016526 ], [ 107.275197921207408, 40.530175287768806 ], [ 107.276680450319432, 40.529919814647592 ], [ 107.278138046643249, 40.529595385134293 ], [ 107.27956483725545, 40.529203306567155 ], [ 107.28095507361644, 40.528745158862058 ], [ 107.282303154771853, 40.528222788131465 ], [ 107.283603649953562, 40.52763829923051 ], [ 107.284851320487803, 40.52699404725702 ], [ 107.286041140922393, 40.526292628043912 ], [ 107.287168319286678, 40.525536867679754 ], [ 107.288242965115558, 40.524717140047493 ], [ 107.288861234874446, 40.524244874503722 ], [ 107.289849768728175, 40.523389768988046 ], [ 107.29076287351036, 40.522490064065806 ], [ 107.291596873714411, 40.52154938422494 ], [ 107.292348412888543, 40.520571518868294 ], [ 107.292849738863723, 40.519826164328286 ], [ 107.292997288743337, 40.519593215805521 ], [ 107.293162015944731, 40.519327458391032 ], [ 107.293739902082834, 40.518287172468966 ], [ 107.294227300487051, 40.517221903050462 ], [ 107.294622252101618, 40.516135940669429 ], [ 107.294881872352832, 40.515184938236594 ], [ 107.295187373124435, 40.514344889844395 ], [ 107.29548827561571, 40.513242608978125 ], [ 107.295693939453869, 40.512128448424846 ], [ 107.29580354077514, 40.511006894987844 ], [ 107.295816642641114, 40.509882465019693 ], [ 107.295771677954392, 40.509132935272049 ], [ 107.29573084779345, 40.508672776731245 ], [ 107.295691607055545, 40.508288452859581 ], [ 107.296071896685049, 40.508312630958862 ], [ 107.296452739754145, 40.508331463433102 ], [ 107.296833998605663, 40.508344943474881 ], [ 107.297215535431818, 40.508353066211555 ], [ 107.297597212324177, 40.508355828706925 ], [ 107.297978891323609, 40.508353229962452 ], [ 107.298360434470197, 40.508345270917509 ], [ 107.299317688422903, 40.508324459610108 ], [ 107.300307822234046, 40.508287780520625 ], [ 107.301821717448533, 40.508172712401723 ], [ 107.303322680414098, 40.507986915301856 ], [ 107.304804663091275, 40.507731137935195 ], [ 107.306261694084199, 40.507406411008404 ], [ 107.30768790274918, 40.50701404305741 ], [ 107.309077542893888, 40.506555615163016 ], [ 107.310425015968278, 40.506032974565649 ], [ 107.311724893656404, 40.505448227206166 ], [ 107.312971939774229, 40.504803729222495 ], [ 107.31416113138728, 40.504102077437004 ], [ 107.315287679059978, 40.503346098873479 ], [ 107.316334631782681, 40.502533016633876 ], [ 107.316772970999537, 40.502393153663576 ], [ 107.317207660890446, 40.502247205766679 ], [ 107.317638546752278, 40.502095224895406 ], [ 107.318065475238683, 40.501937265148896 ], [ 107.318488294414735, 40.501773382754337 ], [ 107.318906853811342, 40.501603636046703 ], [ 107.319321004478553, 40.501428085447778 ], [ 107.319506799817461, 40.501386653287526 ], [ 107.320648995983731, 40.501072270253403 ], [ 107.321009960597976, 40.501278804768567 ], [ 107.321330061911596, 40.501493613343257 ], [ 107.321656093149329, 40.501703496655239 ], [ 107.321987915570276, 40.501908365353998 ], [ 107.322325387964625, 40.502108132223213 ], [ 107.322668366713856, 40.502302712217634 ], [ 107.323016705851785, 40.502492022499432 ], [ 107.323370257126868, 40.502675982473704 ], [ 107.323728870065253, 40.502854513822548 ], [ 107.324092392034743, 40.503027540538554 ], [ 107.324125241329384, 40.5030842841458 ], [ 107.324811287004863, 40.504087999618569 ], [ 107.325582124860603, 40.505057539900434 ], [ 107.326434653163304, 40.505988999454942 ], [ 107.327365440733587, 40.506878625986715 ], [ 107.328370740735465, 40.507722835577319 ], [ 107.32944650574548, 40.508518227143405 ], [ 107.330588404041066, 40.509261596160371 ], [ 107.331791837043085, 40.509949947594059 ], [ 107.333051957841221, 40.510580507988543 ], [ 107.33332978913792, 40.510701286928196 ], [ 107.333789020834715, 40.510931077728216 ], [ 107.335100765721066, 40.511501299415819 ], [ 107.336458838250408, 40.512008891453526 ], [ 107.337857767317274, 40.512451808526244 ], [ 107.339291916870195, 40.512828265885943 ], [ 107.34075550865488, 40.513136746558679 ], [ 107.342242645537169, 40.513376007470846 ], [ 107.34374733530926, 40.513545084469598 ], [ 107.345263514882546, 40.513643296217062 ], [ 107.346128936864915, 40.513679254216655 ], [ 107.346721992159303, 40.514321623595215 ], [ 107.347653131511962, 40.515211117338502 ], [ 107.348658779203234, 40.5160551824954 ], [ 107.349734886408243, 40.516850418563855 ], [ 107.34978513203184, 40.516885164291843 ], [ 107.35095094063999, 40.517689012158073 ], [ 107.352042951861335, 40.518397460635732 ], [ 107.353246736089147, 40.519085626500363 ], [ 107.354507198270284, 40.51971599172154 ], [ 107.355819261321145, 40.520286016402906 ], [ 107.356153517499905, 40.520409688080505 ], [ 107.356943101565619, 40.520912838022554 ], [ 107.358146973054488, 40.521600961811892 ], [ 107.359407520579282, 40.522231282738261 ], [ 107.36071966671237, 40.522801261083593 ], [ 107.362078125748482, 40.523308600204004 ], [ 107.363477425023191, 40.5237512558029 ], [ 107.364911926991695, 40.524127444184998 ], [ 107.366375851978191, 40.524435649459825 ], [ 107.366992012097725, 40.524543518745574 ], [ 107.367720817423802, 40.524663622376501 ], [ 107.368592109560296, 40.524794728585618 ], [ 107.370097094299012, 40.524963512555217 ], [ 107.371613545161495, 40.525061428169963 ], [ 107.373135351566859, 40.525088080851951 ], [ 107.37465638130719, 40.525043363196566 ], [ 107.376170505310853, 40.524927455406392 ], [ 107.377671622393521, 40.524740824563068 ], [ 107.378086607583555, 40.524676342139578 ], [ 107.378730537860264, 40.524571883496698 ], [ 107.37979761096544, 40.524379759006408 ], [ 107.380594243839028, 40.524201768714079 ], [ 107.381009993387266, 40.524129778281818 ], [ 107.381435531769043, 40.525014727038091 ], [ 107.382035029089494, 40.52604834144892 ], [ 107.382722082053704, 40.527051785245405 ], [ 107.38349392677074, 40.528021016492225 ], [ 107.384347457449849, 40.528952130894979 ], [ 107.384391773209316, 40.528994424305871 ], [ 107.384324043838845, 40.529284657736952 ], [ 107.384264604097041, 40.529575880526146 ], [ 107.384213480448736, 40.529867963495931 ], [ 107.384170695670718, 40.5301607770852 ], [ 107.384136268841672, 40.530454191407244 ], [ 107.384110215333266, 40.53074807630734 ], [ 107.38409254680343, 40.531042301420008 ], [ 107.384083271190946, 40.531336736227495 ], [ 107.384082392711591, 40.531631250117023 ], [ 107.384069062473685, 40.532782234589646 ], [ 107.384096082744691, 40.533623126017261 ], [ 107.383804526149845, 40.533805343698681 ], [ 107.383518516001089, 40.533992296191244 ], [ 107.383238193229687, 40.534183891405121 ], [ 107.382963695968471, 40.53438003496273 ], [ 107.382695159483987, 40.534580630245259 ], [ 107.382432716109619, 40.534785578440093 ], [ 107.382176495180474, 40.534994778589542 ], [ 107.381926622969601, 40.535208127640423 ], [ 107.381545968020987, 40.535480604935152 ], [ 107.381313337859424, 40.535669688073014 ], [ 107.380239808968653, 40.536188403799358 ], [ 107.379021161540052, 40.536862444954281 ], [ 107.377862824699264, 40.537592207018619 ], [ 107.376769461960137, 40.538374753241186 ], [ 107.375745475768653, 40.539206934349075 ], [ 107.374794989777925, 40.540085401199939 ], [ 107.373921832237741, 40.541006618239869 ], [ 107.37312952056277, 40.54196687771212 ], [ 107.372421247146065, 40.54296231456005 ], [ 107.371799866470624, 40.543988921965123 ], [ 107.371267883575598, 40.545042567457756 ], [ 107.370827443921826, 40.5461190095359 ], [ 107.370480324698747, 40.547213914725546 ], [ 107.370227927608639, 40.54832287501435 ], [ 107.370071273159084, 40.549441425588491 ], [ 107.370010996485988, 40.550565062801439 ], [ 107.370017288194063, 40.551133393069541 ], [ 107.370070737470684, 40.552763275538972 ], [ 107.37010079507634, 40.553319145723421 ], [ 107.370233630071297, 40.554439382563295 ], [ 107.370462419684785, 40.555551143704051 ], [ 107.370786246900209, 40.556649951951592 ], [ 107.371203811817381, 40.557731382059274 ], [ 107.371713436821778, 40.558791078558286 ], [ 107.372313073278832, 40.559824773311 ], [ 107.373000309727416, 40.560828302714754 ], [ 107.373772381541031, 40.56179762448793 ], [ 107.374626182017309, 40.562728833969672 ], [ 107.375558274852693, 40.563618179867618 ], [ 107.37656490795311, 40.564462079389038 ], [ 107.377642028523468, 40.565257132695351 ], [ 107.378785299378862, 40.566000136620104 ], [ 107.379124578834166, 40.566193870479353 ], [ 107.379218683975679, 40.566272755306734 ], [ 107.379731264594184, 40.566761763173645 ], [ 107.380737988907683, 40.567605634285293 ], [ 107.381815200934767, 40.568400656830768 ], [ 107.38295856312179, 40.56914362776719 ], [ 107.384163470989165, 40.569831553659562 ], [ 107.385425071681624, 40.570461662762071 ], [ 107.38673828352637, 40.571031416206843 ], [ 107.387716700608593, 40.571396365138469 ], [ 107.388147195955824, 40.571714029935201 ], [ 107.389290674011434, 40.57245694966268 ], [ 107.390495695775485, 40.573144821253031 ], [ 107.391757407933255, 40.573774873179104 ], [ 107.392728610445161, 40.574196164560227 ], [ 107.393162736383275, 40.574943961571215 ], [ 107.393850400064167, 40.57594740059119 ], [ 107.394622906887335, 40.576916618277529 ], [ 107.395477148397845, 40.577847710387296 ], [ 107.396409686515412, 40.578736926099396 ], [ 107.396581085996388, 40.578880530642294 ], [ 107.396081035394602, 40.579408097014877 ], [ 107.395288598929071, 40.580368526374336 ], [ 107.394580255386984, 40.581364120705963 ], [ 107.393958859538131, 40.582390872558825 ], [ 107.393426916487442, 40.583444648883031 ], [ 107.392986571539893, 40.584521207650788 ], [ 107.39263960150862, 40.585616214919064 ], [ 107.392387407500493, 40.586725262264778 ], [ 107.392231009209979, 40.587843884523757 ], [ 107.392171040746661, 40.588967577760705 ], [ 107.392207748011188, 40.590091817399141 ], [ 107.392268556949119, 40.59070425716137 ], [ 107.392626791271766, 40.5936184431039 ], [ 107.392663759216646, 40.593895039958966 ], [ 107.393033329763469, 40.596454487641552 ], [ 107.393068800271763, 40.596685712004557 ], [ 107.393298068286981, 40.597797484566406 ], [ 107.393622424675812, 40.598896287524603 ], [ 107.394040567411082, 40.599977695651724 ], [ 107.394550816554755, 40.601037353565481 ], [ 107.395151120961842, 40.602070993281046 ], [ 107.39583906648356, 40.603074451414798 ], [ 107.396611885639885, 40.60404368596933 ], [ 107.397466468719557, 40.604974792632305 ], [ 107.39839937626796, 40.605864020522105 ], [ 107.399406852909607, 40.606707787318385 ], [ 107.399834907513096, 40.607023436571929 ], [ 107.400579177313631, 40.607644157079804 ], [ 107.401093535892358, 40.608023433343483 ], [ 107.401644608640737, 40.608484925039278 ], [ 107.402722648611615, 40.60927981503346 ], [ 107.403866860812229, 40.610022640848612 ], [ 107.40507263733798, 40.610710409631359 ], [ 107.406335121832711, 40.611340350266246 ], [ 107.406780643167551, 40.611533455240306 ], [ 107.406811767966559, 40.612165345343058 ], [ 107.406829665845521, 40.612460774068417 ], [ 107.406854241819715, 40.612755941388677 ], [ 107.406885489126751, 40.613050765114799 ], [ 107.406923399146152, 40.613345163152374 ], [ 107.40696796140206, 40.613639053524416 ], [ 107.407019163565678, 40.613932354394301 ], [ 107.407302744350972, 40.615456295065925 ], [ 107.40748015966777, 40.616269107441425 ], [ 107.407804810575584, 40.617367898159792 ], [ 107.408223268118789, 40.618449283819118 ], [ 107.408733851093075, 40.619508909126331 ], [ 107.409334507009845, 40.620542506226805 ], [ 107.410022820305926, 40.621545911907262 ], [ 107.410796022020421, 40.62251508438024 ], [ 107.41165100090177, 40.623446119581892 ], [ 107.412584315901313, 40.624335266917249 ], [ 107.413592210001909, 40.625178944388892 ], [ 107.414670625329094, 40.625973753048129 ], [ 107.415815219480749, 40.626716490709505 ], [ 107.417021383013036, 40.627404164873653 ], [ 107.417895767714157, 40.627840253476322 ], [ 107.418006076701957, 40.627921544285783 ], [ 107.418671034414984, 40.628353004610702 ], [ 107.419013756047576, 40.628852453657878 ], [ 107.419787153863169, 40.62982158217315 ], [ 107.420642332325841, 40.630752567651449 ], [ 107.421575849582908, 40.63164165969733 ], [ 107.422596090644902, 40.632491540918657 ], [ 107.421904001030228, 40.633240700268438 ], [ 107.421797313719324, 40.633362294247178 ], [ 107.421597636089032, 40.633591921779036 ], [ 107.420923763215058, 40.634437219429962 ], [ 107.42053173632317, 40.634869790348979 ], [ 107.419739020425368, 40.635830421410212 ], [ 107.41903047286516, 40.636826204280958 ], [ 107.418408949239705, 40.637853130753633 ], [ 107.417876955174407, 40.638907067077433 ], [ 107.417436636186281, 40.639983770582091 ], [ 107.417089768990635, 40.641078906743104 ], [ 107.416837754287215, 40.642188066619276 ], [ 107.416681611055921, 40.643306784593705 ], [ 107.416621972385997, 40.644430556345498 ], [ 107.416659082857109, 40.64555485698159 ], [ 107.416792797482728, 40.646675159254293 ], [ 107.417022582222515, 40.647786951792618 ], [ 107.417347516062534, 40.64888575727251 ], [ 107.417490769904276, 40.649255678841151 ], [ 107.417272024774093, 40.649790499010194 ], [ 107.416925108660806, 40.650885646515697 ], [ 107.416673057710454, 40.651994818007424 ], [ 107.416516891049994, 40.653113547821732 ], [ 107.416457241864336, 40.654237331590252 ], [ 107.416494354776418, 40.655361644371531 ], [ 107.4166280847911, 40.656481958869108 ], [ 107.416857897807503, 40.657593763662483 ], [ 107.417182872698746, 40.658692581378268 ], [ 107.417601704952943, 40.659773986727245 ], [ 107.418112711860587, 40.66083362433541 ], [ 107.41871383922971, 40.661867226296536 ], [ 107.419402669601496, 40.662870629375519 ], [ 107.420176431935175, 40.66383979179291 ], [ 107.421032012723543, 40.664770809522885 ], [ 107.421965968495272, 40.665659932037975 ], [ 107.422974539653751, 40.66650357743795 ], [ 107.424053665597768, 40.667298346900516 ], [ 107.425199001062992, 40.668041038395273 ], [ 107.426405933619193, 40.668728659605996 ], [ 107.427669602251541, 40.669358440007663 ], [ 107.428984916952373, 40.66992784205047 ], [ 107.430346579243704, 40.670434571403661 ], [ 107.431749103547318, 40.670876586219386 ], [ 107.433186839315439, 40.67125210537732 ], [ 107.433252693514021, 40.671267512869107 ], [ 107.433959384748448, 40.671432026643004 ], [ 107.434376699856429, 40.671526512321265 ], [ 107.43479639766727, 40.671615075744782 ], [ 107.435218323587321, 40.67169768428824 ], [ 107.435642322200394, 40.671774307519691 ], [ 107.436068237325358, 40.671844917212134 ], [ 107.436495912073667, 40.671909487353716 ], [ 107.43692518890721, 40.671967994157427 ], [ 107.437355909696677, 40.672020416069884 ], [ 107.437787915779595, 40.672066733779339 ], [ 107.437902789171261, 40.672191676603134 ], [ 107.438837044520625, 40.673080689356667 ], [ 107.439845912343714, 40.67392421527407 ], [ 107.44092533084337, 40.674718856013492 ], [ 107.442070953575723, 40.675461410062368 ], [ 107.443278166952183, 40.676148885657497 ], [ 107.444152982490863, 40.676593776759766 ], [ 107.444575937852818, 40.676798846256922 ], [ 107.444965066344878, 40.676983581176827 ], [ 107.446280652580072, 40.677552819050163 ], [ 107.447642576425167, 40.678059377751943 ], [ 107.449045351246696, 40.678501216121298 ], [ 107.450324583791328, 40.678838806829319 ], [ 107.450769839955015, 40.678945941712961 ], [ 107.450928582112269, 40.678983688111586 ], [ 107.452395966111041, 40.679291007711704 ], [ 107.453886843054121, 40.679529075594282 ], [ 107.4553952056513, 40.679696932409328 ], [ 107.456914976002693, 40.679793901732729 ], [ 107.457430960433413, 40.679810590469813 ], [ 107.458365988188163, 40.679833410854272 ], [ 107.458816955884231, 40.67984125780017 ], [ 107.459268043553692, 40.679842919721182 ], [ 107.459719095116341, 40.6798383960423 ], [ 107.46016995450448, 40.679827688328722 ], [ 107.460620465716971, 40.679810800285765 ], [ 107.461070472873487, 40.679787737757152 ], [ 107.461519820268506, 40.679758508723133 ], [ 107.46196835242516, 40.679723123297819 ], [ 107.46241591414946, 40.679681593725469 ], [ 107.462516381543296, 40.679699500899183 ], [ 107.463669682059646, 40.679827770661461 ], [ 107.463937011288962, 40.679959434682829 ], [ 107.464208360360885, 40.68008655080228 ], [ 107.464483586966736, 40.680209052342256 ], [ 107.464762546761833, 40.680326875045509 ], [ 107.465045093441219, 40.680439957108767 ], [ 107.465331078816305, 40.680548239215 ], [ 107.46562035289287, 40.680651664564856 ], [ 107.466482687041804, 40.681081002387444 ], [ 107.467798514232371, 40.681650032600757 ], [ 107.469160663198494, 40.682156375954008 ], [ 107.470563646398617, 40.682597992153781 ], [ 107.472001811433756, 40.682973101685199 ], [ 107.473469363857262, 40.683280192997984 ], [ 107.474960390563169, 40.683518028611012 ], [ 107.476468883656594, 40.683685650110235 ], [ 107.477988764711526, 40.683782382019636 ], [ 107.479113415268799, 40.683801152523522 ], [ 107.479878238956175, 40.683857021376561 ], [ 107.479975255382286, 40.683862733429805 ], [ 107.48027741585112, 40.684036264502133 ], [ 107.480585159169138, 40.684204379367166 ], [ 107.480898306765312, 40.684366980450825 ], [ 107.481216676928256, 40.684523973378539 ], [ 107.481540084911828, 40.684675267030116 ], [ 107.481868343042549, 40.684820773592833 ], [ 107.483032175953639, 40.685482918772301 ], [ 107.484296620899613, 40.686112179276662 ], [ 107.485612677015709, 40.686681038588894 ], [ 107.486975042833123, 40.687187204563671 ], [ 107.488378229935279, 40.687628637622005 ], [ 107.488587657746322, 40.687685132758283 ], [ 107.489602229108769, 40.688535297809423 ], [ 107.490682403200211, 40.689329552441464 ], [ 107.491828759329863, 40.690071695081542 ], [ 107.493036680951192, 40.690758735622211 ], [ 107.494301303060553, 40.691387905875899 ], [ 107.495484238600056, 40.691902784403993 ], [ 107.495983853544743, 40.692106279437084 ], [ 107.496361511634873, 40.692256870205576 ], [ 107.496742758992895, 40.692402464565902 ], [ 107.49712747397966, 40.692543016054948 ], [ 107.497515533847363, 40.692678479818483 ], [ 107.497906814778645, 40.692808812625785 ], [ 107.498301191926302, 40.692933972883218 ], [ 107.498698539453031, 40.693053920647827 ], [ 107.499098730571703, 40.693168617639749 ], [ 107.499501637586036, 40.693278027254806 ], [ 107.499972070302931, 40.693402266428251 ], [ 107.500791995525887, 40.693606602166625 ], [ 107.501688376018507, 40.693793943557829 ], [ 107.501764430638787, 40.694121463845448 ], [ 107.501849646507893, 40.694447756413325 ], [ 107.501943987387904, 40.694772682037012 ], [ 107.502047413146101, 40.695096102073109 ], [ 107.502159879771526, 40.695417878518853 ], [ 107.50228133939369, 40.695737874070694 ], [ 107.50241174030279, 40.696055952183144 ], [ 107.502551026971773, 40.696371977126915 ], [ 107.502638069245947, 40.697030575573898 ], [ 107.502869316298401, 40.69814228302856 ], [ 107.503195762696123, 40.699240942041449 ], [ 107.503616098003278, 40.70032212795843 ], [ 107.504128633458421, 40.701381486285023 ], [ 107.504363632615778, 40.701784387109676 ], [ 107.504605024693561, 40.702596702344309 ], [ 107.505025400099441, 40.703677887911546 ], [ 107.505537979462119, 40.704737244843358 ], [ 107.506140702257326, 40.705770506359215 ], [ 107.506831144599616, 40.706773510590658 ], [ 107.507606528954483, 40.707742217360099 ], [ 107.508463735279179, 40.708672724472152 ], [ 107.509399313551498, 40.709561283451663 ], [ 107.510409497635408, 40.71040431466384 ], [ 107.511490220427802, 40.711198421756137 ], [ 107.512637130226636, 40.711940405362533 ], [ 107.513845608253732, 40.712627276014473 ], [ 107.515110787262472, 40.71325626620721 ], [ 107.516427571154082, 40.713824841571132 ], [ 107.517790655525204, 40.714330711103365 ], [ 107.519194549061979, 40.714771836417533 ], [ 107.52063359569371, 40.715146439975136 ], [ 107.522101997418261, 40.715453012263232 ], [ 107.522810500522226, 40.715565715427857 ], [ 107.522964684963924, 40.715787075552797 ], [ 107.523125914110878, 40.716005693214584 ], [ 107.523294098252705, 40.716221446684003 ], [ 107.523469143803993, 40.716434215825352 ], [ 107.523650953356437, 40.716643882163446 ], [ 107.523839425732632, 40.71685032895013 ], [ 107.524034456042685, 40.71705344122843 ], [ 107.524235935742368, 40.717253105897484 ], [ 107.524852036545909, 40.718279786077268 ], [ 107.525542853458674, 40.719282708430747 ], [ 107.526318618142994, 40.720251321046355 ], [ 107.527176209023821, 40.72118172210682 ], [ 107.528112174529653, 40.722070163562911 ], [ 107.529122746963651, 40.722913066252275 ], [ 107.530203857657824, 40.72370703433883 ], [ 107.531351153346364, 40.724448869015291 ], [ 107.532560013695516, 40.725135581412289 ], [ 107.533825569916814, 40.725764404661554 ], [ 107.535142724390752, 40.726332805065262 ], [ 107.5365061712196, 40.726838492324369 ], [ 107.537101018192359, 40.727025277991665 ], [ 107.538003381966234, 40.727359937624975 ], [ 107.53848640490753, 40.727520395203278 ], [ 107.538992888643278, 40.727683722522563 ], [ 107.539914135142411, 40.727964182649615 ], [ 107.54135354736421, 40.728338570419361 ], [ 107.542822300701218, 40.728644921395833 ], [ 107.544314477203812, 40.728882001079342 ], [ 107.545824064339868, 40.729048854100824 ], [ 107.547344979270704, 40.729144808080086 ], [ 107.54887109341314, 40.72916947634188 ], [ 107.550396257188069, 40.729122759477924 ], [ 107.551914324854167, 40.729004845748115 ], [ 107.553419179326355, 40.728816210320311 ], [ 107.554904756877434, 40.728557613351029 ], [ 107.556365071622167, 40.728230096914935 ], [ 107.557794239684554, 40.727834980796132 ], [ 107.55918650295024, 40.727373857157716 ], [ 107.560299917977019, 40.726940558281207 ], [ 107.560435278660918, 40.726942184097169 ], [ 107.561856715463506, 40.726898521588652 ], [ 107.562158896863309, 40.727125293709463 ], [ 107.562467479186409, 40.727347337349968 ], [ 107.562782326216421, 40.727564554448968 ], [ 107.563103298966638, 40.727776849076186 ], [ 107.563430255741395, 40.727984127474237 ], [ 107.563763052198738, 40.728186298100226 ], [ 107.564101541413976, 40.72838327166636 ], [ 107.564445573944752, 40.728574961179248 ], [ 107.564794997896925, 40.728761281978507 ], [ 107.564810659245552, 40.72955866928698 ], [ 107.564821051338143, 40.729882818920153 ], [ 107.56483948925711, 40.730206774368796 ], [ 107.564865966939237, 40.730530427222142 ], [ 107.564900475630253, 40.730853669169221 ], [ 107.56494300388816, 40.731176392034868 ], [ 107.564993537586403, 40.731498487816083 ], [ 107.565052059918855, 40.731819848718303 ], [ 107.56524215078133, 40.732795851706953 ], [ 107.565406527940254, 40.733529894095888 ], [ 107.565734071549272, 40.734628444903564 ], [ 107.566155534563833, 40.73570947834466 ], [ 107.566669223682283, 40.736768640535416 ], [ 107.566896021423588, 40.737178165294644 ], [ 107.566965592164365, 40.737356310326291 ], [ 107.567479304578669, 40.738415471397474 ], [ 107.568083179844322, 40.739448494629102 ], [ 107.56877478943457, 40.740451219108955 ], [ 107.569551351112281, 40.74141960578271 ], [ 107.570409740091321, 40.742349753740918 ], [ 107.571346501583591, 40.743237915951596 ], [ 107.572357864684392, 40.744080514374929 ], [ 107.573347689012436, 40.744806617021389 ], [ 107.573148228654887, 40.745691881465099 ], [ 107.572994255902856, 40.746810908329991 ], [ 107.572936935045405, 40.747934877508229 ], [ 107.572976501342751, 40.749059263306805 ], [ 107.573112799931536, 40.750179538129103 ], [ 107.573345286376721, 40.751291190707917 ], [ 107.573673028793323, 40.75238974427554 ], [ 107.57409471153008, 40.753470774598604 ], [ 107.574608640401806, 40.75452992780513 ], [ 107.574904094379761, 40.755035149945456 ], [ 107.575050622719957, 40.755337118906901 ], [ 107.575276439195051, 40.755744745991684 ], [ 107.575525499292908, 40.756178834440554 ], [ 107.575903809154397, 40.756804216056359 ], [ 107.576595690133203, 40.757806920107321 ], [ 107.57737253969664, 40.75877528075182 ], [ 107.578231231899522, 40.759705397184092 ], [ 107.578406920646387, 40.759881002275101 ], [ 107.578620450856462, 40.760091702280398 ], [ 107.578737284016285, 40.760268290519676 ], [ 107.578983723437432, 40.760627067376795 ], [ 107.579177800526736, 40.760904990422723 ], [ 107.579378857043451, 40.761180209252679 ], [ 107.579586823621483, 40.761452628804129 ], [ 107.579801628505663, 40.761722154980312 ], [ 107.580023197576381, 40.761988694682678 ], [ 107.580251454375187, 40.762252155843115 ], [ 107.580486320131001, 40.762512447455997 ], [ 107.580727713787397, 40.762769479609254 ], [ 107.580975552030523, 40.763023163515925 ], [ 107.581229749317629, 40.763273411544503 ], [ 107.581435457241511, 40.763496201206799 ], [ 107.58237262357585, 40.764384308073886 ], [ 107.583384406231019, 40.765226843960562 ], [ 107.58446673166145, 40.766020414504652 ], [ 107.585615241705199, 40.76676182249679 ], [ 107.586825311133126, 40.767448080782955 ], [ 107.588092066282499, 40.768076424321414 ], [ 107.589410404699407, 40.768644321343849 ], [ 107.590775015711984, 40.76914948357679 ], [ 107.592180401849788, 40.769589875480634 ], [ 107.593620901022788, 40.769963722469043 ], [ 107.595090709370538, 40.770269518075317 ], [ 107.59658390468843, 40.770506030036216 ], [ 107.598094470335312, 40.770672305269223 ], [ 107.599616319526092, 40.77076767372165 ], [ 107.601143319910179, 40.770791751077418 ], [ 107.602669318334222, 40.770744440309194 ], [ 107.604188165691724, 40.770625932070558 ], [ 107.605693741753868, 40.770436703925647 ], [ 107.607179979884592, 40.770177518420304 ], [ 107.607854524358729, 40.770026028363866 ], [ 107.608516513116953, 40.770072214405914 ], [ 107.6096679560995, 40.770165207059257 ], [ 107.61101543870025, 40.770245890983333 ], [ 107.612542431929185, 40.770269839208972 ], [ 107.614068412072612, 40.770222399438481 ], [ 107.615587230097745, 40.770103762845153 ], [ 107.617092765894085, 40.769914407510562 ], [ 107.618578323502931, 40.769660557194705 ], [ 107.618940918387111, 40.769688726057325 ], [ 107.620467902569885, 40.7697125844971 ], [ 107.621993865934769, 40.769665055046119 ], [ 107.623512659516379, 40.769546329238985 ], [ 107.624418841800889, 40.769424086833055 ], [ 107.624830075456245, 40.769370399869786 ], [ 107.625222302667297, 40.769317187295044 ], [ 107.625384417876148, 40.769295433457899 ], [ 107.62581232906264, 40.769238470896745 ], [ 107.625905890325768, 40.769229641407115 ], [ 107.626968756998778, 40.769342113955872 ], [ 107.627433169797399, 40.769379813013899 ], [ 107.627898489180467, 40.769410864423989 ], [ 107.628364539674834, 40.769435256475781 ], [ 107.628831145531009, 40.769452979970467 ], [ 107.629298130789607, 40.76946402822383 ], [ 107.629765319347925, 40.769468397069417 ], [ 107.630232535026323, 40.769466084859523 ], [ 107.630699601634987, 40.769457092466169 ], [ 107.631166343040491, 40.769441423280639 ], [ 107.631632583232189, 40.769419083212213 ], [ 107.63263149535824, 40.769363624116217 ], [ 107.634122856172695, 40.769246289233322 ], [ 107.635628326280298, 40.769056727087268 ], [ 107.637114430174691, 40.768797211988371 ], [ 107.638575179850164, 40.768468789712202 ], [ 107.640004689679458, 40.768072783694308 ], [ 107.641397200173202, 40.767610789685108 ], [ 107.642747101224629, 40.767084669305639 ], [ 107.644048954747831, 40.766496542529715 ], [ 107.644107596976738, 40.766466118999681 ], [ 107.645160375107196, 40.766383646054727 ], [ 107.646665757648236, 40.766193961269373 ], [ 107.64815176417288, 40.765934325346024 ], [ 107.649612407068105, 40.765605784547127 ], [ 107.651041801137708, 40.765209662785558 ], [ 107.652434187359091, 40.76474755627806 ], [ 107.653783956127029, 40.764221327098745 ], [ 107.655085669889218, 40.763633095659529 ], [ 107.656334085081539, 40.762985232148687 ], [ 107.657524173275021, 40.76228034696075 ], [ 107.658651141447152, 40.761521280159123 ], [ 107.659012453112155, 40.76124494164312 ], [ 107.660119399600532, 40.760499328491129 ], [ 107.661178678378207, 40.759689127746533 ], [ 107.662166033580746, 40.758831068623763 ], [ 107.663077490209602, 40.757928607980489 ], [ 107.66370099305604, 40.757234794520876 ], [ 107.665010648882827, 40.756650369683044 ], [ 107.666258856932046, 40.756002419401831 ], [ 107.667448735815611, 40.755297452190817 ], [ 107.668575493354965, 40.754538308443202 ], [ 107.668652192582229, 40.754479630686397 ], [ 107.669536944090837, 40.754626636102735 ], [ 107.669826179115546, 40.754794951665623 ], [ 107.670119964769142, 40.75495893611226 ], [ 107.670418181543283, 40.755118522716515 ], [ 107.670720708124279, 40.755273646541291 ], [ 107.671027421442417, 40.755424244465033 ], [ 107.671338196722033, 40.755570255207289 ], [ 107.671652907532419, 40.75571161935401 ], [ 107.671971425839246, 40.755848279381368 ], [ 107.672696359373916, 40.756207255016541 ], [ 107.674015140350917, 40.756774316800779 ], [ 107.675380113805048, 40.757278615625566 ], [ 107.676785780801012, 40.75771811943067 ], [ 107.678226478113473, 40.758091057208254 ], [ 107.679696401080591, 40.758395926155636 ], [ 107.681189627033376, 40.758631497743956 ], [ 107.682700139205437, 40.758796822680281 ], [ 107.684221851026564, 40.758891234741526 ], [ 107.685748630699067, 40.75891435346589 ], [ 107.686220344332767, 40.758907059431714 ], [ 107.686388700678506, 40.758904004193859 ], [ 107.687784152919193, 40.759062959996925 ], [ 107.689254833298193, 40.759445125970743 ], [ 107.690105200702618, 40.759630449873761 ], [ 107.690654226046888, 40.759742037565985 ], [ 107.691958499768461, 40.760191057420052 ], [ 107.692050568958209, 40.760222579107605 ], [ 107.693456392723547, 40.760661910526828 ], [ 107.694897233037437, 40.761034671363817 ], [ 107.696367284660994, 40.761339359528499 ], [ 107.697860624406246, 40.761574747220521 ], [ 107.698786885553034, 40.761676007391785 ], [ 107.699036539516413, 40.76190496316346 ], [ 107.699292220687681, 40.762130282491214 ], [ 107.699553831483541, 40.762351879328179 ], [ 107.69982127205374, 40.762569669048375 ], [ 107.700094440318892, 40.76278356847866 ], [ 107.70037323200971, 40.762993495930964 ], [ 107.700657540706501, 40.763199371233384 ], [ 107.700947257879989, 40.763401115760701 ], [ 107.701951872293122, 40.764101933075942 ], [ 107.702327249294711, 40.764363195896813 ], [ 107.702447902544009, 40.764446591107898 ], [ 107.703597583349207, 40.765186992072955 ], [ 107.704808733185843, 40.765872189591427 ], [ 107.706076474030482, 40.7664994228941 ], [ 107.707395699450487, 40.767066164684898 ], [ 107.70876109519314, 40.76757013134425 ], [ 107.71016716061979, 40.768009292149351 ], [ 107.711608230897681, 40.768381877473978 ], [ 107.713078499860174, 40.768686385935126 ], [ 107.714572043442587, 40.768921590456237 ], [ 107.716082843597221, 40.769086543223011 ], [ 107.71760481259183, 40.769180579512174 ], [ 107.71913181759183, 40.769203320375901 ], [ 107.720657705424998, 40.769154674172803 ], [ 107.722037680945334, 40.769045778510367 ], [ 107.722200507141679, 40.769199622014305 ], [ 107.722293930943664, 40.769277194243365 ], [ 107.722454475418331, 40.76955055329622 ], [ 107.722715886345981, 40.770086659805337 ], [ 107.723322215889567, 40.771119023235684 ], [ 107.724016253379204, 40.772120985800022 ], [ 107.724795206792564, 40.773088511507034 ], [ 107.725655941702314, 40.774017702909525 ], [ 107.725942646867608, 40.774288553515916 ], [ 107.726033726853416, 40.774386874741047 ], [ 107.72697278833968, 40.775273986397281 ], [ 107.727986387076143, 40.77611544651451 ], [ 107.729070442191556, 40.776907865060949 ], [ 107.730220588546416, 40.777648049465284 ], [ 107.731432194309605, 40.778333017500493 ], [ 107.732700379618905, 40.778960009320677 ], [ 107.734020036249433, 40.779526498601662 ], [ 107.734458702905968, 40.779688278749475 ], [ 107.735232818605994, 40.780020569586171 ], [ 107.736598648152693, 40.780524261724047 ], [ 107.738005129910562, 40.780963138651487 ], [ 107.739446597367603, 40.781335431885566 ], [ 107.740917242755131, 40.781639641219471 ], [ 107.742411140490034, 40.781874540781551 ], [ 107.743922271096025, 40.782039183986114 ], [ 107.74544454550832, 40.782132907356996 ], [ 107.746971829660126, 40.78215533320725 ], [ 107.747353712352719, 40.78214978251858 ], [ 107.749248752683641, 40.782111145758172 ], [ 107.74962040689887, 40.782097041592628 ], [ 107.750538700174999, 40.782687732085734 ], [ 107.751750579822357, 40.783372521464869 ], [ 107.753019026802377, 40.783999325768967 ], [ 107.754338931834525, 40.784565619428953 ], [ 107.755446842814436, 40.78498003645683 ], [ 107.755793483005846, 40.785101512521059 ], [ 107.756051618967646, 40.78519059604249 ], [ 107.756655336902469, 40.785378868149003 ], [ 107.757472957803671, 40.785680211038184 ], [ 107.758879664058909, 40.786118872793352 ], [ 107.760321339464028, 40.786490945045912 ], [ 107.761792175411742, 40.786794928479353 ], [ 107.763286245549693, 40.787029598132001 ], [ 107.764801179758521, 40.787189394997903 ], [ 107.765760310774411, 40.787594596268256 ], [ 107.767126492131268, 40.788097983500897 ], [ 107.768533302838946, 40.78853654575822 ], [ 107.7699750750579, 40.788908515824652 ], [ 107.771445999789989, 40.789212394795307 ], [ 107.772933848348188, 40.789448944338261 ], [ 107.774196280396524, 40.790077539980608 ], [ 107.774292510078553, 40.790118803814394 ], [ 107.774725492642418, 40.790332642010668 ], [ 107.776045680173212, 40.790898727282027 ], [ 107.777411994111461, 40.791402012210455 ], [ 107.77881893011444, 40.791840468818513 ], [ 107.780260819837238, 40.792212330316147 ], [ 107.781731853807912, 40.79251609823573 ], [ 107.78322610487524, 40.792750548483902 ], [ 107.784737552137855, 40.792914736285269 ], [ 107.786260105253177, 40.793007999998551 ], [ 107.787787629030532, 40.793029963788939 ], [ 107.78816956540696, 40.793024297428211 ], [ 107.790091753915021, 40.792984530056977 ], [ 107.790519577905229, 40.792973202197565 ], [ 107.790947031483128, 40.792955881677834 ], [ 107.791373959764627, 40.792932574773936 ], [ 107.791800208056529, 40.792903289931473 ], [ 107.792225621912365, 40.792868037762133 ], [ 107.792650047188786, 40.792826831040003 ], [ 107.793073330101265, 40.792779684696718 ], [ 107.793677474066087, 40.792788343054475 ], [ 107.794826406704445, 40.792751090497752 ], [ 107.795326376198361, 40.792863508358522 ], [ 107.795766194879548, 40.792959468741806 ], [ 107.796208475354277, 40.793049088022102 ], [ 107.796653048942446, 40.793132332016036 ], [ 107.797099746087483, 40.793209168971813 ], [ 107.797548396421163, 40.793279569581294 ], [ 107.797998828828838, 40.793343506991548 ], [ 107.798450871514703, 40.793400956814438 ], [ 107.79890435206751, 40.79345189713672 ], [ 107.799359097526377, 40.793496308527878 ], [ 107.799814934447028, 40.793534174047764 ], [ 107.800271688967896, 40.793565479253068 ], [ 107.800729186876836, 40.793590212202773 ], [ 107.801901268346171, 40.793892271533124 ], [ 107.803372426026598, 40.794195803960839 ], [ 107.804866780809533, 40.794430014858648 ], [ 107.806378311375127, 40.794593960415639 ], [ 107.807900927044486, 40.794686979966691 ], [ 107.809428492374565, 40.79470869866099 ], [ 107.810954851933744, 40.794659028976177 ], [ 107.811135857981171, 40.794648387720478 ], [ 107.813203753899359, 40.794521020558207 ], [ 107.814541745627693, 40.794410783408225 ], [ 107.816047263621499, 40.794219201259203 ], [ 107.817533236051119, 40.793957690173031 ], [ 107.81899367544473, 40.793627303969046 ], [ 107.819720063790911, 40.793425033989095 ], [ 107.820479448307665, 40.793364565669442 ], [ 107.821984929185689, 40.793172917461774 ], [ 107.823470859097711, 40.792911341262069 ], [ 107.824931250743461, 40.792580891151822 ], [ 107.826360219944348, 40.792182898738432 ], [ 107.827752009396676, 40.791718967777037 ], [ 107.829101011907795, 40.791190967693566 ], [ 107.829600904007208, 40.79096425480887 ], [ 107.82971174459405, 40.790961612714405 ], [ 107.830763119656766, 40.790919586567881 ], [ 107.83228201238903, 40.790798506063567 ], [ 107.833787409459561, 40.790606726658453 ], [ 107.835273244957321, 40.790345021179526 ], [ 107.835770632273309, 40.790232425697745 ], [ 107.837067767699651, 40.790063367950388 ], [ 107.838553580406654, 40.789801626489535 ], [ 107.840013841720491, 40.789471014221945 ], [ 107.841442667988289, 40.789072863408215 ], [ 107.841803332406712, 40.78895259026018 ], [ 107.842248080894606, 40.789044147151934 ], [ 107.842695301304133, 40.789128927414431 ], [ 107.843144803145051, 40.789206894932583 ], [ 107.843596394953394, 40.789278016493341 ], [ 107.844049884373192, 40.789342261799803 ], [ 107.844505078238598, 40.789399603484128 ], [ 107.844961782656213, 40.789450017119378 ], [ 107.845419803087978, 40.789493481229826 ], [ 107.845878944434062, 40.789529977300134 ], [ 107.846339011116271, 40.789559489783166 ], [ 107.846799807161318, 40.789582006106876 ], [ 107.847452575128884, 40.789716461767924 ], [ 107.848946979424241, 40.789950182970721 ], [ 107.850458516064919, 40.790113633587502 ], [ 107.851981094347181, 40.790206154947718 ], [ 107.85350857897815, 40.790227374208051 ], [ 107.855034814851777, 40.790177205859045 ], [ 107.85655365190452, 40.790055852069536 ], [ 107.858058969951941, 40.789863801870979 ], [ 107.85843945934559, 40.789803681092771 ], [ 107.859385564541853, 40.789648274692254 ], [ 107.860201691100812, 40.789513352730928 ], [ 107.860642613334363, 40.789437510521054 ], [ 107.861081396660026, 40.789355219593297 ], [ 107.861517867076259, 40.78926651258373 ], [ 107.861951851500535, 40.789171424672872 ], [ 107.862383177838041, 40.789069993571729 ], [ 107.862811675050352, 40.788962259506825 ], [ 107.863237173222956, 40.788848265204017 ], [ 107.863659503633144, 40.788728055871893 ], [ 107.864757507765901, 40.78919791244256 ], [ 107.866124400159194, 40.789700297330896 ], [ 107.867531834966684, 40.790137827326511 ], [ 107.868974141829469, 40.790508739372854 ], [ 107.870445509590965, 40.790811538827938 ], [ 107.871940009752038, 40.79104500550082 ], [ 107.873451620405248, 40.791208198579618 ], [ 107.873739885883779, 40.791231173735838 ], [ 107.874704309856455, 40.791303712146181 ], [ 107.875938676659715, 40.791372990019575 ], [ 107.87746619258202, 40.791393937924191 ], [ 107.878992436323117, 40.791343498347331 ], [ 107.880511257788328, 40.791221874551184 ], [ 107.882016536855815, 40.791029556655197 ], [ 107.8835022080915, 40.790767319656268 ], [ 107.884962285239553, 40.790436220298702 ], [ 107.886286426301965, 40.790069355611166 ], [ 107.887313258220715, 40.789759197958602 ], [ 107.887716020079026, 40.789634257898108 ], [ 107.888115462171839, 40.789503669488269 ], [ 107.888511438373939, 40.789367480509824 ], [ 107.888903803830587, 40.78922574079246 ], [ 107.889368735762559, 40.789095993753662 ], [ 107.890760066254629, 40.788631414215274 ], [ 107.892108556389985, 40.788102785788084 ], [ 107.893408773780905, 40.787512238551052 ], [ 107.89415073935497, 40.787130014071749 ], [ 107.895116956031259, 40.786690858198348 ], [ 107.895347733208453, 40.786570517163383 ], [ 107.895918357398671, 40.786605004178732 ], [ 107.897226190502565, 40.786622747702673 ], [ 107.897445031136186, 40.786782151561404 ], [ 107.898597036150818, 40.787520906884609 ], [ 107.899810381607935, 40.788204368537059 ], [ 107.901080180625414, 40.788829782739562 ], [ 107.902401318465976, 40.789394629522207 ], [ 107.902761679354327, 40.78952695185491 ], [ 107.90287336087907, 40.789619321345945 ], [ 107.903959510526576, 40.790410344688524 ], [ 107.90511163856101, 40.791149047427851 ], [ 107.906325105155858, 40.791832453302909 ], [ 107.907595022940413, 40.792457808758861 ], [ 107.90891627669852, 40.793022594062208 ], [ 107.910283543992762, 40.793524533473551 ], [ 107.911691316631831, 40.793961604435914 ], [ 107.913133922893323, 40.794332045742074 ], [ 107.914605550412134, 40.794634364646697 ], [ 107.916100269641021, 40.794867342894968 ], [ 107.91761205778802, 40.795030041643138 ], [ 107.919134823134527, 40.795121805250282 ], [ 107.920662429632799, 40.795142263926849 ], [ 107.922188721685174, 40.795091335227987 ], [ 107.923707549002003, 40.794969224387003 ], [ 107.925212791438653, 40.79477642348597 ], [ 107.92597609213658, 40.794650615668964 ], [ 107.92708878325675, 40.794453186298391 ], [ 107.928200339635296, 40.794255772308098 ], [ 107.928917861715959, 40.794119699565663 ], [ 107.930377799944964, 40.793788107219534 ], [ 107.931806217770998, 40.793388997086431 ], [ 107.933197360116296, 40.792923977425062 ], [ 107.934545622401089, 40.792394922047762 ], [ 107.935845573158147, 40.791803962753924 ], [ 107.937091975943403, 40.791153480722024 ], [ 107.938279810453736, 40.790446096895771 ], [ 107.939404292765417, 40.78968466140347 ], [ 107.940460894612514, 40.788872242053515 ], [ 107.940638627703535, 40.788724960381138 ], [ 107.94091022019245, 40.788497364024131 ], [ 107.941716948954948, 40.787784514156904 ], [ 107.942625311603962, 40.786880136908565 ], [ 107.943453919802138, 40.78593515758304 ], [ 107.94419943887614, 40.784953382902721 ], [ 107.944302201489222, 40.78479527188302 ], [ 107.945597511912183, 40.784500875751078 ], [ 107.946187297867723, 40.784335992338974 ], [ 107.946441198565012, 40.784303424442683 ], [ 107.947926501674488, 40.784040479732191 ], [ 107.949386152357945, 40.783708685438178 ], [ 107.950814269427653, 40.783309378583816 ], [ 107.951658602742782, 40.78302696491491 ], [ 107.951905309816922, 40.78295798073016 ], [ 107.952164832345218, 40.782985845601608 ], [ 107.953687390082081, 40.783077217773233 ], [ 107.955214754461807, 40.783097284766171 ], [ 107.95674077086295, 40.783045965714081 ], [ 107.957677240773421, 40.782978918694525 ], [ 107.95892001528604, 40.782871842008099 ], [ 107.959502062824797, 40.782816385378766 ], [ 107.960132188096637, 40.782736444185296 ], [ 107.960520783713903, 40.782730377853632 ], [ 107.962104975148648, 40.782695574221457 ], [ 107.963249110373738, 40.782650340448392 ], [ 107.96476761049027, 40.782527768915259 ], [ 107.96627248832749, 40.782334512476211 ], [ 107.967757680070278, 40.78207134990997 ], [ 107.969217201397782, 40.781739341690212 ], [ 107.969888437752104, 40.781551546305828 ], [ 107.970018633203935, 40.781521928086079 ], [ 107.970512205241022, 40.781985801340952 ], [ 107.971348482032269, 40.782684224917872 ], [ 107.974152685946706, 40.784905606880919 ], [ 107.97433291210821, 40.785046812981761 ], [ 107.975419766799774, 40.785837256380908 ], [ 107.976572544591235, 40.786575344498914 ], [ 107.977786603033437, 40.787258103550286 ], [ 107.979057052366457, 40.787882782585804 ], [ 107.980378775228047, 40.788446864596864 ], [ 107.981746447286582, 40.788948076677443 ], [ 107.983154558716095, 40.789384399201218 ], [ 107.984549484003864, 40.789742990796192 ], [ 107.989074830513033, 40.790792640210313 ], [ 107.990570677529149, 40.791099669603462 ], [ 107.99164005309585, 40.791273138028593 ], [ 107.994940030322894, 40.791750726381551 ], [ 107.997309220585876, 40.793391931080009 ], [ 107.997444312944367, 40.793484792881188 ], [ 107.998597433727198, 40.794222699160692 ], [ 107.999811824901656, 40.794905265879628 ], [ 108.001082595365929, 40.795529742862819 ], [ 108.002404626462379, 40.796093613915055 ], [ 108.003772592616016, 40.79659460697988 ], [ 108.005180982814579, 40.797030703312785 ], [ 108.006624122842879, 40.797400145633226 ], [ 108.008096198180667, 40.797701445220895 ], [ 108.009591277472907, 40.797933387928239 ], [ 108.009781940915985, 40.797957761598525 ], [ 108.012705225641, 40.798322524648135 ], [ 108.013133610497306, 40.798373089710168 ], [ 108.013563170431809, 40.798417929184502 ], [ 108.01399376422296, 40.79845702832877 ], [ 108.014425250308562, 40.798490374287802 ], [ 108.014857486832568, 40.798517956097946 ], [ 108.015290331691546, 40.798539764690737 ], [ 108.015723642581719, 40.798555792895797 ], [ 108.016157277045764, 40.798566035443365 ], [ 108.016591092519647, 40.798570488965751 ], [ 108.01702494637982, 40.798569151998777 ], [ 108.019147932053457, 40.799360295645222 ], [ 108.01999095650639, 40.79965943453815 ], [ 108.021399502516829, 40.800095363023473 ], [ 108.022842785020828, 40.800464633082427 ], [ 108.024314988923251, 40.800765756688541 ], [ 108.025810182350284, 40.800997520403456 ], [ 108.027322340596044, 40.801158990277131 ], [ 108.027946710468683, 40.8012047705651 ], [ 108.030984703801408, 40.801398089999253 ], [ 108.031883368016963, 40.801442814821286 ], [ 108.033411137198399, 40.801461996424216 ], [ 108.034937481664585, 40.801409791276406 ], [ 108.03645625091508, 40.801286409754844 ], [ 108.03796132504047, 40.801092349062273 ], [ 108.038805138782266, 40.800942395663455 ], [ 108.039586161379873, 40.800878926223916 ], [ 108.041091218802208, 40.800684830693122 ], [ 108.042576513610229, 40.800420838502951 ], [ 108.044036061069392, 40.800088013470642 ], [ 108.044735866648594, 40.799891825630631 ], [ 108.045196555812268, 40.800117982322064 ], [ 108.046519010117223, 40.800681423826298 ], [ 108.047887364403053, 40.801181971989898 ], [ 108.049296106091006, 40.801617609860749 ], [ 108.049875700641493, 40.801765766728288 ], [ 108.050288745039737, 40.802274799679225 ], [ 108.051153957521691, 40.803201939013576 ], [ 108.052097330777045, 40.804086810587428 ], [ 108.053115067237556, 40.80492584960308 ], [ 108.054203069342364, 40.805715675774259 ], [ 108.0553569560292, 40.806453106966551 ], [ 108.056572080376668, 40.807135172038507 ], [ 108.057843548325437, 40.807759122834909 ], [ 108.059166238403932, 40.80832244527933 ], [ 108.060534822378514, 40.808822869524462 ], [ 108.061943786744351, 40.809258379116912 ], [ 108.062760347628952, 40.809476273471383 ], [ 108.063809722092586, 40.809740623755907 ], [ 108.064258598354741, 40.809849883811403 ], [ 108.064710260721668, 40.809952736614619 ], [ 108.065164540380451, 40.810049143718601 ], [ 108.065621267537807, 40.810139069085544 ], [ 108.066080271483671, 40.810222479100368 ], [ 108.066541380654968, 40.810299342583605 ], [ 108.067004422700222, 40.810369630802619 ], [ 108.067469224543814, 40.810433317482698 ], [ 108.067935612450768, 40.81049037881688 ], [ 108.068403412092223, 40.810540793474658 ], [ 108.068601162109374, 40.810668465595917 ], [ 108.068721932270293, 40.81097604837548 ], [ 108.068850564975136, 40.811281899465229 ], [ 108.068987014532766, 40.81158590998907 ], [ 108.069131232467583, 40.811887971724509 ], [ 108.069283167536881, 40.812187977141342 ], [ 108.069442765748747, 40.81248581944002 ], [ 108.069609970381279, 40.812781392589699 ], [ 108.06978472200268, 40.813074591365691 ], [ 108.069966958492117, 40.813365311387543 ], [ 108.070156615062018, 40.81365344915573 ], [ 108.07035362428077, 40.81393890208868 ], [ 108.070557916096718, 40.814221568559482 ], [ 108.070695687717219, 40.814409081932681 ], [ 108.070825176121687, 40.814582988556275 ], [ 108.071609169602539, 40.815548551622577 ], [ 108.072474809753317, 40.816475568362584 ], [ 108.07341861254946, 40.817360304341307 ], [ 108.074436778691378, 40.818199195305979 ], [ 108.075525208886546, 40.818988861565664 ], [ 108.076679520347, 40.819726121628783 ], [ 108.077895064438735, 40.820408005042367 ], [ 108.079166945409824, 40.821031764381786 ], [ 108.079485497421715, 40.821174955776065 ], [ 108.081337114950983, 40.821992815317898 ], [ 108.081725124098895, 40.822160941377547 ], [ 108.082117600361286, 40.822323355449576 ], [ 108.082514388507448, 40.822479993281348 ], [ 108.082915331597803, 40.822630792904704 ], [ 108.083320271046134, 40.822775694660805 ], [ 108.08372904668235, 40.822914641223811 ], [ 108.084141496815931, 40.823047577623541 ], [ 108.084557458300054, 40.8231744512671 ], [ 108.084702064808866, 40.823309964169752 ], [ 108.084980321445428, 40.823549970998783 ], [ 108.085489942851737, 40.823981692688747 ], [ 108.086230073361079, 40.824580494936392 ], [ 108.087318726072709, 40.825370071870978 ], [ 108.088473257346863, 40.826107236462263 ], [ 108.089689017663332, 40.826789018641307 ], [ 108.090961110398439, 40.827412671390753 ], [ 108.092284411561138, 40.827975681833735 ], [ 108.093653590453357, 40.828475781378657 ], [ 108.095063131170946, 40.828910954879277 ], [ 108.096507354857195, 40.829279448771601 ], [ 108.097980442620567, 40.82957977815564 ], [ 108.099476459021631, 40.829810732791955 ], [ 108.10033206557263, 40.82990158760056 ], [ 108.100709507627016, 40.830054291903089 ], [ 108.101091020034346, 40.83020141781148 ], [ 108.101476450561194, 40.830342906606411 ], [ 108.10186564540777, 40.830478701818066 ], [ 108.102258449269272, 40.830608749248775 ], [ 108.102654705398052, 40.830732996994286 ], [ 108.103054255666109, 40.830851395465253 ], [ 108.103456940628561, 40.830963897406214 ], [ 108.103862599586989, 40.831070457915139 ], [ 108.104881285670615, 40.831720621677938 ], [ 108.106097292506718, 40.832402260424509 ], [ 108.107369623034884, 40.83302576251144 ], [ 108.10869315230498, 40.833588615668376 ], [ 108.110062548698849, 40.834088551937015 ], [ 108.110989250486213, 40.834383188761663 ], [ 108.111318840846153, 40.834481999707315 ], [ 108.111801887081228, 40.834622366610432 ], [ 108.113246308086858, 40.834990683753972 ], [ 108.114719579805254, 40.835290832355092 ], [ 108.116215766054964, 40.835521602902752 ], [ 108.117728838125032, 40.835682065448239 ], [ 108.119252699117112, 40.835771573361242 ], [ 108.120781208564011, 40.835789765941627 ], [ 108.122200493153755, 40.835740322881591 ], [ 108.122655060069235, 40.835773253673906 ], [ 108.123110445644627, 40.835799353057197 ], [ 108.123566460247034, 40.835818610162541 ], [ 108.124022913981193, 40.835831016970303 ], [ 108.124479616768511, 40.835836568313603 ], [ 108.124936378426483, 40.835835261880618 ], [ 108.125393008748162, 40.83582709821551 ], [ 108.125996012100927, 40.835813124091608 ], [ 108.127646636325778, 40.835779180219859 ], [ 108.12809865443576, 40.835767115420666 ], [ 108.12855025330407, 40.835748390222534 ], [ 108.129001251655382, 40.835723012142275 ], [ 108.129451468455926, 40.835690991367535 ], [ 108.129900722986221, 40.835652340752418 ], [ 108.130348834913889, 40.835607075812483 ], [ 108.130795624366073, 40.835555214718411 ], [ 108.131240912001871, 40.83549677828875 ], [ 108.131804124995782, 40.836444226007671 ], [ 108.13250438024167, 40.837444152461131 ], [ 108.133289434188441, 40.838409382456298 ], [ 108.134156127815629, 40.839336027779233 ], [ 108.135100972852243, 40.84022035548827 ], [ 108.136120165797706, 40.84105880297254 ], [ 108.137209603219119, 40.841847992325079 ], [ 108.13726678927263, 40.84188446142857 ], [ 108.137841697068723, 40.842591201676598 ], [ 108.138708498060268, 40.843517822274684 ], [ 108.139653452300124, 40.844402122416675 ], [ 108.140672755847646, 40.845240539602393 ], [ 108.141762304824439, 40.846029696046493 ], [ 108.14291771193173, 40.846766412308554 ], [ 108.143703074845376, 40.847206221409195 ], [ 108.144145302566713, 40.847678884552003 ], [ 108.145090376458967, 40.848563150914828 ], [ 108.146109800481227, 40.849401531103382 ], [ 108.147199470269399, 40.850190647481043 ], [ 108.148354998037902, 40.850927320768285 ], [ 108.149377174354058, 40.851499650385108 ], [ 108.149662624229791, 40.851681621887558 ], [ 108.150879381202159, 40.852362872803546 ], [ 108.152152441613552, 40.852985967016103 ], [ 108.153476677570126, 40.85354839389651 ], [ 108.154846754603412, 40.854047887202746 ], [ 108.156257153186374, 40.85448243422951 ], [ 108.157702191002016, 40.854850283935711 ], [ 108.159176045874574, 40.85514995401585 ], [ 108.160672779270286, 40.855380236886425 ], [ 108.16218636027132, 40.855540204563361 ], [ 108.163710689926461, 40.855629212410172 ], [ 108.165239625878272, 40.855646901741601 ], [ 108.166767007167593, 40.855593201272832 ], [ 108.168286679113521, 40.855468327407131 ], [ 108.169792518168009, 40.85527278336189 ], [ 108.171278456643194, 40.855007357135754 ], [ 108.172738507212046, 40.854673118326239 ], [ 108.17416678708085, 40.854271413809023 ], [ 108.175123060272796, 40.85395823600512 ], [ 108.175523213382462, 40.853856735774308 ], [ 108.175920491992443, 40.8537492992306 ], [ 108.17631473338075, 40.853635970384893 ], [ 108.176705776071572, 40.853516795661669 ], [ 108.177093459901684, 40.853391823879754 ], [ 108.177477626086144, 40.853261106232473 ], [ 108.177858117283421, 40.85312469626659 ], [ 108.178234777659767, 40.85298264986038 ], [ 108.178607452953415, 40.852835025200505 ], [ 108.178688305118087, 40.852807840721596 ], [ 108.180035890392304, 40.852276295590741 ], [ 108.181334916565746, 40.851682930391057 ], [ 108.182580150934001, 40.851030135996439 ], [ 108.183766577917069, 40.85032054266842 ], [ 108.184889419278932, 40.849557009437973 ], [ 108.185944153382707, 40.848742612565118 ], [ 108.186580571792533, 40.848197012518312 ], [ 108.18690686015033, 40.847905523696355 ], [ 108.187185777635378, 40.847651622611494 ], [ 108.18745829081999, 40.847393985237808 ], [ 108.1877243073112, 40.847132698992624 ], [ 108.187983736923044, 40.846867852530522 ], [ 108.188236491707357, 40.846599535712897 ], [ 108.188482485983428, 40.846327839577555 ], [ 108.188721636367021, 40.846052856307786 ], [ 108.188953861798794, 40.845774679201028 ], [ 108.189179083571332, 40.845493402637125 ], [ 108.189397225356217, 40.845209122046434 ], [ 108.189617563465589, 40.844915698104202 ], [ 108.189948151989725, 40.844459880027543 ], [ 108.190604703871571, 40.843443996134589 ], [ 108.191172345845871, 40.842399518430888 ], [ 108.191648795459599, 40.841330653890743 ], [ 108.192032137823404, 40.840241707511694 ], [ 108.192152818176197, 40.839779949241837 ], [ 108.192647249684484, 40.839014828653724 ], [ 108.193214828038919, 40.837970347750726 ], [ 108.193691218881611, 40.836901481515817 ], [ 108.194074507559691, 40.835812534953206 ], [ 108.194096846965053, 40.83566375612471 ], [ 108.194131468221045, 40.835594551267604 ], [ 108.194823554836731, 40.834678285998343 ], [ 108.194889064479923, 40.834576898913951 ], [ 108.195676763687558, 40.834163754919452 ], [ 108.196862789549158, 40.833454060417708 ], [ 108.197985234806936, 40.832690433244714 ], [ 108.199039579420315, 40.831875950037713 ], [ 108.200021578133303, 40.831013892216333 ], [ 108.200537814529255, 40.830497396984946 ], [ 108.200706480914292, 40.83054028470405 ], [ 108.202180021619569, 40.830839476620412 ], [ 108.203676392379265, 40.831069276015995 ], [ 108.205189563736951, 40.831228756855346 ], [ 108.20671343839247, 40.831317276464297 ], [ 108.20824187582302, 40.831334478125569 ], [ 108.208623976412156, 40.831327620664439 ], [ 108.20914700431932, 40.8313059383999 ], [ 108.209434704518458, 40.831354305076864 ], [ 108.210931108637226, 40.831584024145506 ], [ 108.212444306488109, 40.831743423712567 ], [ 108.213968200664127, 40.831831861431354 ], [ 108.215496650563509, 40.831848980914437 ], [ 108.217023497187199, 40.831794713173288 ], [ 108.218542588010337, 40.831669276897053 ], [ 108.218908344537951, 40.83162827776853 ], [ 108.220511843896006, 40.831439240178838 ], [ 108.221651294834089, 40.831284126470933 ], [ 108.223136556800725, 40.831018136733 ], [ 108.224595890516099, 40.830683346299018 ], [ 108.226023416078206, 40.830281104266589 ], [ 108.227413382016678, 40.829813031514888 ], [ 108.228760188505632, 40.829281014158909 ], [ 108.230058409959355, 40.828687195932709 ], [ 108.231302816918813, 40.828033969533855 ], [ 108.232488397140884, 40.827323966962297 ], [ 108.233610375804119, 40.826560048895857 ], [ 108.2346642347499, 40.825745293142596 ], [ 108.235645730680943, 40.824882982219272 ], [ 108.236550912244311, 40.823976590104756 ], [ 108.237364940970195, 40.823021926155761 ], [ 108.237435882036763, 40.822950576677265 ], [ 108.23765315022851, 40.822782584591586 ], [ 108.237888309407921, 40.8225759633821 ], [ 108.238105359718375, 40.822408137444199 ], [ 108.239086770210818, 40.821545804822875 ], [ 108.239991867746738, 40.820639393126974 ], [ 108.240817009153645, 40.819692553859632 ], [ 108.241558873743713, 40.818709101229985 ], [ 108.24168536070556, 40.818498875288135 ], [ 108.242033449054418, 40.818311214068338 ], [ 108.242376719062392, 40.81811880602784 ], [ 108.242715051260646, 40.817921718155581 ], [ 108.243048327902329, 40.817720019069036 ], [ 108.243376433003391, 40.817513778990552 ], [ 108.243699252383223, 40.81730306972284 ], [ 108.244016673704181, 40.817087964623852 ], [ 108.24432858651069, 40.816868538581147 ], [ 108.244634882267917, 40.816644867985964 ], [ 108.244935454399311, 40.816417030706432 ], [ 108.245230198323839, 40.816185106060537 ], [ 108.245556735093956, 40.815924509233405 ], [ 108.24581675305744, 40.815713622607817 ], [ 108.246452635798832, 40.815154761679892 ], [ 108.247203951169283, 40.815428160622908 ], [ 108.247305564252571, 40.815468232918484 ], [ 108.248686642335386, 40.815971113561687 ], [ 108.250096863381657, 40.816404660466183 ], [ 108.251541619923159, 40.816771488955247 ], [ 108.253015090915426, 40.817070120839659 ], [ 108.25451133936977, 40.817299352720582 ], [ 108.256024336322199, 40.817458260850096 ], [ 108.257547985175208, 40.817546204862012 ], [ 108.258370476902599, 40.817564028307167 ], [ 108.25943724062563, 40.817573718877476 ], [ 108.259915412347226, 40.817574566015971 ], [ 108.260393512621889, 40.817568424440573 ], [ 108.260871352861216, 40.817555296574064 ], [ 108.261348744579422, 40.817535187594977 ], [ 108.261825499468117, 40.817508105436026 ], [ 108.26382215895552, 40.817379979421588 ], [ 108.265184796250807, 40.817263660223709 ], [ 108.266689587984885, 40.817067043831521 ], [ 108.268174396874898, 40.816800562696031 ], [ 108.269633240150327, 40.816465290664226 ], [ 108.271060239887632, 40.81606257877381 ], [ 108.272449646737897, 40.815594049796367 ], [ 108.27379586313053, 40.81506159168439 ], [ 108.275093465860309, 40.814467349946817 ], [ 108.275915009742974, 40.814035608736233 ], [ 108.276059488049995, 40.813969441463456 ], [ 108.277303233038253, 40.813315801971669 ], [ 108.278488127409162, 40.812605407339781 ], [ 108.279609399107486, 40.811841119823491 ], [ 108.28066253282546, 40.811026018717804 ], [ 108.281643288190281, 40.810163387928824 ], [ 108.282547716834401, 40.809256702722323 ], [ 108.283372178282221, 40.808309615701432 ], [ 108.284113354586665, 40.807325942071735 ], [ 108.284768263659501, 40.806309644252686 ], [ 108.28533427124124, 40.805264815897957 ], [ 108.285598215152334, 40.804699115529075 ], [ 108.285876981765668, 40.804067124163957 ], [ 108.286379713700796, 40.803399836946085 ], [ 108.287034556076591, 40.802383532722644 ], [ 108.287600500853983, 40.801338699585038 ], [ 108.288075272416492, 40.80026954593442 ], [ 108.288456962632765, 40.79918037792801 ], [ 108.288744038482065, 40.79807558212319 ], [ 108.288935348164642, 40.796959607800261 ], [ 108.28899362346209, 40.796269329023147 ], [ 108.289129691060239, 40.796053712401985 ], [ 108.289258519562367, 40.795835699160449 ], [ 108.289380031211437, 40.795615420996526 ], [ 108.289494152672404, 40.795393010975424 ], [ 108.289600815076298, 40.795168603448715 ], [ 108.289699954061803, 40.794942333973204 ], [ 108.290015543242475, 40.795005977873025 ], [ 108.290332985918027, 40.795064413231458 ], [ 108.290652123489551, 40.79511761085142 ], [ 108.290972796510189, 40.795165544153008 ], [ 108.291294844764792, 40.795208189186297 ], [ 108.29161810735043, 40.795245524643704 ], [ 108.291942422756549, 40.795277531870688 ], [ 108.292285265361343, 40.795364765819436 ], [ 108.292630630238605, 40.795446430268434 ], [ 108.292978350460331, 40.795522485742801 ], [ 108.29332825795845, 40.795592895478549 ], [ 108.293680183606241, 40.795657625440732 ], [ 108.29403395729986, 40.795716644339819 ], [ 108.294389408041042, 40.795769923646802 ], [ 108.294746364019616, 40.795817437607234 ], [ 108.29518735676109, 40.795892753468735 ], [ 108.295630200928571, 40.79596193290336 ], [ 108.296074738958538, 40.796024951294882 ], [ 108.296520812683596, 40.796081786219318 ], [ 108.296968263388678, 40.79613241745286 ], [ 108.297416931867758, 40.796176826979227 ], [ 108.297866658480586, 40.796214998995893 ], [ 108.298317283209613, 40.796246919919959 ], [ 108.298768645716919, 40.79627257839276 ], [ 108.299602426332143, 40.796314248453307 ], [ 108.300022535910713, 40.796332528566964 ], [ 108.300443015461767, 40.796345399005737 ], [ 108.30086373643816, 40.796352855834797 ], [ 108.301284570218868, 40.796354896774268 ], [ 108.301705388148221, 40.796351521200151 ], [ 108.302126061575393, 40.796342730144488 ], [ 108.303684794798343, 40.796300105440601 ], [ 108.30473606298861, 40.79625438127195 ], [ 108.306254264039495, 40.796127962640924 ], [ 108.307758510027227, 40.795930892918825 ], [ 108.309242739690021, 40.79566396625107 ], [ 108.310700972593665, 40.795328258279277 ], [ 108.312127333276607, 40.794925121796865 ], [ 108.313516074967382, 40.794456181285412 ], [ 108.314861602778578, 40.793923326354161 ], [ 108.315589865436493, 40.793589422526274 ], [ 108.315770772728712, 40.793909092567162 ], [ 108.315960197335201, 40.794226077604343 ], [ 108.31615806587628, 40.794540254655935 ], [ 108.316364301693483, 40.794851501827864 ], [ 108.316578824878917, 40.795159698360933 ], [ 108.316801552306345, 40.795464724678055 ], [ 108.317032397663255, 40.795766462430429 ], [ 108.317271271484131, 40.796064794543703 ], [ 108.317518081185128, 40.796359605263312 ], [ 108.317772731099979, 40.796650780199514 ], [ 108.318035122516761, 40.79693820637177 ], [ 108.31830515371631, 40.797221772252904 ], [ 108.319529347768921, 40.798481929950981 ], [ 108.319813286942704, 40.798768113114193 ], [ 108.320104943218936, 40.79905005971132 ], [ 108.320404200058078, 40.799327656992887 ], [ 108.320710937877251, 40.799600793947143 ], [ 108.321025034097843, 40.799869361344825 ], [ 108.321346363194579, 40.800133251782697 ], [ 108.321674796745583, 40.800392359726622 ], [ 108.322010203483686, 40.800646581553984 ], [ 108.322352449348912, 40.80089581559487 ], [ 108.322701397542119, 40.801139962173153 ], [ 108.32390598500298, 40.801966036706226 ], [ 108.324241659661894, 40.802191907922875 ], [ 108.324583071130292, 40.802413071376975 ], [ 108.324930097615052, 40.802629448134937 ], [ 108.325282615315771, 40.802840960970819 ], [ 108.325640498469028, 40.803047534393976 ], [ 108.326003619393248, 40.803249094675792 ], [ 108.32637184853435, 40.803445569876537 ], [ 108.326745054511832, 40.80363688987066 ], [ 108.328497440611713, 40.804517233686781 ], [ 108.330727819988113, 40.805647245575152 ], [ 108.331721573738307, 40.806124579132984 ], [ 108.332186886635327, 40.806330932929676 ], [ 108.333460827404792, 40.806881558075943 ], [ 108.334734686682438, 40.807436517775685 ], [ 108.33566623958032, 40.807822055073295 ], [ 108.337036702234357, 40.808319671458513 ], [ 108.338447299202485, 40.808752290696809 ], [ 108.339892347360831, 40.809118169516431 ], [ 108.341366024486476, 40.809415833554993 ], [ 108.342862392757709, 40.809644083313792 ], [ 108.344375422725548, 40.809801999002808 ], [ 108.345899017658354, 40.809888944255079 ], [ 108.347427038160134, 40.809904568697874 ], [ 108.348953326962999, 40.809848809367537 ], [ 108.349116903980033, 40.809838581625833 ], [ 108.351211903176463, 40.809702277324703 ], [ 108.352566727115871, 40.809585565637214 ], [ 108.353444193704064, 40.809479142658006 ], [ 108.356576401749592, 40.809055339578663 ], [ 108.357203325558075, 40.808964158686337 ], [ 108.358687639134459, 40.808696683840758 ], [ 108.36014590476934, 40.808360436197077 ], [ 108.361572246870693, 40.807956770723607 ], [ 108.362960918743696, 40.807487314033956 ], [ 108.364306325784298, 40.80695395781764 ], [ 108.364616304187692, 40.806811700961418 ], [ 108.365065781319302, 40.806766834618905 ], [ 108.365513924818231, 40.806715245033033 ], [ 108.36596054906731, 40.806656953573373 ], [ 108.366405469079922, 40.806591984385292 ], [ 108.366848500576751, 40.806520364380397 ], [ 108.367289460062267, 40.806442123224933 ], [ 108.367728164900754, 40.806357293327594 ], [ 108.368164433392252, 40.806265909826315 ], [ 108.368598084847889, 40.80616801057328 ], [ 108.369028939664744, 40.806063636119504 ], [ 108.369267701532706, 40.806039450734616 ], [ 108.369370975243285, 40.806045325790834 ], [ 108.370898920353568, 40.806060684255733 ], [ 108.372425110924155, 40.806004659568316 ], [ 108.373943397076403, 40.805877477497795 ], [ 108.374930282875852, 40.805747693363472 ], [ 108.375729816296655, 40.805793141696576 ], [ 108.376155637009816, 40.805804582001279 ], [ 108.376937199232316, 40.805820480995486 ], [ 108.378039319970242, 40.805824320726501 ], [ 108.379378854042386, 40.805775138270278 ], [ 108.380551491703457, 40.806428916741091 ], [ 108.381825706655462, 40.807049809539173 ], [ 108.383150874173879, 40.807609951313978 ], [ 108.384521656024063, 40.808107085031317 ], [ 108.385932529827841, 40.808539207494796 ], [ 108.387377811343967, 40.808904577434276 ], [ 108.387703312157058, 40.808970203009764 ], [ 108.38809539559017, 40.809083836922447 ], [ 108.388490272562237, 40.809192104174826 ], [ 108.38888780749366, 40.809294967588478 ], [ 108.389287863890431, 40.809392391840262 ], [ 108.389690304391095, 40.809484343474871 ], [ 108.390094990813836, 40.809570790916062 ], [ 108.390501784204147, 40.809651704477709 ], [ 108.390910544882558, 40.809727056373823 ], [ 108.39132113249282, 40.809796820728209 ], [ 108.392162653053319, 40.809935281645579 ], [ 108.393291991198396, 40.810100330578614 ], [ 108.39353100939411, 40.810129997520171 ], [ 108.394079636072789, 40.810196003058145 ], [ 108.395351485469547, 40.810328574704378 ], [ 108.395750658134133, 40.810422072686414 ], [ 108.396152174199685, 40.810509967508921 ], [ 108.396555888489658, 40.810592227388099 ], [ 108.396961655031092, 40.810668822577902 ], [ 108.397369327107583, 40.810739725380365 ], [ 108.397778757312295, 40.81080491015603 ], [ 108.398189797601461, 40.810864353333066 ], [ 108.398602299347857, 40.810918033415781 ], [ 108.39901611339495, 40.810965930992566 ], [ 108.399431090110596, 40.811008028742748 ], [ 108.3998470794415, 40.811044311442913 ], [ 108.4001997130989, 40.811115370393473 ], [ 108.401696299665502, 40.811342967844432 ], [ 108.403209491674431, 40.811500223831416 ], [ 108.404733191739979, 40.811586504645987 ], [ 108.404974148202442, 40.81159360829043 ], [ 108.405755985072645, 40.811613769385339 ], [ 108.406181610731807, 40.811621971025943 ], [ 108.406607366909171, 40.811624631579626 ], [ 108.407033120433255, 40.811621750214087 ], [ 108.407458738133542, 40.811613327830685 ], [ 108.407884086882092, 40.811599367064005 ], [ 108.408309033635135, 40.81157987228098 ], [ 108.408733445475008, 40.811554849579842 ], [ 108.409615188255614, 40.811497080781145 ], [ 108.41096945521187, 40.811379814771257 ], [ 108.412473731909145, 40.811181573628829 ], [ 108.413957887988289, 40.810913489892371 ], [ 108.415415943314144, 40.810576643866391 ], [ 108.416167493709224, 40.810363604243491 ], [ 108.417109756392279, 40.810239391157026 ], [ 108.418593876327193, 40.809971256700493 ], [ 108.420051891482387, 40.809634360926736 ], [ 108.421477927277337, 40.809230061415661 ], [ 108.422502037621527, 40.80888330550988 ], [ 108.422916013920684, 40.808808094037545 ], [ 108.423327999192608, 40.808727176841629 ], [ 108.423737848283594, 40.808640582434364 ], [ 108.424145416794019, 40.808548341328432 ], [ 108.424550561129536, 40.808450486025954 ], [ 108.424953138551459, 40.808347051007232 ], [ 108.425353007227386, 40.808238072718403 ], [ 108.425750026281179, 40.808123589558669 ], [ 108.426144055842556, 40.808003641866698 ], [ 108.426534957096649, 40.807878271906375 ], [ 108.427123441835988, 40.807685945150688 ], [ 108.427497709442264, 40.807561172603819 ], [ 108.427868790116818, 40.80743134586838 ], [ 108.428236557897463, 40.807296509021945 ], [ 108.428600887948903, 40.807156707842729 ], [ 108.428961656604869, 40.807011989794319 ], [ 108.429318741410327, 40.806862404009038 ], [ 108.429672021163157, 40.806708001271701 ], [ 108.430021375955263, 40.806548834001994 ], [ 108.430400754981719, 40.806404930737202 ], [ 108.430776159821519, 40.806255487789194 ], [ 108.431147441203692, 40.806100564593116 ], [ 108.431514451499979, 40.805940222763375 ], [ 108.431877044783533, 40.805774526068873 ], [ 108.432235076887039, 40.805603540407738 ], [ 108.432588405459995, 40.805427333781005 ], [ 108.43293689002553, 40.80524597626561 ], [ 108.433280392036053, 40.805059539986381 ], [ 108.434565405443806, 40.8044688800206 ], [ 108.43506599888623, 40.804204879573135 ], [ 108.435450303110059, 40.804036665549489 ], [ 108.435829804804442, 40.803862644547038 ], [ 108.436204342069146, 40.803682890824724 ], [ 108.43657375512575, 40.80349748108744 ], [ 108.436937886385834, 40.803306494452656 ], [ 108.437296580518407, 40.803110012417214 ], [ 108.437649684516089, 40.802908118822032 ], [ 108.437997047760561, 40.80270089981655 ], [ 108.438282213493082, 40.802569090756265 ], [ 108.438563182079278, 40.80243248510574 ], [ 108.438839804668035, 40.802291155249449 ], [ 108.439111934713566, 40.802145176074902 ], [ 108.439379428053144, 40.80199462493249 ], [ 108.439642142983374, 40.80183958159477 ], [ 108.43989994033528, 40.801680128214016 ], [ 108.440184094585518, 40.801566365060829 ], [ 108.440464675120865, 40.801447893083221 ], [ 108.440741537972428, 40.80132477307982 ], [ 108.441014541081245, 40.801197068234337 ], [ 108.441283544371217, 40.801064844082774 ], [ 108.441548409821095, 40.800928168480233 ], [ 108.441809001535333, 40.800787111565668 ], [ 108.442161825367648, 40.800613068881496 ], [ 108.442510122890184, 40.800434154575676 ], [ 108.442853770006835, 40.800250432414387 ], [ 108.443192644281609, 40.800061967877028 ], [ 108.443526624982226, 40.799868828132546 ], [ 108.443855593123217, 40.799671082015614 ], [ 108.44417943150836, 40.799468800001812 ], [ 108.444498024772386, 40.799262054182897 ], [ 108.444811259422181, 40.799050918240738 ], [ 108.445755679543012, 40.798544786247398 ], [ 108.446938695473833, 40.797832924995895 ], [ 108.448057977490805, 40.79706725131139 ], [ 108.44910901831328, 40.796250850069896 ], [ 108.450087586010937, 40.795387010411552 ], [ 108.450989741039805, 40.794479212467522 ], [ 108.451811852093115, 40.793531113318878 ], [ 108.452550610700868, 40.792546532243293 ], [ 108.453203044522297, 40.791529435310053 ], [ 108.4537665292752, 40.790483919385963 ], [ 108.454238905315108, 40.789413156565026 ], [ 108.454671716238195, 40.789030703997476 ], [ 108.455573735888592, 40.788122882012821 ], [ 108.456395715999449, 40.787174761837093 ], [ 108.457134348628273, 40.786190162832185 ], [ 108.457786661941228, 40.785173051139168 ], [ 108.457933744289704, 40.7849000921711 ], [ 108.458332630921049, 40.784689573421332 ], [ 108.459515300149846, 40.783977613173114 ], [ 108.460634238292243, 40.783211847290993 ], [ 108.461684939453733, 40.782395361021472 ], [ 108.462663173072329, 40.781531443845942 ], [ 108.463565000950453, 40.780623576206729 ], [ 108.463832427886913, 40.780315029641137 ], [ 108.464654889834421, 40.779487027485189 ], [ 108.465476655071527, 40.778538861332706 ], [ 108.466215078146334, 40.777554222322742 ], [ 108.466867188068932, 40.776537076756703 ], [ 108.467430361861275, 40.77549152169609 ], [ 108.467902335073191, 40.77442176844287 ], [ 108.468182181726263, 40.773616935419589 ], [ 108.469224767010303, 40.773202402060754 ], [ 108.470520035970083, 40.772606310146116 ], [ 108.471761336503974, 40.771950909984589 ], [ 108.47294366889993, 40.771238842328401 ], [ 108.474062271437006, 40.770472976168747 ], [ 108.475112639573055, 40.769656397154854 ], [ 108.47609054408845, 40.768792395140736 ], [ 108.476992048111583, 40.767884450909548 ], [ 108.477813522958115, 40.766936222129324 ], [ 108.478551662720875, 40.765951528597647 ], [ 108.479203497550941, 40.764934336834663 ], [ 108.479766405577777, 40.763888744087019 ], [ 108.480238123421344, 40.762818961807561 ], [ 108.480616755253195, 40.761729298677871 ], [ 108.480689633025705, 40.761456551257737 ], [ 108.48107491752414, 40.760351768961264 ], [ 108.481358930367975, 40.759246614290582 ], [ 108.481547198719852, 40.758130418376673 ], [ 108.481638968817478, 40.757007676181686 ], [ 108.481633875566203, 40.755882908805248 ], [ 108.481531943937739, 40.754760645276129 ], [ 108.481333588797767, 40.753645404315961 ], [ 108.481039613164285, 40.75254167614743 ], [ 108.480651204904873, 40.751453904421375 ], [ 108.480451462538284, 40.751010891085798 ], [ 108.480441409088598, 40.750900177881057 ], [ 108.480403983890426, 40.750689731128183 ], [ 108.480555904891105, 40.749789006285106 ], [ 108.48064767973986, 40.748666275388821 ], [ 108.480642602314745, 40.747541518614057 ], [ 108.480540697522642, 40.7464192649471 ], [ 108.480441418802613, 40.745793272942457 ], [ 108.480301620777198, 40.745029804154676 ], [ 108.480242344961056, 40.744725084228548 ], [ 108.480175309036838, 40.744421238524374 ], [ 108.480100536760986, 40.744118374281612 ], [ 108.480018054619535, 40.74381659839181 ], [ 108.479927891818491, 40.743516017360989 ], [ 108.479830080273501, 40.743216737271943 ], [ 108.479888269481393, 40.74250490941786 ], [ 108.479892156002492, 40.742310061323828 ], [ 108.480326279637822, 40.742307589610213 ], [ 108.48076026051632, 40.742299025015541 ], [ 108.481193941053036, 40.742284370649863 ], [ 108.481627163772302, 40.742263631834746 ], [ 108.482059771365115, 40.742236816101226 ], [ 108.482491606746194, 40.742203933186893 ], [ 108.482922513111319, 40.742164995032802 ], [ 108.483352333994205, 40.742120015778646 ], [ 108.483780913323571, 40.742069011757941 ], [ 108.485175379231094, 40.741895488075222 ], [ 108.486006942705785, 40.741780890951439 ], [ 108.487244635188958, 40.741593666630955 ], [ 108.487412650510407, 40.741567789716456 ], [ 108.488895118972778, 40.741298902866504 ], [ 108.490351441082794, 40.740961273728935 ], [ 108.491775749087424, 40.740556262836215 ], [ 108.491862993939662, 40.740526642224218 ], [ 108.491966604641405, 40.740502619323266 ], [ 108.493026201109132, 40.740208634549411 ], [ 108.494512351458013, 40.739766596489922 ], [ 108.49493252932281, 40.739638157358904 ], [ 108.495349019359935, 40.739503357743295 ], [ 108.495761644180902, 40.739362255065686 ], [ 108.496170228046793, 40.739214909433223 ], [ 108.496574596942921, 40.739061383612004 ], [ 108.496974578653322, 40.738901743000497 ], [ 108.497772886210868, 40.738812494863517 ], [ 108.499173000280777, 40.73862458940539 ], [ 108.500415806858939, 40.738404057679439 ], [ 108.501753863592782, 40.738138712428317 ], [ 108.502216786066398, 40.738043244211077 ], [ 108.502677025802555, 40.737940979284978 ], [ 108.503134398939125, 40.737831958509027 ], [ 108.503588722761492, 40.737716225441183 ], [ 108.504039815775982, 40.737593826321145 ], [ 108.504487497782108, 40.737464810051428 ], [ 108.504931589945102, 40.737329228178297 ], [ 108.505371914867155, 40.737187134870709 ], [ 108.506025055986854, 40.736970606701547 ], [ 108.506105654980701, 40.736943754986271 ], [ 108.506450314043562, 40.73682836764192 ], [ 108.507257993987622, 40.73654449371115 ], [ 108.508601042669795, 40.736009741956771 ], [ 108.509895332054967, 40.73541329695265 ], [ 108.511135648544737, 40.734757561972131 ], [ 108.511522005259437, 40.734524581631042 ], [ 108.511843812354698, 40.734356268387906 ], [ 108.512160668912671, 40.734182932416722 ], [ 108.512472430553473, 40.734004652722788 ], [ 108.512778955222629, 40.733821510563978 ], [ 108.513080103255461, 40.733633589413813 ], [ 108.513375737441052, 40.73344097492334 ], [ 108.5136657230846, 40.733243754881883 ], [ 108.513949928068982, 40.733042019177262 ], [ 108.514326444754758, 40.732955653949617 ], [ 108.51521875075008, 40.732837241361523 ], [ 108.515391380561269, 40.732809650917602 ], [ 108.517761610702351, 40.732424087427631 ], [ 108.518102160729882, 40.732366773032197 ], [ 108.519015315706824, 40.732207936506747 ], [ 108.519933281325166, 40.732134888043163 ], [ 108.520862177032186, 40.732047456246207 ], [ 108.522364523651035, 40.731848007700272 ], [ 108.523846666558811, 40.731578739332491 ], [ 108.525302633739756, 40.731240736218552 ], [ 108.52672655887325, 40.730835360397364 ], [ 108.528112705013555, 40.730364245370254 ], [ 108.529455487744315, 40.729829289504316 ], [ 108.530749497711298, 40.729232648366441 ], [ 108.531989522443439, 40.728576726019384 ], [ 108.533170567372693, 40.72786416531617 ], [ 108.53428787596846, 40.727097837230616 ], [ 108.535336948904842, 40.726280829269371 ], [ 108.536313562182656, 40.725416433010594 ], [ 108.537213784133826, 40.724508130821569 ], [ 108.538033991240127, 40.723559581808296 ], [ 108.538770882701783, 40.722574607054284 ], [ 108.539421493698029, 40.721557174208364 ], [ 108.539983207287364, 40.72051138148435 ], [ 108.540453764898785, 40.719441441136759 ], [ 108.540831275374771, 40.718351662480103 ], [ 108.541114222527156, 40.717246434520028 ], [ 108.541301471179978, 40.716130208266755 ], [ 108.541369646214577, 40.715427681434122 ], [ 108.541415650422849, 40.714770249020049 ], [ 108.54143485943294, 40.714433514562288 ], [ 108.541445376718968, 40.714096571939827 ], [ 108.541447198598135, 40.713759542984349 ], [ 108.541440324531877, 40.713422549556803 ], [ 108.541424757125753, 40.713085713503659 ], [ 108.541400502128468, 40.712749156612396 ], [ 108.541367568429337, 40.712413000568048 ], [ 108.541325968055276, 40.712077366908638 ], [ 108.541275716165998, 40.711742376981675 ], [ 108.541216831048501, 40.711408151900088 ], [ 108.541113259251702, 40.710861070022993 ], [ 108.541052894462311, 40.71056038511302 ], [ 108.540984904399338, 40.710260585631843 ], [ 108.540909312974591, 40.709961776604246 ], [ 108.540826146761901, 40.709664062706707 ], [ 108.540735434987624, 40.709367548230503 ], [ 108.540637209520241, 40.709072337045633 ], [ 108.540634367179322, 40.708480414366988 ], [ 108.540611154605813, 40.707990154733601 ], [ 108.540614858827595, 40.707674784116115 ], [ 108.540610231336444, 40.707359420234681 ], [ 108.540597273994308, 40.707044182641653 ], [ 108.540575991820816, 40.706729190839674 ], [ 108.54054639299116, 40.706414564236617 ], [ 108.540508488832756, 40.706100422100214 ], [ 108.540462293820951, 40.705786883512999 ], [ 108.540407825573311, 40.705474067326882 ], [ 108.5403451048427, 40.705162092118456 ], [ 108.540274155509422, 40.704851076143811 ], [ 108.540195004571828, 40.704541137293774 ], [ 108.540486439423063, 40.704441445870792 ], [ 108.54077480621109, 40.704337020787079 ], [ 108.541059963416942, 40.704227913296741 ], [ 108.541341771098786, 40.704114176952075 ], [ 108.541620090960606, 40.703995867576886 ], [ 108.541894786420173, 40.703873043239177 ], [ 108.543499100523704, 40.703174616175147 ], [ 108.544668730187666, 40.702631387553886 ], [ 108.545908179377179, 40.701975356678695 ], [ 108.547088659440433, 40.701262695228479 ], [ 108.548205416123153, 40.70049627458112 ], [ 108.549175379662842, 40.699740412758118 ], [ 108.549421670064092, 40.699591713867541 ], [ 108.549653022543509, 40.699440803883924 ], [ 108.55089701886952, 40.698618770943042 ], [ 108.551236234395986, 40.698390830153578 ], [ 108.551569015957313, 40.698157794337028 ], [ 108.551895222766262, 40.69791976212958 ], [ 108.552214716822292, 40.697676834281012 ], [ 108.55252736296994, 40.697429113612259 ], [ 108.552833028956258, 40.697176704971703 ], [ 108.553131585486369, 40.696919715190639 ], [ 108.553642323416554, 40.69668400491463 ], [ 108.554881591431069, 40.696027895821338 ], [ 108.556061888170134, 40.69531516045717 ], [ 108.557178460118564, 40.694548670497376 ], [ 108.558226810919109, 40.693731514098218 ], [ 108.559202719481902, 40.692866983433341 ], [ 108.56010225697807, 40.691958561408917 ], [ 108.560921802646234, 40.691009907611217 ], [ 108.561658058349977, 40.690024843543199 ], [ 108.562261673063603, 40.689079954536325 ], [ 108.562696063785168, 40.688498737854715 ], [ 108.563346039279423, 40.687481228238546 ], [ 108.563907149503635, 40.686435375598229 ], [ 108.564377138315052, 40.685365392427371 ], [ 108.564754116844142, 40.68427558821093 ], [ 108.565036571042199, 40.683170352055662 ], [ 108.565112750994516, 40.682715137206259 ], [ 108.565145563557834, 40.682620274816927 ], [ 108.565428005457505, 40.681515039869922 ], [ 108.565614791936824, 40.680398824322893 ], [ 108.56570517519323, 40.679276123213043 ], [ 108.565698795707704, 40.67815145747069 ], [ 108.565595683621865, 40.677029355712726 ], [ 108.565396258544041, 40.675914336006862 ], [ 108.565101327789577, 40.674810887683392 ], [ 108.564712083060286, 40.673723453265517 ], [ 108.564629533550644, 40.673540704183587 ], [ 108.56450469498094, 40.67289638258282 ], [ 108.564209789824289, 40.671792935989615 ], [ 108.563820574385261, 40.670705502622809 ], [ 108.563338619769354, 40.669638460316783 ], [ 108.563196850170414, 40.669380454533254 ], [ 108.563245500296659, 40.669269677424623 ], [ 108.563566915422967, 40.668340359489378 ], [ 108.563896501485459, 40.668114001117971 ], [ 108.564944398758584, 40.667296816376016 ], [ 108.565919875614284, 40.66643226236576 ], [ 108.566819004962028, 40.665523822085426 ], [ 108.567638167683256, 40.664575155193035 ], [ 108.568374067182859, 40.663590083242738 ], [ 108.569023742632979, 40.662572574270776 ], [ 108.5695845808565, 40.661526726793603 ], [ 108.570054326804012, 40.660456753282965 ], [ 108.570246908593418, 40.65989971699004 ], [ 108.570422966417439, 40.659571385994425 ], [ 108.570613415780997, 40.659151571879001 ], [ 108.571522462660383, 40.658234184813743 ], [ 108.572341482883218, 40.657285496922974 ], [ 108.573077245839087, 40.65630040717334 ], [ 108.573726791249683, 40.655282883672271 ], [ 108.574287506461403, 40.65423702499443 ], [ 108.574757136919843, 40.653167043655891 ], [ 108.575133811619878, 40.652076076059991 ], [ 108.575582555510024, 40.651622133031601 ], [ 108.576401449173417, 40.650673427335114 ], [ 108.577137091072686, 40.649688322553473 ], [ 108.577786521416755, 40.648670786854076 ], [ 108.578347128015238, 40.647624918860288 ], [ 108.578816656750575, 40.646554931125372 ], [ 108.579025242633861, 40.645951275266405 ], [ 108.580017602211342, 40.645555023360139 ], [ 108.581309710971396, 40.644957952628914 ], [ 108.582547855726418, 40.644301626502646 ], [ 108.583727049485915, 40.643588689455271 ], [ 108.584651605281067, 40.642960304925786 ], [ 108.584876629962608, 40.642799131361109 ], [ 108.585190266414031, 40.642570324652731 ], [ 108.585498153330619, 40.642337308745468 ], [ 108.585800186938883, 40.642100162222505 ], [ 108.586096265442265, 40.64185896505932 ], [ 108.586386289055213, 40.641613798596481 ], [ 108.586670160037258, 40.641364745512455 ], [ 108.586869545927925, 40.641186517583115 ], [ 108.58728913550658, 40.640800601820963 ], [ 108.588187685073464, 40.639892044438383 ], [ 108.589006284278938, 40.638943274263092 ], [ 108.589741638797349, 40.637958113263309 ], [ 108.59039078999524, 40.636940529831811 ], [ 108.59095112680582, 40.635894622783255 ], [ 108.591420396197918, 40.634824604827401 ], [ 108.591796712195347, 40.633734785586384 ], [ 108.591848822661916, 40.63353044575841 ], [ 108.592440967164109, 40.63284403250502 ], [ 108.59317621424546, 40.631858859303122 ], [ 108.593825263667256, 40.630841266083486 ], [ 108.594385504772376, 40.629795351699812 ], [ 108.594854684914594, 40.628725328890873 ], [ 108.595230918476432, 40.627635507298145 ], [ 108.595512694404476, 40.626530276095494 ], [ 108.595698882230096, 40.625414086302023 ], [ 108.595779586876688, 40.624495812182047 ], [ 108.595899615334432, 40.622213746032756 ], [ 108.595906376529726, 40.622070178554367 ], [ 108.596001268343315, 40.61978879016371 ], [ 108.596003656053654, 40.619727978957549 ], [ 108.595996816609741, 40.618603388173206 ], [ 108.595893324274471, 40.617481382942302 ], [ 108.595693600179999, 40.61636648094359 ], [ 108.595398452837799, 40.615263171033334 ], [ 108.5950090748142, 40.614175895177851 ], [ 108.594784421575568, 40.613678687042068 ], [ 108.595548926622968, 40.612792191885184 ], [ 108.596063398805086, 40.61211852771099 ], [ 108.596918509553362, 40.611768002277387 ], [ 108.598209884657479, 40.611170791306023 ], [ 108.599447306985326, 40.610514333898223 ], [ 108.600625792458302, 40.609801275054735 ], [ 108.601354815980955, 40.609299838322301 ], [ 108.601649101622655, 40.609120069190745 ], [ 108.601937556976907, 40.608935226563069 ], [ 108.602220021479155, 40.608745413361007 ], [ 108.602496337904128, 40.608550735272942 ], [ 108.602766352453429, 40.608351300695219 ], [ 108.603029914841059, 40.608147220671619 ], [ 108.603286878377119, 40.607938608831432 ], [ 108.60378564353492, 40.607543961674907 ], [ 108.604091356579033, 40.607297598302118 ], [ 108.604390105831556, 40.607046626583774 ], [ 108.604681763809879, 40.606791153679119 ], [ 108.604966206062926, 40.6065312886683 ], [ 108.605243311224342, 40.606267142505388 ], [ 108.605512961064278, 40.605998827970986 ], [ 108.60645698570768, 40.605160809359482 ], [ 108.607354860490275, 40.604252159253633 ], [ 108.608172813298779, 40.603303309291597 ], [ 108.608907552410059, 40.602318081760231 ], [ 108.609556121667865, 40.601300445318088 ], [ 108.610115912347212, 40.600254498990964 ], [ 108.610584673613999, 40.599184455644512 ], [ 108.610960521535603, 40.598094625001153 ], [ 108.61109302737573, 40.597621592092914 ], [ 108.611588709035587, 40.595721767582575 ], [ 108.611780687640348, 40.595119362574096 ], [ 108.612320305271666, 40.593428476936218 ], [ 108.612888072254549, 40.592029609600026 ], [ 108.613362544606559, 40.591284968777245 ], [ 108.613922204446695, 40.590239017906079 ], [ 108.614390846067579, 40.589168972847709 ], [ 108.614766586017268, 40.588079143330908 ], [ 108.615047915226612, 40.586973918559714 ], [ 108.615233705021907, 40.58585774952558 ], [ 108.61526450380272, 40.585583676949994 ], [ 108.615353701276405, 40.584707435182061 ], [ 108.615641710020711, 40.583700494956005 ], [ 108.61566888794404, 40.583604151006995 ], [ 108.616262804628434, 40.581469005385109 ], [ 108.616352883726449, 40.581099907856739 ], [ 108.616935455837833, 40.579877185672935 ], [ 108.617354434296288, 40.578910134155741 ], [ 108.617444517595274, 40.578648785148893 ], [ 108.617790611261398, 40.578244157858343 ], [ 108.618298838944199, 40.577578419399046 ], [ 108.618447206363143, 40.577373877964469 ], [ 108.619260380151573, 40.577048588052662 ], [ 108.620550961450306, 40.576451185009034 ], [ 108.621787597482751, 40.57579454670654 ], [ 108.622965307339626, 40.575081318872144 ], [ 108.62407934793103, 40.574314375156646 ], [ 108.625125233099553, 40.573496805535385 ], [ 108.62585582231479, 40.572847731722831 ], [ 108.626269627601673, 40.57262797407865 ], [ 108.627447242964109, 40.571914709412226 ], [ 108.628561188528494, 40.571147731168594 ], [ 108.6296069785204, 40.570330129462015 ], [ 108.629733873578488, 40.570217378939027 ], [ 108.630041692252291, 40.5700744326532 ], [ 108.630345097885751, 40.569926433690945 ], [ 108.630643938354197, 40.569773456273289 ], [ 108.630938063825056, 40.569615577117212 ], [ 108.631227326833056, 40.569452875397481 ], [ 108.631511582354207, 40.56928543270665 ], [ 108.631790687878507, 40.569113333014357 ], [ 108.632064503481459, 40.568936662624729 ], [ 108.633010816911508, 40.568498451202032 ], [ 108.634247207147538, 40.567841703919342 ], [ 108.635424667985319, 40.567128373045989 ], [ 108.636538457339086, 40.566361332647119 ], [ 108.637170586936193, 40.565879538165902 ], [ 108.637669257657421, 40.565484773137634 ], [ 108.638082756273576, 40.565148906666828 ], [ 108.638491088652074, 40.564789045529345 ], [ 108.638803145848357, 40.56455755412496 ], [ 108.639109072437861, 40.564321644660183 ], [ 108.639408753741847, 40.564081405616776 ], [ 108.639702077427373, 40.563836927099253 ], [ 108.639988933549148, 40.563588300801172 ], [ 108.640269214590688, 40.5633356199708 ], [ 108.64054281550483, 40.563078979376023 ], [ 108.640809633752923, 40.56281847526877 ], [ 108.641069569343117, 40.56255420534886 ], [ 108.641322524868102, 40.562286268727135 ], [ 108.641568405541278, 40.562014765888641 ], [ 108.64180711923234, 40.561739798654592 ], [ 108.642097808227206, 40.561487000398898 ], [ 108.642381417382637, 40.561229855832096 ], [ 108.642657827587939, 40.560968473021902 ], [ 108.642926922761518, 40.560702961815849 ], [ 108.643188589899452, 40.560433433795268 ], [ 108.643442719123144, 40.560160002228159 ], [ 108.643689203725117, 40.559882782021589 ], [ 108.64392794021407, 40.559601889673353 ], [ 108.644158828358002, 40.559317443222952 ], [ 108.64438177122635, 40.559029562201999 ], [ 108.644637495823019, 40.558747242960273 ], [ 108.644885422538366, 40.558461156994284 ], [ 108.645125449722727, 40.558171421708401 ], [ 108.645357478971576, 40.557878156003191 ], [ 108.645581415166006, 40.557581480226204 ], [ 108.645797166511485, 40.557281516123254 ], [ 108.646004644575399, 40.556978386787421 ], [ 108.646203764323303, 40.556672216609464 ], [ 108.6463944441537, 40.556363131225972 ], [ 108.646576605931315, 40.556051257468354 ], [ 108.646750175018951, 40.555736723310098 ], [ 108.64699571676347, 40.555487871050566 ], [ 108.647112928482414, 40.555359594042955 ], [ 108.647824629842503, 40.554573310926642 ], [ 108.648524298314328, 40.553752543642993 ], [ 108.64923600524574, 40.552798964362395 ], [ 108.649923318984676, 40.551807090913478 ], [ 108.650581868159406, 40.550773403715034 ], [ 108.65098176948527, 40.550045301350188 ], [ 108.651548600267475, 40.548943737988658 ], [ 108.651710883368352, 40.54861882852957 ], [ 108.651864507896661, 40.548291631778355 ], [ 108.652009414895986, 40.547962273553104 ], [ 108.652145548764295, 40.547630880501373 ], [ 108.652272857275307, 40.547297580051129 ], [ 108.652518802485204, 40.547011789386211 ], [ 108.653252381590107, 40.546026379148266 ], [ 108.653899837433087, 40.545008590341531 ], [ 108.654458565771606, 40.543962522601134 ], [ 108.654926320046798, 40.542892389278045 ], [ 108.65530122037741, 40.541802500453549 ], [ 108.655375871389793, 40.541508398726528 ], [ 108.658939893772398, 40.540464800335776 ], [ 108.659331666461654, 40.540347114461824 ], [ 108.659720568374269, 40.540224345605523 ], [ 108.660106478609634, 40.540096531939305 ], [ 108.660489277199289, 40.539963713204209 ], [ 108.660868845143966, 40.539825930697255 ], [ 108.661245064450895, 40.539683227258386 ], [ 108.661617818170512, 40.539535647257551 ], [ 108.66893013896059, 40.536578666713488 ], [ 108.669337193365166, 40.536410221897825 ], [ 108.669739733872362, 40.536235961028119 ], [ 108.670137608172723, 40.536055950056827 ], [ 108.670530665725892, 40.535870257112236 ], [ 108.670918757817859, 40.535678952472487 ], [ 108.671301737617156, 40.535482108538993 ], [ 108.671679460230507, 40.535279799808777 ], [ 108.672051782757649, 40.535072102846613 ], [ 108.675332454037445, 40.533201609911352 ], [ 108.678550509259708, 40.531724950478633 ], [ 108.679285389611138, 40.53137383680518 ], [ 108.679985977969551, 40.531001160224569 ], [ 108.680414090320312, 40.530970061711585 ], [ 108.680841311938849, 40.530932876888613 ], [ 108.681267484219219, 40.53088961956135 ], [ 108.68169244894581, 40.530840305789994 ], [ 108.682116048352341, 40.530784953883405 ], [ 108.682538125180272, 40.530723584392021 ], [ 108.682958522737493, 40.530656220100411 ], [ 108.683377084956646, 40.530582886018884 ], [ 108.68379365645292, 40.53050360937393 ], [ 108.684208082582145, 40.530418419598277 ], [ 108.684620209498121, 40.530327348319794 ], [ 108.684977815561808, 40.530261759077149 ], [ 108.686429041886001, 40.529922089958617 ], [ 108.687848166177375, 40.529515101351883 ], [ 108.689229470849355, 40.529042433247547 ], [ 108.690567391007534, 40.528505990259717 ], [ 108.691869844278031, 40.527900852972294 ], [ 108.693122085382072, 40.527318989012151 ], [ 108.69353084463873, 40.527101476220182 ], [ 108.693677836258004, 40.527033279725217 ], [ 108.694912983974788, 40.526376003683581 ], [ 108.696089188832403, 40.52566217313538 ], [ 108.697201713808582, 40.524894664155809 ], [ 108.69824607885576, 40.524076568993124 ], [ 108.698311229418564, 40.524018565360841 ], [ 108.698602406934626, 40.523789639466465 ], [ 108.699181865877108, 40.523338653536655 ], [ 108.699355102687946, 40.523196451551669 ], [ 108.699490054662078, 40.523084729597052 ], [ 108.700462026928051, 40.522219336099909 ], [ 108.701357721442676, 40.521310139449149 ], [ 108.702173532924348, 40.520360802337699 ], [ 108.702906178275811, 40.519375149007509 ], [ 108.70347028322729, 40.518486936611289 ], [ 108.706018583246319, 40.517803417106542 ], [ 108.708078471236576, 40.517418140218183 ], [ 108.712227497483497, 40.51693932324212 ], [ 108.713570320259791, 40.516755252678415 ], [ 108.715047412726008, 40.516483945192832 ], [ 108.716498227132774, 40.516143956350327 ], [ 108.717916917938922, 40.515736656182938 ], [ 108.719297769306522, 40.51526368593597 ], [ 108.720635218169306, 40.514726951440181 ], [ 108.721923876679298, 40.514128615416006 ], [ 108.723173569864116, 40.513462530212855 ], [ 108.728944657357232, 40.510167587121423 ], [ 108.733536831546758, 40.507864717753826 ], [ 108.738009139529751, 40.506511374166195 ], [ 108.742250824053073, 40.505961272275187 ], [ 108.742669777469288, 40.50590409185758 ], [ 108.743087289384405, 40.505841420191004 ], [ 108.7435032279502, 40.505773277068386 ], [ 108.743917461816451, 40.505699684010807 ], [ 108.744329860172371, 40.505620664260327 ], [ 108.744740292788023, 40.505536242772919 ], [ 108.745148630055624, 40.505446446210364 ], [ 108.754362683546475, 40.503353808050349 ], [ 108.754786121738576, 40.503254440174651 ], [ 108.755206994866356, 40.503149291887205 ], [ 108.755625158397109, 40.503038399301801 ], [ 108.756040468730347, 40.502921800505227 ], [ 108.756452783247738, 40.502799535543694 ], [ 108.756861960361675, 40.502671646409219 ], [ 108.757267859564422, 40.502538177025436 ], [ 108.760973013600321, 40.501289245163818 ], [ 108.766296807121606, 40.500107063364226 ], [ 108.769481310129351, 40.499703668401459 ], [ 108.76957848098705, 40.499691206042954 ], [ 108.770896651024771, 40.49952089276676 ], [ 108.771340639921476, 40.499573647826317 ], [ 108.771785893917681, 40.499620219874643 ], [ 108.772232255303024, 40.499660592414656 ], [ 108.772679565974002, 40.499694751145334 ], [ 108.773127667490215, 40.49972268396661 ], [ 108.773576401130484, 40.499744380983856 ], [ 108.774025607949326, 40.499759834511401 ], [ 108.77447512883316, 40.499769039075048 ], [ 108.774924804557031, 40.499771991414313 ], [ 108.775374475840962, 40.499768690483428 ], [ 108.775823983406568, 40.499759137451626 ], [ 108.778168261082257, 40.499693202956593 ], [ 108.779307441853561, 40.499641062193938 ], [ 108.780818670841555, 40.499509345217298 ], [ 108.782315544391494, 40.499307050096157 ], [ 108.783792030976514, 40.499034992025642 ], [ 108.785242181392803, 40.4986942673155 ], [ 108.786660152777884, 40.498286248962103 ], [ 108.788040232196508, 40.497812581103773 ], [ 108.789376859696915, 40.497275172380881 ], [ 108.790389528101898, 40.496811322463607 ], [ 108.791430603816707, 40.496307569234446 ], [ 108.791766670796548, 40.4961419085638 ], [ 108.792098653969489, 40.495971811522011 ], [ 108.792426446113524, 40.495797333063088 ], [ 108.792749941362857, 40.495618529556182 ], [ 108.793069035242141, 40.495435458767297 ], [ 108.796662777229599, 40.494252822036088 ], [ 108.806399805274978, 40.491321527937743 ], [ 108.806808705611502, 40.491195140739343 ], [ 108.807214373536539, 40.491063188309347 ], [ 108.807616670365192, 40.49092571576594 ], [ 108.808015458567311, 40.490782770114912 ], [ 108.808410601814899, 40.490634400232935 ], [ 108.808801965028579, 40.490480656851062 ], [ 108.809189414423741, 40.490321592537398 ], [ 108.809572817556713, 40.490157261678931 ], [ 108.809952043369663, 40.48998772046302 ], [ 108.810326962235735, 40.489813026858116 ], [ 108.810697446003303, 40.489633240593847 ], [ 108.817068125669152, 40.486478755915066 ], [ 108.82301809204327, 40.484410092341939 ], [ 108.832606262541134, 40.482884564242084 ], [ 108.845184583431859, 40.480926907801447 ], [ 108.845618614390389, 40.480856221876557 ], [ 108.846050797055454, 40.4807795998926 ], [ 108.84648098280266, 40.480697068201742 ], [ 108.846909023695716, 40.480608655188668 ], [ 108.847334772537636, 40.480514391260478 ], [ 108.84775808292126, 40.48041430883665 ], [ 108.848178809279702, 40.480308442337481 ], [ 108.848596806936612, 40.480196828172318 ], [ 108.84901193215596, 40.480079504727136 ], [ 108.862167203557192, 40.476256999335725 ], [ 108.862815092398378, 40.476060576786629 ], [ 108.863876931542649, 40.475702331119138 ], [ 108.875814736670677, 40.471411320512665 ], [ 108.883417824813975, 40.469029717969683 ], [ 108.887772998113931, 40.468643821455579 ], [ 108.888214019528576, 40.468601664894685 ], [ 108.888653906579577, 40.468553466196298 ], [ 108.88909250776608, 40.468499241961567 ], [ 108.889529672030875, 40.468439010867044 ], [ 108.889965248812842, 40.468372793658247 ], [ 108.890399088098718, 40.468300613142432 ], [ 108.890831040474879, 40.468222494180594 ], [ 108.891260957179099, 40.468138463679146 ], [ 108.891688690151483, 40.468048550580356 ], [ 108.892114092086132, 40.467952785852717 ], [ 108.898862903912288, 40.466382592374629 ], [ 108.899301339272796, 40.466277134446898 ], [ 108.899736948372905, 40.466165460500825 ], [ 108.900169569944495, 40.466047611884896 ], [ 108.900599043827981, 40.465923632233881 ], [ 108.901025211031481, 40.46579356745228 ], [ 108.901447913789823, 40.46565746569739 ], [ 108.905805228037494, 40.464217377509286 ], [ 108.912139498028978, 40.462965850840078 ], [ 108.931140993283577, 40.460910079819705 ], [ 108.93158610917412, 40.460858725686322 ], [ 108.932029840189784, 40.460801194057382 ], [ 108.932472029454544, 40.460737505274103 ], [ 108.932912520638652, 40.460667681854595 ], [ 108.933351158014062, 40.460591748485726 ], [ 108.933787786509313, 40.460509732014764 ], [ 108.934222251764922, 40.460421661439568 ], [ 108.934654400187583, 40.460327567898283 ], [ 108.935084079004938, 40.460227484658432 ], [ 108.935511136319519, 40.460121447105202 ], [ 108.945619766400227, 40.457532595515652 ], [ 108.945793732905472, 40.457487479141719 ], [ 108.947162130707568, 40.457092902762859 ], [ 108.952432398870187, 40.455433760556119 ], [ 108.954456175553119, 40.455313391530005 ], [ 108.954626905121643, 40.455302781302251 ], [ 108.956136904348654, 40.455169098672648 ], [ 108.957632388236547, 40.454964859992941 ], [ 108.959107330864441, 40.454690888289122 ], [ 108.960555789257597, 40.454348287580444 ], [ 108.961842925662665, 40.453978979889811 ], [ 108.962555735633103, 40.453756779943888 ], [ 108.963917547280374, 40.454026301077484 ], [ 108.96540857796515, 40.45424755389876 ], [ 108.966915592929226, 40.454398424501392 ], [ 108.96843251968788, 40.454478304914474 ], [ 108.969953245729897, 40.454486873238338 ], [ 108.970333302754199, 40.454477862437976 ], [ 108.971548593651548, 40.454441904036592 ], [ 108.972686932650788, 40.454388126242719 ], [ 108.974196880145314, 40.454254240652681 ], [ 108.975692295118975, 40.45404980103271 ], [ 108.977167151929038, 40.453775631218313 ], [ 108.977779614553796, 40.453634468093085 ], [ 108.978208607270972, 40.453581163117939 ], [ 108.978636220396808, 40.453522109680151 ], [ 108.979062313008953, 40.453457327242695 ], [ 108.979486744687279, 40.453386837156586 ], [ 108.979909375560183, 40.453310662653898 ], [ 108.980330066350888, 40.453228828840146 ], [ 108.980748678423183, 40.453141362685848 ], [ 108.981165073827441, 40.453048293017837 ], [ 108.982773619017621, 40.452676924961985 ], [ 108.983658240746621, 40.452458625312232 ], [ 108.983892999612678, 40.452390636118238 ], [ 108.985002181361395, 40.452501527568721 ], [ 108.986519088575591, 40.452581203502675 ], [ 108.988039777400104, 40.452589566976371 ], [ 108.989558120131349, 40.452526584286765 ], [ 108.991067998539904, 40.452392509239957 ], [ 108.99256332857729, 40.452187882125521 ], [ 108.992791282149909, 40.452145476234158 ], [ 108.993144044808204, 40.452267943078482 ], [ 108.993500219560502, 40.452384887193801 ], [ 108.993859648261548, 40.452496256648544 ], [ 108.994222171318967, 40.452602001986399 ], [ 108.99458762776402, 40.452702076248343 ], [ 108.994955855323582, 40.452796434993537 ], [ 108.995326690491865, 40.452885036319152 ], [ 108.995699968603333, 40.452967840878905 ], [ 108.996749963255638, 40.453207015808523 ], [ 108.997163387443209, 40.453298181447259 ], [ 108.997578965162873, 40.453383828543863 ], [ 108.997996561654475, 40.453463929322375 ], [ 108.998416041501827, 40.453538457805543 ], [ 108.998837268676667, 40.453607389823091 ], [ 108.999260106582895, 40.453670703019711 ], [ 108.999684418100941, 40.453728376862195 ], [ 109.000110065632398, 40.453780392646294 ], [ 109.001178877973501, 40.453903702737925 ], [ 109.001620437394152, 40.453951534004041 ], [ 109.002063125378754, 40.453993276337286 ], [ 109.00250678831398, 40.454028915252096 ], [ 109.002951272247358, 40.454058438380791 ], [ 109.003396422941037, 40.454081835478206 ], [ 109.003842085925143, 40.454099098424877 ], [ 109.004288106551741, 40.454110221230039 ], [ 109.004734330048507, 40.454115200033982 ], [ 109.005180601572604, 40.454114033108723 ], [ 109.007795878279893, 40.454089159483246 ], [ 109.008262662935152, 40.45408135153037 ], [ 109.008729153113677, 40.45406681992845 ], [ 109.009195171628207, 40.454045570197337 ], [ 109.00966054147105, 40.454017610408798 ], [ 109.010125085881413, 40.453982951183356 ], [ 109.010588628412648, 40.453941605686403 ], [ 109.01071215433673, 40.453929683838602 ], [ 109.011645251073318, 40.454262948157606 ], [ 109.012003224579431, 40.454542407035774 ], [ 109.013096297195474, 40.455324162395087 ], [ 109.01425425268522, 40.45605307696507 ], [ 109.015472427664818, 40.456726213926423 ], [ 109.015604363051125, 40.45678989337177 ], [ 109.015769515430748, 40.45711648823157 ], [ 109.016391388531488, 40.458142600208724 ], [ 109.017100053237371, 40.459137483156297 ], [ 109.017892658511116, 40.460097129580653 ], [ 109.0187660148341, 40.461017673758761 ], [ 109.019716607016633, 40.461895407328903 ], [ 109.020740608328637, 40.462726794250095 ], [ 109.021434367815232, 40.463222828960035 ], [ 109.021679433153892, 40.463508427224312 ], [ 109.02193225010933, 40.463790309063782 ], [ 109.022192715666478, 40.464068359518301 ], [ 109.022460723687487, 40.464342465188658 ], [ 109.022736164954694, 40.464612514283253 ], [ 109.023018927215418, 40.464878396663615 ], [ 109.023308895227373, 40.46514000388936 ], [ 109.023605950805674, 40.465397229262308 ], [ 109.023909972871067, 40.465649967870604 ], [ 109.024453141614202, 40.466094774218405 ], [ 109.024751548498529, 40.466335542023849 ], [ 109.025056174514717, 40.466572015971643 ], [ 109.025366906666548, 40.466804108295982 ], [ 109.025683629688317, 40.467031732856604 ], [ 109.026006226087745, 40.467254805170469 ], [ 109.026334576189299, 40.467473242443333 ], [ 109.026668558178756, 40.467686963600471 ], [ 109.027008048148517, 40.467895889316729 ], [ 109.027352920143329, 40.468099942046237 ], [ 109.027703046207208, 40.468299046051101 ], [ 109.028058296430999, 40.468493127429575 ], [ 109.028558580969971, 40.469195180243247 ], [ 109.02932864639817, 40.470127177020395 ], [ 109.029681891931546, 40.470988211577044 ], [ 109.029708708977324, 40.471041211075061 ], [ 109.029767034407939, 40.472102842019105 ], [ 109.029925034822213, 40.473221187347086 ], [ 109.030178679339926, 40.474329874474464 ], [ 109.030526950807086, 40.475424438530794 ], [ 109.030968450822257, 40.476500471308448 ], [ 109.031501405304368, 40.477553639025118 ], [ 109.031698303716581, 40.477878309984 ], [ 109.03158776313775, 40.478184207399032 ], [ 109.031485015767828, 40.478491585763983 ], [ 109.031390097962714, 40.478800336611819 ], [ 109.031303043316711, 40.479110350989544 ], [ 109.031223882650522, 40.479421519496867 ], [ 109.031152644000201, 40.479733732324739 ], [ 109.031089352607225, 40.480046879294015 ], [ 109.031034030909268, 40.480360849894403 ], [ 109.030986698532331, 40.480675533323456 ], [ 109.030947372283521, 40.480990818525541 ], [ 109.030916066145139, 40.481306594231235 ], [ 109.030748898117423, 40.483156014278521 ], [ 109.030731299941834, 40.483370190549991 ], [ 109.030696513039686, 40.48449433710622 ], [ 109.030758264017862, 40.485617852372179 ], [ 109.030916308642574, 40.486736212206068 ], [ 109.03117001485883, 40.487844913004004 ], [ 109.031518365265597, 40.48893948984005 ], [ 109.031959961145191, 40.490015534454756 ], [ 109.032493028031496, 40.491068713017683 ], [ 109.033115422796072, 40.49209478359414 ], [ 109.033824642223678, 40.493089613244692 ], [ 109.034617833044251, 40.494049194688124 ], [ 109.035491803381873, 40.494969662460619 ], [ 109.036443035574607, 40.495847308505915 ], [ 109.037467700314537, 40.496678597133169 ], [ 109.038561672051429, 40.497460179281319 ], [ 109.039720545598072, 40.498188906033086 ], [ 109.040939653871106, 40.498861841322828 ], [ 109.042214086694699, 40.49947627378706 ], [ 109.043538710592401, 40.500029727709396 ], [ 109.044908189486634, 40.500519973015294 ], [ 109.04631700622221, 40.500945034276334 ], [ 109.047759484825519, 40.50130319868655 ], [ 109.049229813411245, 40.501593022979634 ], [ 109.050722067641416, 40.501813339256984 ], [ 109.052230234642437, 40.501963259705178 ], [ 109.053748237282974, 40.502042180181384 ], [ 109.055269958712884, 40.502049782653849 ], [ 109.056770140524932, 40.501987284289058 ], [ 109.05818398530343, 40.501895457170328 ], [ 109.059732841795494, 40.501756063567804 ], [ 109.060252213730465, 40.501951373882399 ], [ 109.060638402633629, 40.502104740370356 ], [ 109.061028322948658, 40.502252863279772 ], [ 109.061421844288262, 40.502395693068323 ], [ 109.06181883505856, 40.502533181963663 ], [ 109.062219162503069, 40.502665283979631 ], [ 109.062622692747013, 40.502791954931517 ], [ 109.063029290842337, 40.502913152450994 ], [ 109.063438820812834, 40.503028835999963 ], [ 109.0638511456998, 40.503138966884848 ], [ 109.064266127607752, 40.503243508268831 ], [ 109.064683627750668, 40.503342425184705 ], [ 109.065707739501221, 40.503577451542071 ], [ 109.066134981128727, 40.503672287427484 ], [ 109.066564537243366, 40.503761233376721 ], [ 109.066996259113125, 40.503844258589183 ], [ 109.067429997254521, 40.503921334314519 ], [ 109.067865601484428, 40.503992433862571 ], [ 109.06830292097213, 40.504057532612514 ], [ 109.06874180429179, 40.504116608021278 ], [ 109.069837533685117, 40.504256323452651 ], [ 109.0702690129026, 40.504308350406575 ], [ 109.070701704508267, 40.504354555543074 ], [ 109.071135464607849, 40.504394923495241 ], [ 109.071570148950769, 40.504429440837555 ], [ 109.072005612978629, 40.504458096090119 ], [ 109.072441711873054, 40.504480879722792 ], [ 109.072878300604103, 40.50449778415819 ], [ 109.073315233978619, 40.504508803774122 ], [ 109.075677013941871, 40.504552423298456 ], [ 109.076879915693794, 40.504552325744363 ], [ 109.077187822054228, 40.504545128991687 ], [ 109.07917091628704, 40.504489338039072 ], [ 109.080382348833865, 40.504432526218778 ], [ 109.08189312895729, 40.504297422663136 ], [ 109.08338926304215, 40.504091773103859 ], [ 109.084864722547977, 40.503816406253378 ], [ 109.086313562418766, 40.503472431754176 ], [ 109.087729945084561, 40.503061235697402 ], [ 109.089108164025021, 40.502584475024854 ], [ 109.090442666799945, 40.502044070837812 ], [ 109.091728077452842, 40.501442200639502 ], [ 109.092959218196199, 40.500781289543298 ], [ 109.094131130291203, 40.500064000481785 ], [ 109.095239094036501, 40.499293223457101 ], [ 109.09627864778659, 40.4984720638761 ], [ 109.097245605921145, 40.497603830017596 ], [ 109.098136075694029, 40.496692019682861 ], [ 109.098946472895022, 40.495740306083114 ], [ 109.099673536258848, 40.494752523022093 ], [ 109.100283593377966, 40.493781585885053 ], [ 109.100736282129063, 40.493833118698419 ], [ 109.101190231633197, 40.493878191269907 ], [ 109.101645273054217, 40.493916786834845 ], [ 109.102101237148887, 40.493948891037455 ], [ 109.102557954330152, 40.49397449193642 ], [ 109.103015254730181, 40.493993580009409 ], [ 109.103472968263887, 40.494006148156579 ], [ 109.10393092469198, 40.494012191703064 ], [ 109.10438895368479, 40.494011708400933 ], [ 109.10484688488566, 40.494004698430018 ], [ 109.105304547974214, 40.493991164397706 ], [ 109.106064224093132, 40.493963501009027 ], [ 109.107014280536291, 40.493914906577039 ], [ 109.108524794987574, 40.493779505063166 ], [ 109.110020639888646, 40.49357356122794 ], [ 109.111495787865721, 40.493297904969474 ], [ 109.112944295119433, 40.492953647096208 ], [ 109.114360325421387, 40.492542174840437 ], [ 109.115738173672753, 40.492065146256635 ], [ 109.11707228892864, 40.491524483524671 ], [ 109.118357296795622, 40.490922365188894 ], [ 109.119588021110729, 40.490261217361486 ], [ 109.120759504814629, 40.489543703927986 ], [ 109.121867029933526, 40.48877271579348 ], [ 109.122906136590657, 40.487951359214229 ], [ 109.12387264096796, 40.487082943261562 ], [ 109.124762652148917, 40.486170966469025 ], [ 109.12557258777143, 40.485219102717195 ], [ 109.126299188430409, 40.48423118641341 ], [ 109.12693953077148, 40.483211197026307 ], [ 109.127491039222875, 40.482163243038237 ], [ 109.12795149632106, 40.481091545380224 ], [ 109.128074895200669, 40.480756738362054 ], [ 109.128410071921635, 40.479810893835108 ], [ 109.128514906772878, 40.479503887356195 ], [ 109.128612302358405, 40.479195545375525 ], [ 109.12870222766918, 40.478885966362093 ], [ 109.128784654083091, 40.47857524917854 ], [ 109.12885955537358, 40.478263493049795 ], [ 109.128926907718309, 40.477950797530902 ], [ 109.128986689706167, 40.477637262475831 ], [ 109.129202971513678, 40.476424612780072 ], [ 109.129321364099184, 40.475619034288528 ], [ 109.12939255887153, 40.474756918079052 ], [ 109.129416349027721, 40.4743735268286 ], [ 109.129972551676417, 40.473325702032689 ], [ 109.130432917088271, 40.472254005681798 ], [ 109.130800391200395, 40.471162883915717 ], [ 109.131073498236162, 40.470056731122014 ], [ 109.131251142633204, 40.468940002009106 ], [ 109.131332613387855, 40.467817193659016 ], [ 109.131317586849008, 40.466692827412523 ], [ 109.131204846423728, 40.465567453996897 ], [ 109.132307861490077, 40.465183805748957 ], [ 109.132393248154656, 40.465149177210023 ], [ 109.132875642140121, 40.465086384407272 ], [ 109.134726325958923, 40.464814876141823 ], [ 109.136446245690209, 40.464712755036118 ], [ 109.136902119039689, 40.464682442384699 ], [ 109.137357125870608, 40.464645698402883 ], [ 109.137811100143992, 40.464602536500003 ], [ 109.138263876198522, 40.464552972427335 ], [ 109.138715288811028, 40.464497024272852 ], [ 109.140570511653522, 40.464253585272047 ], [ 109.141503548075562, 40.464116659140508 ], [ 109.141958058045304, 40.464102185566588 ], [ 109.142412101013164, 40.46408117794094 ], [ 109.142865505082582, 40.46405364421733 ], [ 109.143318098599494, 40.464019594820357 ], [ 109.143769710217242, 40.46397904264149 ], [ 109.144220168961695, 40.463932003034188 ], [ 109.144669304296158, 40.463878493808195 ], [ 109.145116946186008, 40.463818535222465 ], [ 109.145562925163148, 40.463752149977893 ], [ 109.146007072390361, 40.463679363208357 ], [ 109.14644921972544, 40.463600202471447 ], [ 109.147079081429609, 40.463483198796517 ], [ 109.14785652058886, 40.463328468951481 ], [ 109.148084409926369, 40.46327692003382 ], [ 109.149124288120618, 40.463183349235024 ], [ 109.150619395432145, 40.462976959915331 ], [ 109.152093775885319, 40.462700866649811 ], [ 109.153541488776327, 40.462356182006744 ], [ 109.154956701080749, 40.46194429493719 ], [ 109.156333710998581, 40.461466865165178 ], [ 109.157666970965678, 40.460925816485663 ], [ 109.158229607134913, 40.460661843668888 ], [ 109.158506370562364, 40.460549526120289 ], [ 109.158578284944568, 40.460528592891279 ], [ 109.159955244745234, 40.460051126680703 ], [ 109.161288452300283, 40.459510042835383 ], [ 109.162572536876553, 40.458907521594476 ], [ 109.163802326034059, 40.458245990691196 ], [ 109.164972866483978, 40.45752811555198 ], [ 109.166079444055384, 40.456756788536573 ], [ 109.167117602690922, 40.455935117263863 ], [ 109.168083162393685, 40.455066412070067 ], [ 109.168972236054159, 40.454154172650874 ], [ 109.169781245087734, 40.453202073941931 ], [ 109.170506933822381, 40.452213951294056 ], [ 109.171146382576623, 40.451193785004179 ], [ 109.171697019377703, 40.45014568426425 ], [ 109.172156630271644, 40.449073870593644 ], [ 109.172523368185239, 40.44798266082109 ], [ 109.17279576030576, 40.446876449686577 ], [ 109.172975293606243, 40.445736931326195 ], [ 109.173063261968309, 40.444948910025204 ], [ 109.173138907552698, 40.443871625651191 ], [ 109.173123245665863, 40.44274729186855 ], [ 109.1730111845891, 40.441625957513779 ], [ 109.172803179929574, 40.440512137545397 ], [ 109.172500073507578, 40.439410316446178 ], [ 109.172289783206281, 40.438835369229921 ], [ 109.172226022955456, 40.43851648634265 ], [ 109.172154026997987, 40.438198563762839 ], [ 109.172073821781069, 40.437881717804729 ], [ 109.171985436754284, 40.437566064386985 ], [ 109.171888904358752, 40.43725171899051 ], [ 109.171784260014732, 40.436938796615912 ], [ 109.171671542109024, 40.436627411741746 ], [ 109.171724986335349, 40.436260632778584 ], [ 109.171769112066272, 40.435893176726431 ], [ 109.171803903895125, 40.435525173050962 ], [ 109.171829349704311, 40.435156751408833 ], [ 109.1718454406696, 40.434788041601806 ], [ 109.171852171262913, 40.434419173531047 ], [ 109.171852075361585, 40.433501401437013 ], [ 109.171830926053616, 40.432758418848238 ], [ 109.171745183796631, 40.431843895508848 ], [ 109.17182008113447, 40.431550976109349 ], [ 109.171886246251475, 40.431256909002897 ], [ 109.171943647220772, 40.430961836554758 ], [ 109.171992256359488, 40.430665901614802 ], [ 109.172032050241882, 40.430369247448738 ], [ 109.172063009710499, 40.430072017668643 ], [ 109.172085119885338, 40.429774356163158 ], [ 109.172107055486052, 40.429494118234302 ], [ 109.173092792175353, 40.429259166711006 ], [ 109.174498743920552, 40.428849800116872 ], [ 109.17536705967585, 40.428573268226614 ], [ 109.175775602978234, 40.428439924109249 ], [ 109.176180632270643, 40.428300840704694 ], [ 109.176582000165538, 40.428156068633911 ], [ 109.176979560610548, 40.4280056605879 ], [ 109.177373168941486, 40.427849671308799 ], [ 109.17776268193532, 40.427688157569413 ], [ 109.17814795786218, 40.427521178153086 ], [ 109.178275276409337, 40.427539866564203 ], [ 109.179782177114703, 40.427688343737316 ], [ 109.181298780147202, 40.427765817117574 ], [ 109.182818974299721, 40.427771974505362 ], [ 109.184268125340381, 40.427711277456268 ], [ 109.186536608807501, 40.427565130962265 ], [ 109.186953032602005, 40.427535587074566 ], [ 109.187368695041741, 40.42750066843908 ], [ 109.187783469293507, 40.427460385711306 ], [ 109.188197228795659, 40.427414751183697 ], [ 109.188609847296945, 40.427363778781796 ], [ 109.190894774969593, 40.427066298812328 ], [ 109.191688511414227, 40.42695270623156 ], [ 109.192731279794174, 40.426805626606281 ], [ 109.194127806984199, 40.427305739853168 ], [ 109.195536081203016, 40.427729203987425 ], [ 109.196977847717847, 40.428085739025946 ], [ 109.198447297509858, 40.428373908270252 ], [ 109.199938509780637, 40.428592550493306 ], [ 109.20144547585511, 40.428740784629227 ], [ 109.202962123442887, 40.428818013331721 ], [ 109.20448234115706, 40.428823925387086 ], [ 109.206000003193424, 40.428758496971135 ], [ 109.20750899406886, 40.428621991745239 ], [ 109.209003233315855, 40.42841495979161 ], [ 109.21047670003648, 40.428138235391422 ], [ 109.211923457212436, 40.427792933655127 ], [ 109.213337675673756, 40.427380446018866 ], [ 109.214302442866966, 40.427053601834324 ], [ 109.214538117397069, 40.426969599988666 ], [ 109.215449861337333, 40.427342955817018 ], [ 109.216819130249903, 40.427831411486807 ], [ 109.218227545371889, 40.428254637774174 ], [ 109.21966943234257, 40.428610929269709 ], [ 109.221138981656821, 40.428898850256246 ], [ 109.222630272114245, 40.429117240507118 ], [ 109.224137294724457, 40.429265219971612 ], [ 109.22565397696836, 40.429342192329848 ], [ 109.227174207319521, 40.429347847401132 ], [ 109.228691859922776, 40.429282162396667 ], [ 109.23020081933285, 40.429145402011983 ], [ 109.231695005209673, 40.428938117357518 ], [ 109.233168396870838, 40.428661143732725 ], [ 109.233269664667276, 40.428639375950816 ], [ 109.234419029932411, 40.428390280273533 ], [ 109.235764413233923, 40.428066490137567 ], [ 109.237178502995121, 40.427653751220532 ], [ 109.238554334832003, 40.427175495320782 ], [ 109.239886365932463, 40.426633649559882 ], [ 109.240975559101059, 40.426121470314229 ], [ 109.241469034200421, 40.426218075516523 ], [ 109.242960330644465, 40.42643623930924 ], [ 109.244467339168011, 40.426583990127256 ], [ 109.245983987308563, 40.426660732572046 ], [ 109.247504163676936, 40.426666157389334 ], [ 109.247884041166273, 40.426656361331652 ], [ 109.251626837348198, 40.42653779184284 ], [ 109.25276453411918, 40.426481641513632 ], [ 109.254273391099545, 40.426344610919976 ], [ 109.255767451985847, 40.426137058909859 ], [ 109.257240696600078, 40.42585982185998 ], [ 109.258687188820545, 40.425514016946508 ], [ 109.260101100546819, 40.425101037632793 ], [ 109.261476735225628, 40.424622548042173 ], [ 109.262663226743314, 40.424139626655197 ], [ 109.262896793197456, 40.424350704977826 ], [ 109.26313680413169, 40.424557790931054 ], [ 109.263383134883966, 40.424760776905025 ], [ 109.263635657505191, 40.424959557419434 ], [ 109.263894240825636, 40.425154029178522 ], [ 109.264158750522924, 40.425344091124558 ], [ 109.264429049191904, 40.42552964449056 ], [ 109.264704996416071, 40.4257105928518 ], [ 109.265853188729054, 40.426490027566857 ], [ 109.266306323857904, 40.427232986679265 ], [ 109.266283963741216, 40.427316900724506 ], [ 109.266215295628939, 40.427585505645254 ], [ 109.265991980803989, 40.428697684370036 ], [ 109.265864483622693, 40.429818100519093 ], [ 109.265833321832019, 40.430942242866401 ], [ 109.265898625329399, 40.432065584959979 ], [ 109.266036859358053, 40.433056434940276 ], [ 109.266151471627936, 40.433700135791433 ], [ 109.26617474824053, 40.433827304262245 ], [ 109.266431823183538, 40.434935497215655 ], [ 109.266783428691198, 40.436029401251076 ], [ 109.267228152923579, 40.43710461081205 ], [ 109.26776420880077, 40.438156795425726 ], [ 109.268389441140116, 40.439181717155776 ], [ 109.269101335280496, 40.440175247685922 ], [ 109.269897027160866, 40.441133384964139 ], [ 109.270773314812757, 40.44205226934104 ], [ 109.271726671221316, 40.442928199136851 ], [ 109.272753258503315, 40.443757645572909 ], [ 109.273848943345598, 40.444537267008961 ], [ 109.275009313642187, 40.44526392242647 ], [ 109.276229696263101, 40.445934684105218 ], [ 109.277505175882894, 40.446546849439912 ], [ 109.278830614793421, 40.447097951849557 ], [ 109.280200673620683, 40.447585770735841 ], [ 109.281609832861804, 40.448008340448531 ], [ 109.28274979171276, 40.448295556429947 ], [ 109.284349618777313, 40.448665713023573 ], [ 109.284652245235051, 40.448734111236597 ], [ 109.2861224519404, 40.449021326660436 ], [ 109.287614344182813, 40.449238999403164 ], [ 109.289121910544267, 40.449386252304883 ], [ 109.289902910089097, 40.449434433930605 ], [ 109.291589476972078, 40.449517957861907 ], [ 109.292060720333367, 40.449537846610724 ], [ 109.292532402245712, 40.449550867066328 ], [ 109.293004339586858, 40.449557014173365 ], [ 109.293476349135204, 40.449556285545285 ], [ 109.293948247641026, 40.449548681464933 ], [ 109.294419851897871, 40.449534204884614 ], [ 109.294890978813655, 40.449512861425006 ], [ 109.295361445482186, 40.449484659372629 ], [ 109.295831069253978, 40.449449609677174 ], [ 109.296299667807546, 40.449407725946678 ], [ 109.296767059220429, 40.449359024442643 ], [ 109.298437815721115, 40.449172494378438 ], [ 109.298544314567181, 40.449160422555224 ], [ 109.300035459077776, 40.448964580306004 ], [ 109.300144883716641, 40.448993216612131 ], [ 109.300259862959578, 40.449006982285368 ], [ 109.303099031050991, 40.449341629982385 ], [ 109.303536061285385, 40.449390085497711 ], [ 109.303974226149194, 40.44943257254463 ], [ 109.304413376534413, 40.449469076663782 ], [ 109.304853362997221, 40.449499585432051 ], [ 109.305294035808373, 40.44952408846639 ], [ 109.305735245004684, 40.44954257742782 ], [ 109.30617684044006, 40.449555046024223 ], [ 109.309077636933878, 40.449617115490142 ], [ 109.310430285498143, 40.449617798466136 ], [ 109.311954127542904, 40.449550775203775 ], [ 109.314299652373265, 40.449391583750561 ], [ 109.323263572797856, 40.449001056231047 ], [ 109.325295909899353, 40.448911775413762 ], [ 109.325348809325774, 40.448944866375058 ], [ 109.326569712947574, 40.449615172935204 ], [ 109.327845676141948, 40.450226862279116 ], [ 109.329171559249133, 40.450777469743088 ], [ 109.330542021102559, 40.451264776722276 ], [ 109.331951540572433, 40.451686819628797 ], [ 109.333394438842305, 40.452041897820095 ], [ 109.334864902326231, 40.452328580466919 ], [ 109.336357006135685, 40.452545712331634 ], [ 109.33786473799853, 40.452692418433642 ], [ 109.339382022534565, 40.452768107584092 ], [ 109.340902745787588, 40.452772474772992 ], [ 109.342420779915173, 40.452705502401493 ], [ 109.34393000793392, 40.452567460353016 ], [ 109.345424348422, 40.452358904903107 ], [ 109.345931882639817, 40.452271364607761 ], [ 109.346827081918363, 40.452109345587637 ], [ 109.347792974896592, 40.451918651044544 ], [ 109.349239553419579, 40.451571861218518 ], [ 109.350653457011418, 40.451157917206871 ], [ 109.352028989154945, 40.450678487021023 ], [ 109.353360608250824, 40.450135502514605 ], [ 109.35428686875774, 40.449707534472012 ], [ 109.354991052320372, 40.449365425255706 ], [ 109.355285311960913, 40.449219662610837 ], [ 109.355885741116964, 40.449200978338673 ], [ 109.357476010075345, 40.449299720657628 ], [ 109.358631947158131, 40.449350722333925 ], [ 109.36015260073242, 40.449354871494954 ], [ 109.361670546595022, 40.449287681733701 ], [ 109.363179668118761, 40.449149423809459 ], [ 109.363318631619293, 40.449133057722626 ], [ 109.363693916927929, 40.449088022887366 ], [ 109.365106438491452, 40.449091824334559 ], [ 109.366624374378247, 40.449024578587292 ], [ 109.368133481160953, 40.448886265022026 ], [ 109.369627677906678, 40.448677441008371 ], [ 109.371100943891435, 40.448398948049118 ], [ 109.372547342909769, 40.44805190838197 ], [ 109.373753920883146, 40.447698405661626 ], [ 109.37410034857686, 40.447944391199997 ], [ 109.374399982923535, 40.448131640752436 ], [ 109.374642438345361, 40.448327119416348 ], [ 109.375739272888552, 40.449105912579732 ], [ 109.376900723371179, 40.449831690413752 ], [ 109.378122112304709, 40.45050152873204 ], [ 109.379398520302587, 40.451112728648006 ], [ 109.380724805910148, 40.451662827469498 ], [ 109.382098178448814, 40.452150371671344 ], [ 109.38244857185714, 40.452348312839582 ], [ 109.382803927773551, 40.452541357942678 ], [ 109.38316412108783, 40.452729438991284 ], [ 109.383529024983147, 40.452912489743767 ], [ 109.383898510980885, 40.453090445729806 ], [ 109.38427244898574, 40.453263244272669 ], [ 109.384650707331588, 40.453430824511798 ], [ 109.385033152828058, 40.453593127424099 ], [ 109.38541965080735, 40.45375009584474 ], [ 109.385810065171739, 40.453901674487398 ], [ 109.386204258441552, 40.454047809963662 ], [ 109.38660209180378, 40.45418845080205 ], [ 109.387003425160728, 40.454323547466089 ], [ 109.389746904432783, 40.455227091558569 ], [ 109.389815368591783, 40.455249543996374 ], [ 109.391225305121651, 40.455670966334189 ], [ 109.392668568174571, 40.456025408958574 ], [ 109.394139342692256, 40.456311443600981 ], [ 109.395631702530693, 40.456527917634673 ], [ 109.397139634384189, 40.456673958730079 ], [ 109.398657062065723, 40.456748978377711 ], [ 109.400177871041507, 40.456752674265445 ], [ 109.401513052782292, 40.456696975208416 ], [ 109.4056997376086, 40.456435428824761 ], [ 109.406162989421261, 40.456403216699087 ], [ 109.406625297677252, 40.456364295048225 ], [ 109.407086484579381, 40.456318678841733 ], [ 109.40754637276271, 40.456266385624119 ], [ 109.408004785362678, 40.456207435507821 ], [ 109.408461546083544, 40.45614185116537 ], [ 109.408916479266153, 40.456069657821089 ], [ 109.40936940995573, 40.455990883240823 ], [ 109.409820163969115, 40.455905557721643 ], [ 109.41026856796212, 40.455813714079916 ], [ 109.410759957715086, 40.456217050009464 ], [ 109.411649457377351, 40.456915029163483 ], [ 109.411958828739643, 40.457153295908221 ], [ 109.41305619102431, 40.457931791238394 ], [ 109.414218150065977, 40.458657252803562 ], [ 109.415440026324816, 40.459326757690455 ], [ 109.416716898448541, 40.459937608354998 ], [ 109.418043623110123, 40.460487343511296 ], [ 109.419414855746851, 40.460973748068042 ], [ 109.420825072118447, 40.461394862072595 ], [ 109.422268590595593, 40.461748988624556 ], [ 109.423739595089799, 40.462034700728708 ], [ 109.425232158528686, 40.462250847057838 ], [ 109.426740266785529, 40.462396556602592 ], [ 109.427540621332156, 40.462444860162393 ], [ 109.428691829732514, 40.462499995905532 ], [ 109.428784846556525, 40.462504316157784 ], [ 109.42951989491921, 40.46253739330875 ], [ 109.430314982723203, 40.462609987414695 ], [ 109.430758179713081, 40.462647358645455 ], [ 109.431202241081081, 40.462678624370916 ], [ 109.431647012912492, 40.462703773753496 ], [ 109.432092341045873, 40.46272279807571 ], [ 109.432538071126388, 40.46273569074323 ], [ 109.432984048659733, 40.462742447286985 ], [ 109.433430119065619, 40.462743065365053 ], [ 109.433876127731409, 40.462737544763151 ], [ 109.434321920066026, 40.462725887394825 ], [ 109.438191581561711, 40.462597970180433 ], [ 109.439329692541804, 40.462540236553828 ], [ 109.4397621452772, 40.462507711379303 ], [ 109.441666085899882, 40.462351589103648 ], [ 109.442742875360651, 40.462244966398117 ], [ 109.443334443714519, 40.462164396442006 ], [ 109.443681072095075, 40.462232713334984 ], [ 109.444029708042805, 40.462295198844913 ], [ 109.444380172067227, 40.462351820800052 ], [ 109.444732283735505, 40.462402550047521 ], [ 109.445085861765179, 40.462447360468154 ], [ 109.44544072411783, 40.462486228990421 ], [ 109.445796688092898, 40.462519135601973 ], [ 109.446153040502011, 40.462708858243474 ], [ 109.446514326940076, 40.462893411225842 ], [ 109.44688041021621, 40.463072724447265 ], [ 109.447251151314504, 40.463246729795763 ], [ 109.447626409446855, 40.463415361175052 ], [ 109.448006042106456, 40.463578554529434 ], [ 109.448389905121971, 40.463736247868866 ], [ 109.448777852712212, 40.463888381291653 ], [ 109.449169737541808, 40.464034897008034 ], [ 109.449645961569601, 40.46420978628808 ], [ 109.450638532675953, 40.464553602872009 ], [ 109.452048996908857, 40.46497439051759 ], [ 109.453492736367878, 40.465328182722743 ], [ 109.45496393407231, 40.465613553839184 ], [ 109.456127292816461, 40.465787970800463 ], [ 109.456856655114663, 40.465883480163413 ], [ 109.457298598540447, 40.465938206258478 ], [ 109.457741849291253, 40.465986813470451 ], [ 109.458186252327721, 40.466029284796299 ], [ 109.458631652206478, 40.46606560537947 ], [ 109.459077893134719, 40.46609576251484 ], [ 109.45952481902485, 40.46611974565328 ], [ 109.459972273549241, 40.46613754640542 ], [ 109.46042010019481, 40.466149158544489 ], [ 109.46086814231812, 40.466154578008442 ], [ 109.461316243200187, 40.466153802901545 ], [ 109.461764246101438, 40.466146833494967 ], [ 109.463602985695729, 40.46610376626807 ], [ 109.465058617277322, 40.466036812946044 ], [ 109.465601404612457, 40.465994946635668 ], [ 109.46666082633719, 40.465904200686907 ], [ 109.468579080931079, 40.465744837490739 ], [ 109.469627928260039, 40.465640309011306 ], [ 109.471122176522385, 40.465430352013335 ], [ 109.47259539289044, 40.465150740724432 ], [ 109.474041641361012, 40.464802601889012 ], [ 109.475383993157777, 40.464408228050118 ], [ 109.476168753861216, 40.464600388126271 ], [ 109.47764002510381, 40.464885510608717 ], [ 109.479132805026822, 40.46510105846783 ], [ 109.480641078629418, 40.465246163105824 ], [ 109.482158768345158, 40.465320239786813 ], [ 109.483679758583392, 40.465322989998633 ], [ 109.485197920424781, 40.465254402658545 ], [ 109.486707136371905, 40.465114754157973 ], [ 109.488201325053097, 40.464904607246154 ], [ 109.489674465778847, 40.464624808757314 ], [ 109.491120622851582, 40.464276486189789 ], [ 109.492533969528893, 40.463861043153074 ], [ 109.493908811543619, 40.463380153698829 ], [ 109.495239610083956, 40.462835755560484 ], [ 109.496521004142167, 40.46223004232904 ], [ 109.497732900673043, 40.46157354329079 ], [ 109.49812658669731, 40.461541079584741 ], [ 109.498519359854384, 40.461503050540827 ], [ 109.498911076186403, 40.461459470098063 ], [ 109.499301592123444, 40.461410354230352 ], [ 109.499690764536439, 40.461355720940439 ], [ 109.500078450789644, 40.461295590253386 ], [ 109.500464508793073, 40.461229984209155 ], [ 109.500848797054417, 40.461158926854573 ], [ 109.501231174731402, 40.461082444234457 ], [ 109.501894048865623, 40.460949346941895 ], [ 109.502312748900536, 40.46086225147269 ], [ 109.503758771852347, 40.460513794164889 ], [ 109.505171974532658, 40.460098219737098 ], [ 109.506546663255364, 40.459617202770282 ], [ 109.507877299827101, 40.459072681511401 ], [ 109.509158523893561, 40.458466850047202 ], [ 109.510385174560923, 40.457802149445442 ], [ 109.511552311207524, 40.457081257899311 ], [ 109.512655233398618, 40.45630707991689 ], [ 109.513348872780071, 40.455765952372381 ], [ 109.513570559414902, 40.455585551805825 ], [ 109.513911184769157, 40.455302333521097 ], [ 109.514872626146897, 40.454431140541708 ], [ 109.515757377009507, 40.453516611167757 ], [ 109.516561876208101, 40.452562429551598 ], [ 109.517282886257874, 40.451572439425831 ], [ 109.517917506342727, 40.45055062860019 ], [ 109.518335608278377, 40.449746485232623 ], [ 109.51863621898724, 40.449539943302369 ], [ 109.518931112366715, 40.449328943954583 ], [ 109.519220167580841, 40.449113573687434 ], [ 109.519503266189986, 40.448893920789743 ], [ 109.519780292199414, 40.448670075305252 ], [ 109.52005113210673, 40.448442128995531 ], [ 109.520315674948534, 40.448210175302137 ], [ 109.520573812345702, 40.447974309308599 ], [ 109.52082543854786, 40.447734627700981 ], [ 109.521241110042212, 40.447339259564572 ], [ 109.521361306131979, 40.44722395903873 ], [ 109.522245889301757, 40.44630939368038 ], [ 109.52305022518533, 40.445355180249571 ], [ 109.523771076955683, 40.444365162606331 ], [ 109.524405544433975, 40.443343328670885 ], [ 109.524951075728552, 40.442293794341644 ], [ 109.525405477464133, 40.4412207869008 ], [ 109.525766923560084, 40.440128627973579 ], [ 109.526033962525815, 40.439021716110517 ], [ 109.526140770513194, 40.438404339630289 ], [ 109.526214438411131, 40.437909634873215 ], [ 109.526279190201691, 40.437409804522687 ], [ 109.526354584530537, 40.436286801808748 ], [ 109.526333515565597, 40.435162525067135 ], [ 109.526216072566541, 40.434041501314304 ], [ 109.526002732806049, 40.432928244245836 ], [ 109.5256943595774, 40.431827236065956 ], [ 109.525292198650021, 40.430742909447012 ], [ 109.525057833572191, 40.430211366395142 ], [ 109.524818463567058, 40.429696185289053 ], [ 109.524558506740362, 40.429164448401743 ], [ 109.523974018190131, 40.428126495384291 ], [ 109.523301716261074, 40.427118047649515 ], [ 109.522544310767984, 40.426143164465635 ], [ 109.521999207046122, 40.425534467904974 ], [ 109.522173820568895, 40.42512210166921 ], [ 109.522535235488803, 40.424029969383056 ], [ 109.52280226462527, 40.422923082124015 ], [ 109.522973836896114, 40.421805897543919 ], [ 109.523049265750458, 40.420682914544592 ], [ 109.523048097189204, 40.420003257089505 ], [ 109.522965774631416, 40.417026174549754 ], [ 109.522945930608813, 40.416581573947823 ], [ 109.522828569031304, 40.415460568431911 ], [ 109.522615334593652, 40.414347327025531 ], [ 109.522307090162741, 40.413246331870276 ], [ 109.521905080987779, 40.412162015586929 ], [ 109.521410929619904, 40.411098743437414 ], [ 109.520826629318336, 40.410060795762725 ], [ 109.520154535967663, 40.409052350764398 ], [ 109.519397358541966, 40.408077467700878 ], [ 109.518558148153105, 40.407140070564004 ], [ 109.517640285729144, 40.406243932303717 ], [ 109.516647468373606, 40.405392659661317 ], [ 109.515583694458144, 40.404589678673666 ], [ 109.514453247513359, 40.403838220905655 ], [ 109.513260678978256, 40.403141310466189 ], [ 109.512149742275454, 40.40256863832213 ], [ 109.511670980968233, 40.402336430686198 ], [ 109.511275226445989, 40.40214856413332 ], [ 109.510874564874086, 40.401966481223923 ], [ 109.510469150647182, 40.401790252104043 ], [ 109.510059139987561, 40.401619944663949 ], [ 109.509644690884912, 40.401455624512209 ], [ 109.509225963035533, 40.401297354950501 ], [ 109.508803117781056, 40.401145196948917 ], [ 109.508376318046146, 40.400999209123114 ], [ 109.507796209194964, 40.400805869743131 ], [ 109.506909699511723, 40.400526142633623 ], [ 109.506099970302756, 40.400306590589551 ], [ 109.506142450873796, 40.400025661646993 ], [ 109.506176484331732, 40.399744103792671 ], [ 109.506202053969972, 40.399462056045202 ], [ 109.506219147261206, 40.399179657663304 ], [ 109.506227755863705, 40.398897048077046 ], [ 109.506227875625072, 40.398614366819217 ], [ 109.506219506584216, 40.398331753455992 ], [ 109.506202652970998, 40.39804934751853 ], [ 109.506149325559946, 40.396845041369247 ], [ 109.506131792110125, 40.39653308285655 ], [ 109.50610683224032, 40.39622140147079 ], [ 109.506074453795222, 40.395910093991567 ], [ 109.506034666922716, 40.395599257080718 ], [ 109.505987484070616, 40.395288987252933 ], [ 109.505932919982683, 40.394979380845392 ], [ 109.505664014533764, 40.393551746205993 ], [ 109.505594951471323, 40.393209153435926 ], [ 109.505516809496015, 40.392867630413043 ], [ 109.50542961887227, 40.392527308855641 ], [ 109.505333413353, 40.392188320016594 ], [ 109.505228230166523, 40.39185079463293 ], [ 109.505114110001898, 40.391514862875304 ], [ 109.504991096993095, 40.391180654297862 ], [ 109.504859238701911, 40.390848297788168 ], [ 109.504718586099131, 40.390517921517905 ], [ 109.504569193545166, 40.390189652893149 ], [ 109.504577917915313, 40.389902310257654 ], [ 109.504579287883701, 40.389614896981314 ], [ 109.50457330304539, 40.389327516121277 ], [ 109.504559965632524, 40.389040270721779 ], [ 109.504539280513669, 40.388753263777204 ], [ 109.504424439622255, 40.38725086309848 ], [ 109.504469881545432, 40.386967382403299 ], [ 109.504507224364559, 40.386683254961682 ], [ 109.504536451522569, 40.386398607465978 ], [ 109.504557550081643, 40.386113566838887 ], [ 109.504570510728854, 40.385828260176737 ], [ 109.504575327780159, 40.385542814693032 ], [ 109.504571999182588, 40.385257357661374 ], [ 109.504560526515249, 40.384972016359114 ], [ 109.504532624678689, 40.384108299672654 ], [ 109.504516920694911, 40.383763062610647 ], [ 109.504492125090351, 40.3834181178321 ], [ 109.504458247417134, 40.383073596441356 ], [ 109.504415300678787, 40.382729629380137 ], [ 109.504363301325043, 40.382386347377171 ], [ 109.504302269245528, 40.382043880899204 ], [ 109.504232227761733, 40.381702360100867 ], [ 109.50412446748345, 40.381209360329919 ], [ 109.504077175893912, 40.381000897071203 ], [ 109.503769349146438, 40.379899896361358 ], [ 109.503367795990897, 40.378815560997971 ], [ 109.502874137139585, 40.377752256321777 ], [ 109.502290363866422, 40.376714262806658 ], [ 109.501618829932298, 40.375705758840716 ], [ 109.500862242057437, 40.374730803921771 ], [ 109.500023648979194, 40.373793322333611 ], [ 109.499723971309592, 40.373500503930551 ], [ 109.49948425700174, 40.373221702717196 ], [ 109.499236867500372, 40.372946599323249 ], [ 109.498981906969973, 40.372675309484102 ], [ 109.498719482756641, 40.372407947329179 ], [ 109.498449705343006, 40.372144625334442 ], [ 109.498172688301338, 40.371885454274747 ], [ 109.497888548246067, 40.371630543177602 ], [ 109.497597404784358, 40.371379999277195 ], [ 109.497299380465833, 40.371133927969389 ], [ 109.497752417341005, 40.371119322261173 ], [ 109.498204991095179, 40.371098274013214 ], [ 109.498656934461451, 40.371070791005089 ], [ 109.499108080406316, 40.371036883394886 ], [ 109.499558262191627, 40.370996563715181 ], [ 109.500007313436328, 40.370949846868569 ], [ 109.500455068178212, 40.370896750121894 ], [ 109.500901360935089, 40.370837293100159 ], [ 109.501346026766313, 40.370771497779074 ], [ 109.501788901333782, 40.370699388477021 ], [ 109.502229820962825, 40.370620991845918 ], [ 109.502668622702814, 40.370536336861527 ], [ 109.505654338063678, 40.369939395497461 ], [ 109.506104692121724, 40.369845844790348 ], [ 109.507548906135426, 40.369497378829074 ], [ 109.508960337083266, 40.369081802883294 ], [ 109.510333298421344, 40.368600791535762 ], [ 109.51166225891933, 40.368056283006368 ], [ 109.51294186497762, 40.367450471325526 ], [ 109.514006383544938, 40.366878047436607 ], [ 109.514170634316912, 40.366784512349518 ], [ 109.514556349557822, 40.366604069708572 ], [ 109.514936949884884, 40.366417772622931 ], [ 109.515312273140978, 40.366225700488364 ], [ 109.515682159421388, 40.366027935160872 ], [ 109.516046451142344, 40.365824560922341 ], [ 109.516404993107898, 40.365615664444 ], [ 109.516757632576414, 40.365401334749883 ], [ 109.517104219325262, 40.365181663178475 ], [ 109.51744460571534, 40.364956743343917 ], [ 109.517778646753584, 40.364726671095866 ], [ 109.518106200154861, 40.364491544478867 ], [ 109.520502031349949, 40.363994416837585 ], [ 109.522884734577033, 40.363580128610607 ], [ 109.52331449580528, 40.363502290493514 ], [ 109.523742239017494, 40.363418584469535 ], [ 109.524167817974131, 40.363329039159439 ], [ 109.524591087177271, 40.363233685180489 ], [ 109.525011901920209, 40.363132555135863 ], [ 109.525430118337212, 40.363025683603624 ], [ 109.525845593452757, 40.362913107124719 ], [ 109.526258185230347, 40.362794864190455 ], [ 109.526667752621478, 40.362670995229486 ], [ 109.527074155613676, 40.362541542593803 ], [ 109.527773459355288, 40.362313094684843 ], [ 109.528857750420997, 40.362160921739211 ], [ 109.530240838956146, 40.361967410875877 ], [ 109.532659154913816, 40.361627305198333 ], [ 109.533419023055444, 40.361510951446256 ], [ 109.534889919054024, 40.361230686357189 ], [ 109.536333827217902, 40.360881913479389 ], [ 109.537744929872574, 40.360466038232687 ], [ 109.539117541798518, 40.359984736405536 ], [ 109.54044613317501, 40.359439947387671 ], [ 109.541004911705897, 40.359185600314689 ], [ 109.541553393571675, 40.358928202844176 ], [ 109.541947268832715, 40.358970877790362 ], [ 109.542342180416156, 40.359007935906497 ], [ 109.542737982136529, 40.359039363474018 ], [ 109.5431345274785, 40.359065148858612 ], [ 109.543531669650719, 40.359085282514712 ], [ 109.543929261640628, 40.359099756988854 ], [ 109.544327156268821, 40.359108566922856 ], [ 109.547252594125212, 40.359164535360847 ], [ 109.548328986392676, 40.359167189304841 ], [ 109.551247651043099, 40.359125750299341 ], [ 109.551505670856343, 40.359121053572885 ], [ 109.553021575328245, 40.35905170698129 ], [ 109.554528481253456, 40.358911311433232 ], [ 109.556020316575541, 40.35870043268676 ], [ 109.557491070095409, 40.358419920522316 ], [ 109.558934815742049, 40.358070905311017 ], [ 109.560345736496814, 40.357654793449001 ], [ 109.561718147874245, 40.357173261677794 ], [ 109.56304652086294, 40.356628250313427 ], [ 109.564325504233707, 40.356021955411379 ], [ 109.564451036533001, 40.355953765399647 ], [ 109.564730034106915, 40.355839289456071 ], [ 109.56600898986018, 40.355232978974321 ], [ 109.567233403371958, 40.354567828614044 ], [ 109.568398343037117, 40.353846518373643 ], [ 109.569499117274859, 40.353071954440679 ], [ 109.570531293432296, 40.352247257461784 ], [ 109.570792687485294, 40.352009818372238 ], [ 109.5710723515013, 40.351793463935167 ], [ 109.571346161663882, 40.351573044502324 ], [ 109.57161401022654, 40.351348646855946 ], [ 109.57187579179255, 40.351120359343895 ], [ 109.572131403356735, 40.35088827184439 ], [ 109.572380744345892, 40.350652475731053 ], [ 109.572623716658271, 40.350413063836463 ], [ 109.572860224702225, 40.350170130415869 ], [ 109.573090175433776, 40.349923771109829 ], [ 109.573403117051171, 40.349677615379171 ], [ 109.573709362493901, 40.349426886803712 ], [ 109.574008789924818, 40.349171685193511 ], [ 109.574301280224518, 40.348912112138265 ], [ 109.574586717038756, 40.348648270966748 ], [ 109.574864986824565, 40.348380266705433 ], [ 109.575135978895574, 40.348108206036883 ], [ 109.575399585465846, 40.347832197256871 ], [ 109.575655701692796, 40.347552350231602 ], [ 109.575904225718858, 40.347268776353744 ], [ 109.576145058711703, 40.346981588497954 ], [ 109.576378104903924, 40.346690900976014 ], [ 109.576813317736708, 40.346613832128213 ], [ 109.57724638973086, 40.346530415608257 ], [ 109.577677151975024, 40.34644068395415 ], [ 109.57810543646066, 40.346344672167135 ], [ 109.578531076147428, 40.346242417697894 ], [ 109.578953905028712, 40.346133960431978 ], [ 109.579373758196283, 40.346019342674353 ], [ 109.579790471904914, 40.345898609132611 ], [ 109.580203883636088, 40.345771806899641 ], [ 109.58061383216176, 40.345638985435173 ], [ 109.581020157607213, 40.345500196546524 ], [ 109.581422701513361, 40.345355494368228 ], [ 109.582298632233901, 40.345369467349471 ], [ 109.582763348127031, 40.345373742849709 ], [ 109.583228087711376, 40.345371250426254 ], [ 109.583692671153329, 40.345361991043603 ], [ 109.584156918679852, 40.345345968284903 ], [ 109.58462065064829, 40.345323188350577 ], [ 109.585083687615793, 40.345293660055866 ], [ 109.585545850409076, 40.345257394827506 ], [ 109.586006960193842, 40.345214406699156 ], [ 109.586466838544055, 40.345164712306129 ], [ 109.586925307511294, 40.345108330878681 ], [ 109.587886299267609, 40.345203033021228 ], [ 109.588735690555282, 40.34527532338528 ], [ 109.590251011368679, 40.345348169619491 ], [ 109.591769522413557, 40.345349695447098 ], [ 109.593285104767887, 40.345279894719361 ], [ 109.594791651336593, 40.345139048716348 ], [ 109.595023441077032, 40.345108457798631 ], [ 109.59561462639526, 40.345053182463737 ], [ 109.597106062463212, 40.344841849622981 ], [ 109.598576381778514, 40.344560890788578 ], [ 109.600019660021843, 40.344211438131154 ], [ 109.600515866534153, 40.34406489624142 ], [ 109.600968831881701, 40.344007772475443 ], [ 109.601420159294591, 40.343943937534981 ], [ 109.601869667369272, 40.343873417079323 ], [ 109.602317175434919, 40.343796239455052 ], [ 109.602762503626266, 40.343712435684481 ], [ 109.603205472955864, 40.343622039453408 ], [ 109.603645905386458, 40.343525087097177 ], [ 109.604083623902397, 40.343421617586543 ], [ 109.604518452581019, 40.343311672511469 ], [ 109.604950216663568, 40.343195296064643 ], [ 109.605378742625319, 40.343072535023666 ], [ 109.60580385824565, 40.342943438732227 ], [ 109.606969187710121, 40.342778219724593 ], [ 109.608439428042374, 40.342497153316806 ], [ 109.609882618870216, 40.342147595215486 ], [ 109.611292945413467, 40.341730954003623 ], [ 109.612545030052942, 40.341290970531318 ], [ 109.613571098000534, 40.34114543991398 ], [ 109.614074464509741, 40.341051405428388 ], [ 109.614484343573238, 40.34103319577784 ], [ 109.614893698000131, 40.341009380503728 ], [ 109.615302387932019, 40.340979967743174 ], [ 109.615710273738117, 40.340944967545717 ], [ 109.616117216062861, 40.340904391870048 ], [ 109.616523075873687, 40.340858254579693 ], [ 109.616927714508606, 40.340806571438414 ], [ 109.617759167652366, 40.340807243655874 ], [ 109.619274631620712, 40.340737149499709 ], [ 109.620781035238437, 40.340596012142285 ], [ 109.62227230847563, 40.340384400330436 ], [ 109.62374244240057, 40.340103166798336 ], [ 109.625185513441863, 40.339753444823053 ], [ 109.626451045118102, 40.339379401334327 ], [ 109.626832520381811, 40.339411360123478 ], [ 109.62825112619025, 40.339481289116875 ], [ 109.630117526853041, 40.339532094335716 ], [ 109.630577203913617, 40.339541329291912 ], [ 109.631037035821663, 40.33954402029773 ], [ 109.631496852630136, 40.339540166358447 ], [ 109.631956484397463, 40.33952976889865 ], [ 109.632415761250698, 40.339512831761148 ], [ 109.632874513448272, 40.339489361206113 ], [ 109.633332571443077, 40.339459365908205 ], [ 109.633789765944996, 40.339422856953945 ], [ 109.634245927983741, 40.339379847837051 ], [ 109.634700888971494, 40.339330354453764 ], [ 109.635652804549167, 40.339219842279427 ], [ 109.637170725100162, 40.339004940847957 ], [ 109.638519574337948, 40.338746745133378 ], [ 109.639378999858152, 40.338637438968618 ], [ 109.639568433612965, 40.338597227811128 ], [ 109.641080470783663, 40.338657561301702 ], [ 109.642598844473724, 40.338658511516982 ], [ 109.644114240410545, 40.3385881367698 ], [ 109.645620552251273, 40.338446720653309 ], [ 109.645858549671843, 40.338417756903439 ], [ 109.647446778413439, 40.338218369432049 ], [ 109.648497462874374, 40.338218978910788 ], [ 109.648876826802834, 40.338208049084031 ], [ 109.651227403184052, 40.338126469478823 ], [ 109.651645287210783, 40.33810961050979 ], [ 109.652062667785714, 40.338086922872115 ], [ 109.652479396607248, 40.33805841462744 ], [ 109.652895325605769, 40.338024095905709 ], [ 109.653310306996488, 40.337983978901505 ], [ 109.653724193331996, 40.337938077869687 ], [ 109.654136837554674, 40.337886409120301 ], [ 109.654548093049215, 40.337828991012806 ], [ 109.65490767167978, 40.337833510528014 ], [ 109.655024673226848, 40.337849193886186 ], [ 109.656530680904652, 40.337992304493334 ], [ 109.658045918411858, 40.338064384075921 ], [ 109.659564280045188, 40.338065142170649 ], [ 109.661079647484996, 40.337994575722668 ], [ 109.662585914503111, 40.337852969097554 ], [ 109.664077011620861, 40.337640892933258 ], [ 109.66554693061741, 40.337359201835035 ], [ 109.666989748788907, 40.337009030923539 ], [ 109.66784839435158, 40.336754930133132 ], [ 109.66797544359693, 40.336742979995478 ], [ 109.66946650264984, 40.336530844127708 ], [ 109.670936378796938, 40.336249094253773 ], [ 109.672379149507009, 40.335898865731309 ], [ 109.6727571829027, 40.335786975208357 ], [ 109.672954757354006, 40.335765302568653 ], [ 109.673216395416219, 40.335735505975634 ], [ 109.674707418909151, 40.335523312035768 ], [ 109.67617725482279, 40.33524150498733 ], [ 109.677619980788492, 40.334891220418164 ], [ 109.679029783902124, 40.334473869838249 ], [ 109.680400984187742, 40.333991134979016 ], [ 109.681728057520544, 40.333444961002236 ], [ 109.682795088554514, 40.33293766160233 ], [ 109.68322656299361, 40.332866822643794 ], [ 109.683656018540901, 40.33278955015107 ], [ 109.684083280242547, 40.332705875606422 ], [ 109.684508174040218, 40.332615833100476 ], [ 109.684930526842166, 40.332519459317993 ], [ 109.68535016659375, 40.332416793523102 ], [ 109.685766922347739, 40.332307877543158 ], [ 109.686180624334071, 40.332192755751798 ], [ 109.686610308495744, 40.332116919928573 ], [ 109.687037833009555, 40.3320346642234 ], [ 109.687463022942168, 40.331946022296378 ], [ 109.687885704317466, 40.331851030420808 ], [ 109.688305704187755, 40.331749727468484 ], [ 109.68872285070465, 40.331642154893373 ], [ 109.689136973189477, 40.331528356714934 ], [ 109.689547902203358, 40.331408379500004 ], [ 109.689955469616436, 40.33128227234355 ], [ 109.690522295503456, 40.331282422477983 ], [ 109.691773225677849, 40.33122387639559 ], [ 109.692161756030146, 40.331435865701003 ], [ 109.693438701034538, 40.332044004421661 ], [ 109.694765181606101, 40.332590933032954 ], [ 109.696135854152317, 40.333074447756914 ], [ 109.697545196678504, 40.333492600289986 ], [ 109.698987531068369, 40.333843705669558 ], [ 109.700457045998562, 40.334126349078517 ], [ 109.701947820396484, 40.334339391558856 ], [ 109.703453847344022, 40.334481974611698 ], [ 109.704969058331528, 40.334553523664496 ], [ 109.706487347762078, 40.334553750391898 ], [ 109.708002597607489, 40.334482653880194 ], [ 109.709508702113794, 40.334340520631166 ], [ 109.710999592458293, 40.334127923404751 ], [ 109.712469261254725, 40.333845718905735 ], [ 109.713911786809092, 40.333495044323456 ], [ 109.714292903124374, 40.333382100942821 ], [ 109.715653137516156, 40.333262087868967 ], [ 109.716092904113395, 40.333220414629857 ], [ 109.716531486496919, 40.333172384603728 ], [ 109.716968717073911, 40.333118016145058 ], [ 109.717404428769242, 40.333057330030641 ], [ 109.71783845508925, 40.332990349451492 ], [ 109.718270630185685, 40.332917100003961 ], [ 109.719183078534854, 40.333484132408074 ], [ 109.720405645636276, 40.334150775151294 ], [ 109.721682871384502, 40.334758646465055 ], [ 109.723009611009928, 40.335305297072196 ], [ 109.724380519874387, 40.335788524314609 ], [ 109.72579007502965, 40.336206381046765 ], [ 109.727232597501228, 40.336557183497867 ], [ 109.728702275206558, 40.336839518071145 ], [ 109.73019318641613, 40.337052247052959 ], [ 109.731699323659768, 40.337194513207791 ], [ 109.733214617982611, 40.337265743239819 ], [ 109.734732963451748, 40.337265650109345 ], [ 109.736248241812874, 40.337194234191628 ], [ 109.73775434719731, 40.337051783275655 ], [ 109.738837804587519, 40.336904292057874 ], [ 109.740297652884394, 40.336679706857474 ], [ 109.740728337387367, 40.336607859900283 ], [ 109.740905444277544, 40.336712584762509 ], [ 109.742128262025545, 40.337379031532777 ], [ 109.743405723453392, 40.337986697831752 ], [ 109.74473268284062, 40.338533135207982 ], [ 109.746103794662318, 40.339016141862231 ], [ 109.747513535151214, 40.339433771537429 ], [ 109.748956224584774, 40.339784341377445 ], [ 109.749093123507024, 40.33981061657061 ], [ 109.74897522572661, 40.340065233094009 ], [ 109.748865643371801, 40.340321878193848 ], [ 109.748764440094618, 40.340580403001468 ], [ 109.748671674688623, 40.340840657556228 ], [ 109.748587401054522, 40.341102490892311 ], [ 109.748511668168817, 40.341365751126467 ], [ 109.748444520055116, 40.341630285546024 ], [ 109.74826116656223, 40.3418344377693 ], [ 109.747544968737103, 40.342749391868274 ], [ 109.747179961686726, 40.342942295545726 ], [ 109.746820331125519, 40.343140658911359 ], [ 109.746466226014064, 40.34334439982991 ], [ 109.746117793028631, 40.343553433938233 ], [ 109.745775176500501, 40.343767674681068 ], [ 109.745438518355925, 40.343987033346203 ], [ 109.745107958057687, 40.344211419101413 ], [ 109.744783632547268, 40.344440739031889 ], [ 109.744465676187886, 40.344674898178724 ], [ 109.744170598033193, 40.34484138636121 ], [ 109.743879948449688, 40.345012092170336 ], [ 109.743593837405427, 40.345186951039537 ], [ 109.743312373154154, 40.345365896830785 ], [ 109.743035662194288, 40.34554886185996 ], [ 109.74276380922862, 40.345735776921998 ], [ 109.742496917124683, 40.345926571317307 ], [ 109.742080547670184, 40.346017143610723 ], [ 109.740653677743566, 40.346401837396435 ], [ 109.739262618603576, 40.346852744562057 ], [ 109.737912968560664, 40.347368050751292 ], [ 109.736610159620312, 40.347945682435594 ], [ 109.735481781894237, 40.348517050758943 ], [ 109.735181848801403, 40.348678421229359 ], [ 109.735059502019027, 40.348744685448374 ], [ 109.733865892212947, 40.349439750931424 ], [ 109.732734207123528, 40.350189454707419 ], [ 109.731669003158103, 40.350990779725969 ], [ 109.730674569587222, 40.351840501086613 ], [ 109.729754911271954, 40.352735198996399 ], [ 109.728913732527758, 40.353671272512251 ], [ 109.728154422189562, 40.354644954013608 ], [ 109.727480039938754, 40.355652324347126 ], [ 109.726893303947548, 40.356689328583315 ], [ 109.726396579890945, 40.357751792321906 ], [ 109.725991871371022, 40.358835438480725 ], [ 109.725680811793367, 40.359935904500212 ], [ 109.725464657729574, 40.361048759895503 ], [ 109.725344283791614, 40.362169524085324 ], [ 109.725320179042498, 40.363293684425308 ], [ 109.72534427448845, 40.363855623652221 ], [ 109.725408334796867, 40.364851126013122 ], [ 109.725456506406687, 40.365412217269238 ], [ 109.725498810823353, 40.365692999288029 ], [ 109.725413649238391, 40.365983817998448 ], [ 109.725336629855235, 40.366275878070915 ], [ 109.725267785705498, 40.366569054618495 ], [ 109.725207146325985, 40.366863222275107 ], [ 109.725154737746124, 40.367158255249272 ], [ 109.725110582476347, 40.36745402737796 ], [ 109.725074699498677, 40.367750412180278 ], [ 109.725047104258167, 40.36804728291176 ], [ 109.725027808656094, 40.368344512618499 ], [ 109.724987573306009, 40.368917982996649 ], [ 109.724982482296042, 40.368993668789642 ], [ 109.724958369773418, 40.370117836712588 ], [ 109.725030636869178, 40.371240874500394 ], [ 109.725198996985668, 40.372358259909916 ], [ 109.725462776504557, 40.373465493238527 ], [ 109.725670186898355, 40.374134265666775 ], [ 109.725862639319473, 40.374703970574167 ], [ 109.725977361429486, 40.375030339739297 ], [ 109.726100456641902, 40.375355033803601 ], [ 109.726231880465633, 40.375677935116897 ], [ 109.726371585389856, 40.375998926677163 ], [ 109.726519520901292, 40.376317892172402 ], [ 109.726675633502268, 40.376634716023482 ], [ 109.726839866729975, 40.376949283425461 ], [ 109.727012161176745, 40.377261480389599 ], [ 109.727192454511524, 40.377571193784512 ], [ 109.727380681502382, 40.377878311377273 ], [ 109.727696957956326, 40.378381565880197 ], [ 109.727954017242411, 40.378777669022 ], [ 109.728671532440671, 40.379768691405744 ], [ 109.729472554336098, 40.380724036225956 ], [ 109.730353859458489, 40.3816398550739 ], [ 109.731311900548235, 40.382512458611764 ], [ 109.732342820817109, 40.383338331455334 ], [ 109.732738535984808, 40.383628967293767 ], [ 109.733304019603509, 40.384034723499383 ], [ 109.734007960703707, 40.384519899792387 ], [ 109.735171921609648, 40.385242526452807 ], [ 109.736395495103878, 40.385909057700744 ], [ 109.737673752975425, 40.386516807973834 ], [ 109.739001546294645, 40.387063328479528 ], [ 109.740373526176057, 40.387546417080962 ], [ 109.74178416535392, 40.387964127188518 ], [ 109.743227780483139, 40.388314775619747 ], [ 109.744698555075686, 40.38859694939665 ], [ 109.746190562979123, 40.388809511451846 ], [ 109.747697792300769, 40.388951605221031 ], [ 109.749214169682318, 40.389022658102469 ], [ 109.750206104473207, 40.389030568065834 ], [ 109.756208946340521, 40.38898625716034 ], [ 109.756736425702414, 40.388978049264558 ], [ 109.758252749265878, 40.388906380983812 ], [ 109.75975987211028, 40.388763675542108 ], [ 109.761251721306849, 40.388550508005963 ], [ 109.76272228560417, 40.3882677373796 ], [ 109.764165639698859, 40.387916503135294 ], [ 109.765575968156767, 40.387498220611519 ], [ 109.766943284211422, 40.387006628012003 ], [ 109.767113461386145, 40.386946583876259 ], [ 109.768485273589619, 40.38646320464759 ], [ 109.769812639365, 40.385916130464381 ], [ 109.771090423442402, 40.385307847232419 ], [ 109.772313478804534, 40.384640805891195 ], [ 109.773476879331525, 40.383917694057416 ], [ 109.773959643692862, 40.383588821467164 ], [ 109.774791726370466, 40.38300618382133 ], [ 109.775046145897534, 40.38283978846156 ], [ 109.775381535503783, 40.382616477424186 ], [ 109.775711055395917, 40.382388431764539 ], [ 109.776034583583055, 40.382155735948345 ], [ 109.77635200029691, 40.381918476162923 ], [ 109.77666318803611, 40.381676740284931 ], [ 109.776968031609698, 40.38143061784826 ], [ 109.777266418179678, 40.381180200010135 ], [ 109.777558237303012, 40.380925579517907 ], [ 109.7778433809723, 40.38066685067443 ], [ 109.778121743655603, 40.380404109302965 ], [ 109.778451227237383, 40.380249646321985 ], [ 109.778776296740091, 40.380090144107804 ], [ 109.77909681146896, 40.379925671712037 ], [ 109.779412632703767, 40.379756300337398 ], [ 109.779723623758898, 40.379582103307051 ], [ 109.780029650042621, 40.379403156032524 ], [ 109.780330579115173, 40.379219535981278 ], [ 109.780626280746361, 40.379031322643037 ], [ 109.782613353281221, 40.377776382188138 ], [ 109.783045631308852, 40.377496666931819 ], [ 109.783670985196636, 40.377067005001258 ], [ 109.784588388721843, 40.376413759117661 ], [ 109.7849330934976, 40.376213713626157 ], [ 109.785272003358997, 40.376008317173529 ], [ 109.785604966707538, 40.37579766166921 ], [ 109.785931834609315, 40.375581841375045 ], [ 109.78625246086176, 40.375360952863083 ], [ 109.786566702058991, 40.375135094972329 ], [ 109.78716112946654, 40.374705876793165 ], [ 109.787515325434555, 40.374444720717072 ], [ 109.788545352370562, 40.373618330135066 ], [ 109.789502465506871, 40.372745246419676 ], [ 109.790382811797244, 40.371828986887728 ], [ 109.790771501454032, 40.371381539543215 ], [ 109.7909574713902, 40.371160220020485 ], [ 109.791803886260496, 40.370633842945182 ], [ 109.791860612198093, 40.370596108419136 ], [ 109.792703175567539, 40.370033823108038 ], [ 109.793210923334144, 40.369673854665116 ], [ 109.79349832073467, 40.369536943448985 ], [ 109.79472091017675, 40.368869708379727 ], [ 109.795883840496344, 40.368146413667532 ], [ 109.796982428223245, 40.36736997349314 ], [ 109.798012249528853, 40.366543516059323 ], [ 109.798969158043278, 40.365670370966988 ], [ 109.799849301544796, 40.364754055779493 ], [ 109.800649137457469, 40.363798261831278 ], [ 109.801365447091797, 40.362806839337409 ], [ 109.801995348573641, 40.36178378186483 ], [ 109.802536308409401, 40.360733210228396 ], [ 109.802841120321972, 40.359997124728046 ], [ 109.804106106525396, 40.359392016548675 ], [ 109.805328430890853, 40.358724691542193 ], [ 109.806491096281704, 40.3580013121774 ], [ 109.807589420295571, 40.357224792975188 ], [ 109.808618980166983, 40.356398262456032 ], [ 109.809575630579204, 40.355525050514373 ], [ 109.810455520350871, 40.354608674982003 ], [ 109.811255107928034, 40.353652827435639 ], [ 109.811971175621338, 40.352661358305362 ], [ 109.812600842531154, 40.351638261345215 ], [ 109.81314157610818, 40.350587657528024 ], [ 109.813591202304551, 40.349513778431039 ], [ 109.813947914274834, 40.348420949177246 ], [ 109.814210279592885, 40.347313571004598 ], [ 109.814377245956578, 40.34619610353004 ], [ 109.814448145358369, 40.345073046783412 ], [ 109.81442269670562, 40.343948923080809 ], [ 109.814390217708365, 40.343453415652093 ], [ 109.814268529199822, 40.342332751903328 ], [ 109.814110930074463, 40.341610647956315 ], [ 109.814547071479083, 40.341659523505918 ], [ 109.814984410122335, 40.341702133847527 ], [ 109.81542278181611, 40.341738462983166 ], [ 109.815862021983705, 40.341768497273122 ], [ 109.816301965721777, 40.341792225440983 ], [ 109.81674244786214, 40.341809638577956 ], [ 109.817183303034255, 40.341820730146409 ], [ 109.817624365727042, 40.341825495981865 ], [ 109.818065470351513, 40.341823934295107 ], [ 109.818506451302866, 40.341816045672367 ], [ 109.818947143022712, 40.341801833075515 ], [ 109.819387380061627, 40.341781301840655 ], [ 109.819539787558597, 40.341875808754999 ], [ 109.820763403731064, 40.342541541554198 ], [ 109.822041604524159, 40.343148461552225 ], [ 109.823369241233394, 40.343694123303621 ], [ 109.824740965600242, 40.344176328133457 ], [ 109.826151251385397, 40.344593133014861 ], [ 109.827594416665136, 40.344942858414569 ], [ 109.829064646762731, 40.345224095075345 ], [ 109.83055601771909, 40.345435709707353 ], [ 109.832062520208552, 40.345576849565042 ], [ 109.833578083802408, 40.345646945891296 ], [ 109.835096601481226, 40.34564571621479 ], [ 109.836611954296231, 40.345573165490833 ], [ 109.838118036079408, 40.345429586081409 ], [ 109.838883278686083, 40.345328801682072 ], [ 109.840361040696692, 40.345115777225345 ], [ 109.840819707535189, 40.345046200521772 ], [ 109.84127644714917, 40.344969991779898 ], [ 109.841731084585305, 40.344887180193929 ], [ 109.842183445697088, 40.344797797487438 ], [ 109.842633357211895, 40.344701877901059 ], [ 109.843080646797389, 40.344599458179317 ], [ 109.843525143127636, 40.344490577556861 ], [ 109.843966675948977, 40.344375277742984 ], [ 109.844405076145179, 40.344253602905781 ], [ 109.845239857691539, 40.344014988574052 ], [ 109.846241851344587, 40.343709089324783 ], [ 109.847612123830473, 40.343224640637899 ], [ 109.848938119557118, 40.342676807379632 ], [ 109.850214496890359, 40.342067796972849 ], [ 109.851436114486049, 40.341400063283523 ], [ 109.852598052021719, 40.340676296714449 ], [ 109.85369563003033, 40.339899413344817 ], [ 109.854724428754253, 40.339072543160462 ], [ 109.855680305946123, 40.338199017422063 ], [ 109.856097059836159, 40.337764463684906 ], [ 109.85667889766026, 40.337401990878632 ], [ 109.857776383656216, 40.33662507661699 ], [ 109.858805090657768, 40.335798177795112 ], [ 109.859760876787092, 40.334924625788872 ], [ 109.860639894346491, 40.334007939797736 ], [ 109.860782320552758, 40.333837445225669 ], [ 109.861247356531933, 40.333645235994389 ], [ 109.862523475084998, 40.333036113852643 ], [ 109.863744830798538, 40.332368273979355 ], [ 109.864906504406463, 40.331644407204372 ], [ 109.86600381750533, 40.330867430009803 ], [ 109.867032351405712, 40.330040472758654 ], [ 109.867987964927053, 40.329166867061815 ], [ 109.868290569039132, 40.328851220297487 ], [ 109.868493407788222, 40.328707582769624 ], [ 109.868895461238125, 40.328669150129691 ], [ 109.869883278763467, 40.328535202879401 ], [ 109.870728865840178, 40.328406897484818 ], [ 109.871231359027817, 40.328326473467932 ], [ 109.872700294899346, 40.32804251456654 ], [ 109.874141940458671, 40.327690118502979 ], [ 109.875550487162926, 40.32727070529473 ], [ 109.87692026010815, 40.32678596498328 ], [ 109.87824458550871, 40.326238364851896 ], [ 109.878570881339684, 40.326093205882223 ], [ 109.879847302977637, 40.325483666364796 ], [ 109.881068375860465, 40.324815673651806 ], [ 109.882229759571274, 40.324091662165728 ], [ 109.883326776875776, 40.323314548971133 ], [ 109.884355010277019, 40.322487464978089 ], [ 109.885310319806038, 40.321613742307207 ], [ 109.88562910769744, 40.321281059477201 ], [ 109.885704071544794, 40.321279549921876 ], [ 109.885851384243324, 40.321276246995943 ], [ 109.887366184548341, 40.321203124477002 ], [ 109.888871667857586, 40.321058978502215 ], [ 109.890361767855126, 40.320844389941897 ], [ 109.891830480344595, 40.320560223524836 ], [ 109.892668563764232, 40.320364372638174 ], [ 109.893023816639158, 40.320276006187065 ], [ 109.893419413874554, 40.320174807561344 ], [ 109.893812450747561, 40.320068278324548 ], [ 109.894202796301641, 40.319956453975955 ], [ 109.894590320478699, 40.319839371779366 ], [ 109.894974894162644, 40.319717070750407 ], [ 109.895356389222542, 40.319589591643627 ], [ 109.895734678555044, 40.319456976938852 ], [ 109.896109636127122, 40.319319270826838 ], [ 109.896460506517784, 40.319232662160246 ], [ 109.896808264148348, 40.319139421808579 ], [ 109.89715268053412, 40.319039611037887 ], [ 109.89749352938837, 40.318933295431414 ], [ 109.897830586771491, 40.318820544846034 ], [ 109.898163631237836, 40.318701433366826 ], [ 109.89850619740119, 40.31868455491621 ], [ 109.898848118760498, 40.318661599523828 ], [ 109.899189198790978, 40.318632580384019 ], [ 109.899529241452186, 40.318597514176552 ], [ 109.899868051300459, 40.318556421056982 ], [ 109.900205433601911, 40.318509324644893 ], [ 109.900625283158121, 40.318596094247184 ], [ 109.901047314373784, 40.318676851207755 ], [ 109.901471370261618, 40.318751565483993 ], [ 109.90189729307987, 40.318820209280943 ], [ 109.902324924390754, 40.318882757061964 ], [ 109.902754105119641, 40.318939185558179 ], [ 109.903184675614455, 40.318989473777179 ], [ 109.903965497360858, 40.31907618939983 ], [ 109.905281632939236, 40.319194828028564 ], [ 109.906796722144961, 40.319264094997273 ], [ 109.908314693335356, 40.31926203622956 ], [ 109.909829429765352, 40.319188660021631 ], [ 109.911334827752682, 40.319044262061702 ], [ 109.912824821325628, 40.318829424235666 ], [ 109.914293406717491, 40.318545012276445 ], [ 109.91573466660698, 40.318192172267928 ], [ 109.917142794007574, 40.317772326015998 ], [ 109.918512115706903, 40.31728716530651 ], [ 109.919563864655387, 40.316858528154043 ], [ 109.920191974425038, 40.316587112062138 ], [ 109.920465222899253, 40.316467227733398 ], [ 109.921378885874162, 40.31603045048579 ], [ 109.92177521764215, 40.315866366443501 ], [ 109.922510348665384, 40.315605869157785 ], [ 109.92328217043854, 40.315296286556126 ], [ 109.923414872965509, 40.315240702070398 ], [ 109.923834958628504, 40.315163357399335 ], [ 109.924253017487743, 40.315080207531693 ], [ 109.924668903295967, 40.31499128155815 ], [ 109.925082470567787, 40.314896610589997 ], [ 109.925493574630536, 40.314796227748502 ], [ 109.925902071674955, 40.314690168153049 ], [ 109.926307818805711, 40.314578468908813 ], [ 109.926710674091254, 40.314461169093853 ], [ 109.927110496613807, 40.314338309745487 ], [ 109.92750714651855, 40.314209933845675 ], [ 109.927900485062779, 40.314076086306187 ], [ 109.928885651978334, 40.313733838675255 ], [ 109.929732354373996, 40.313424441674421 ], [ 109.931057200526169, 40.312875812612063 ], [ 109.932332380098046, 40.312266038604058 ], [ 109.933552756576702, 40.311597576590586 ], [ 109.93471341464533, 40.310873119906041 ], [ 109.935809679996368, 40.310095587407083 ], [ 109.936837138165558, 40.30926811169136 ], [ 109.936913762013518, 40.30919837223378 ], [ 109.937548001429931, 40.30868756580594 ], [ 109.938502499590172, 40.307813476003666 ], [ 109.939380211345991, 40.306896298457488 ], [ 109.940177603922692, 40.305939727968898 ], [ 109.940891468477176, 40.304947617874269 ], [ 109.941518932987265, 40.303923964503284 ], [ 109.942057473776899, 40.302872891064155 ], [ 109.942504925630914, 40.301798631019302 ], [ 109.942859490461259, 40.300705511020396 ], [ 109.943119744487447, 40.299597933470345 ], [ 109.943284643907518, 40.298480358783785 ], [ 109.943302912737181, 40.298292237512619 ], [ 109.943336510063361, 40.297918484211792 ], [ 109.943361324521959, 40.297600753380124 ], [ 109.943378306780843, 40.297282740044238 ], [ 109.943387451283826, 40.296964550154591 ], [ 109.943388755086048, 40.296646289718879 ], [ 109.943382217854918, 40.296328064766833 ], [ 109.943367841870085, 40.296009981314903 ], [ 109.943345632022414, 40.295692145330861 ], [ 109.943315595812521, 40.295374662698727 ], [ 109.943277743347792, 40.295057639183156 ], [ 109.944788992165243, 40.294912480904081 ], [ 109.946278399094538, 40.294697276309513 ], [ 109.947746373221136, 40.294412504572065 ], [ 109.949186999689076, 40.294059313224615 ], [ 109.950594474066492, 40.293639125487658 ], [ 109.951963125774711, 40.29315363452185 ], [ 109.953287440972844, 40.292604796591 ], [ 109.954562084804707, 40.291994823162391 ], [ 109.955781922917197, 40.291326171978312 ], [ 109.95694204216413, 40.290601537133867 ], [ 109.958037770409959, 40.289823838201869 ], [ 109.959064695355167, 40.288996208448964 ], [ 109.960018682305687, 40.288121982190809 ], [ 109.96089589081636, 40.287204681338061 ], [ 109.961692790139509, 40.286248001187452 ], [ 109.962406173418955, 40.28525579551529 ], [ 109.963033170570782, 40.284232061034636 ], [ 109.963571259800688, 40.283180921278777 ], [ 109.964018277711332, 40.282106609975877 ], [ 109.964372427960896, 40.281013453982489 ], [ 109.964632288437258, 40.279905855845243 ], [ 109.964796816921492, 40.278788276060496 ], [ 109.964865355217242, 40.27766521510425 ], [ 109.964844812547327, 40.276654817750831 ], [ 109.964806787887625, 40.276008771641948 ], [ 109.964783895912007, 40.27568705288197 ], [ 109.964753113457675, 40.275365695875649 ], [ 109.964714450806682, 40.275044806883983 ], [ 109.964667920846281, 40.27472449201192 ], [ 109.964613539064501, 40.27440485717289 ], [ 109.964551323544953, 40.274086008054084 ], [ 109.964481294960819, 40.273768050081379 ], [ 109.964403476567639, 40.273451088384427 ], [ 109.964317894195801, 40.27313522776236 ], [ 109.964081316326059, 40.27230142430863 ], [ 109.963996647540796, 40.272013838576143 ], [ 109.963904970828239, 40.271727435392627 ], [ 109.963806316288853, 40.271442308537338 ], [ 109.963700716306775, 40.271158551370327 ], [ 109.963588205539111, 40.270876256802154 ], [ 109.963468820904566, 40.270595517263246 ], [ 109.963342601571327, 40.270316424673815 ], [ 109.963445653621321, 40.268286568435215 ], [ 109.963460385364343, 40.267859167090855 ], [ 109.963459693691874, 40.267713737242644 ], [ 109.963780984567464, 40.267266751289135 ], [ 109.964407809301363, 40.266243028150917 ], [ 109.964945747342128, 40.265191901119103 ], [ 109.96539263589996, 40.264117603869792 ], [ 109.965746679152204, 40.263024463202491 ], [ 109.966006455415496, 40.261916881601351 ], [ 109.966170922808047, 40.260799319495732 ], [ 109.966239423377658, 40.259676277290119 ], [ 109.966241523325877, 40.259477859492392 ], [ 109.9662433018581, 40.258890413677641 ], [ 109.966348367665177, 40.258571823018485 ], [ 109.966445048145786, 40.258251777283661 ], [ 109.966533306788534, 40.25793039770258 ], [ 109.966613110273471, 40.257607806008281 ], [ 109.966684428484527, 40.257284124391255 ], [ 109.966747234520625, 40.256959475452874 ], [ 109.966801504705955, 40.256633982159443 ], [ 109.966847218598559, 40.256307767795178 ], [ 109.96688435899803, 40.255980955915689 ], [ 109.966912911951752, 40.255653670301172 ], [ 109.966967672277164, 40.254942110287423 ], [ 109.96698865533665, 40.254616927423449 ], [ 109.967001573252574, 40.25429151376435 ], [ 109.967006421769682, 40.253965979201205 ], [ 109.967003199357777, 40.253640433664479 ], [ 109.966991907212034, 40.25331498708654 ], [ 109.96697254925266, 40.252989749365028 ], [ 109.966945132123399, 40.252664830325401 ], [ 109.966776983007392, 40.250928299828921 ], [ 109.966684550428752, 40.250190269008804 ], [ 109.966669714496646, 40.250096028752594 ], [ 109.966356232033107, 40.248058345919709 ], [ 109.966955590825165, 40.247354562302604 ], [ 109.967268768463796, 40.247158793961965 ], [ 109.967766119250214, 40.246805532419302 ], [ 109.96805831884727, 40.246624969257319 ], [ 109.968345094987839, 40.24643969004255 ], [ 109.968626309212567, 40.246249784259611 ], [ 109.968901825751445, 40.246055343626708 ], [ 109.96917151158928, 40.245856462051499 ], [ 109.96943523653006, 40.245653235585763 ], [ 109.969692873259632, 40.245445762378615 ], [ 109.969944297407267, 40.245234142629442 ], [ 109.970844641585188, 40.244671280473959 ], [ 109.971939539147641, 40.243893502245491 ], [ 109.972965666931458, 40.24306580253571 ], [ 109.973918893453302, 40.242191515938764 ], [ 109.974795381329997, 40.241274164605386 ], [ 109.975591602714971, 40.240317444032385 ], [ 109.976304353480501, 40.23932520815594 ], [ 109.976595021334987, 40.238850169646746 ], [ 109.976677869925481, 40.23873483089114 ], [ 109.977304272313091, 40.237711075371593 ], [ 109.977841817672868, 40.236659925254237 ], [ 109.97828834479408, 40.235585614306409 ], [ 109.978642059307461, 40.23449246938133 ], [ 109.978901540850899, 40.233384892979196 ], [ 109.979065748726427, 40.232267345507282 ], [ 109.979134026023686, 40.231144327310197 ], [ 109.979106102196042, 40.230020360542426 ], [ 109.979006601802084, 40.228550514961526 ], [ 109.979566035915624, 40.227636035260446 ], [ 109.98010347541269, 40.226584886124634 ], [ 109.980549908419221, 40.225510577913631 ], [ 109.980903540943785, 40.224417437468944 ], [ 109.981162952953554, 40.223309867272505 ], [ 109.981327104029361, 40.222192327706225 ], [ 109.981357329490734, 40.221749090844703 ], [ 109.981565097423029, 40.221138670841341 ], [ 109.98165046533677, 40.220864991165087 ], [ 109.981771131416025, 40.220456215909749 ], [ 109.981873095349812, 40.220020836257106 ], [ 109.98200393662492, 40.219710680540594 ], [ 109.982126218083565, 40.219398610164674 ], [ 109.982239888940512, 40.219084755016823 ], [ 109.982344901996157, 40.218769245725717 ], [ 109.982441213656031, 40.218452213606547 ], [ 109.982528783948723, 40.218133790606501 ], [ 109.98260757654235, 40.217814109249964 ], [ 109.982677558759548, 40.217493302582959 ], [ 109.982738701590804, 40.21717150411817 ], [ 109.982790979706436, 40.216848847779069 ], [ 109.982980500596383, 40.216478090707142 ], [ 109.983426830341529, 40.21540378317593 ], [ 109.983780371610493, 40.214310645581172 ], [ 109.984039704736773, 40.213203080392717 ], [ 109.984203789617993, 40.212085547972272 ], [ 109.984265598163006, 40.211199396420064 ], [ 109.984390806120146, 40.207713731493399 ], [ 109.984397177089662, 40.207476884448255 ], [ 109.984388326471148, 40.206705584590594 ], [ 109.984309485193847, 40.204775133956197 ], [ 109.984292613158686, 40.204456685731863 ], [ 109.984268020417645, 40.204138514246651 ], [ 109.984235715029541, 40.203820722468087 ], [ 109.98419570754875, 40.20350341323946 ], [ 109.98414801102183, 40.203186689246408 ], [ 109.984092640982979, 40.202870652983862 ], [ 109.984029615449046, 40.202555406722539 ], [ 109.983958954913476, 40.202241052476538 ], [ 109.983778537384296, 40.201480631455823 ], [ 109.9837662896403, 40.201429449333737 ], [ 109.983452046486917, 40.200329753811531 ], [ 109.983044415253076, 40.199247055536908 ], [ 109.982545041084975, 40.198185713250211 ], [ 109.982246002195026, 40.197637090977508 ], [ 109.981923452439034, 40.197072643483047 ], [ 109.981760570918482, 40.196793938098487 ], [ 109.981590839498864, 40.196517491153315 ], [ 109.981414315130706, 40.196243395277584 ], [ 109.981231057038542, 40.195971742312487 ], [ 109.981041126701342, 40.195702623279502 ], [ 109.980844587831641, 40.195436128350181 ], [ 109.980363063531428, 40.19472005116242 ], [ 109.979874980035589, 40.193861853552299 ], [ 109.979198582287822, 40.192855930160462 ], [ 109.978437560340652, 40.191883852182613 ], [ 109.977594980738303, 40.190949532320118 ], [ 109.976674237927952, 40.190056731138668 ], [ 109.975679040564884, 40.18920904195182 ], [ 109.974613396560684, 40.188409876378898 ], [ 109.974119563857485, 40.188083758666984 ], [ 109.973992112361046, 40.187989560264057 ], [ 109.973426125787327, 40.18761578642826 ], [ 109.973128799714914, 40.187407143487988 ], [ 109.97282627448358, 40.187202655926185 ], [ 109.97251865562113, 40.187002395041588 ], [ 109.972206050428781, 40.186806430658351 ], [ 109.971888567943807, 40.186614831102268 ], [ 109.97156631890148, 40.186427663176545 ], [ 109.97123941569636, 40.186244992138739 ], [ 109.970907972343269, 40.186066881677995 ], [ 109.970572104437565, 40.185893393893082 ], [ 109.969812024465924, 40.185452190806068 ], [ 109.968582468506341, 40.184827487027988 ], [ 109.968245241473227, 40.184627002202383 ], [ 109.967902730661322, 40.184431510498484 ], [ 109.967555070386339, 40.184241088551929 ], [ 109.967202396979673, 40.184055811010452 ], [ 109.966844848734681, 40.183875750504342 ], [ 109.966482565852729, 40.183700977618386 ], [ 109.966115690388236, 40.183531560863933 ], [ 109.965744366192837, 40.183367566652329 ], [ 109.965368738859354, 40.183209059268705 ], [ 109.964988955664509, 40.183056100847011 ], [ 109.964605165511358, 40.182908751345607 ], [ 109.96424726125008, 40.182511717111005 ], [ 109.964073188174623, 40.182220342381122 ], [ 109.963891606657995, 40.181931501299388 ], [ 109.963702583738552, 40.181645300361637 ], [ 109.963506189196011, 40.181361845088901 ], [ 109.963302495525497, 40.181081239988586 ], [ 109.963091577910788, 40.180803588516127 ], [ 109.962873514196474, 40.180528993036553 ], [ 109.962648384859094, 40.180257554787083 ], [ 109.962416272977492, 40.179989373839874 ], [ 109.962177264202083, 40.179724549064851 ], [ 109.961931446723128, 40.179463178093478 ], [ 109.961798043756033, 40.179292683138456 ], [ 109.960955819244262, 40.1783582695153 ], [ 109.9600354355007, 40.177465364364366 ], [ 109.959040599735559, 40.176617561418787 ], [ 109.958801664841104, 40.176429303760017 ], [ 109.958610903008605, 40.176281182030422 ], [ 109.957784559817114, 40.175670149933502 ], [ 109.957171069274438, 40.175264148029996 ], [ 109.956032282408444, 40.174511056635438 ], [ 109.954839261158241, 40.17381823151073 ], [ 109.953589441979346, 40.173182933473186 ], [ 109.952287855865961, 40.172607719020284 ], [ 109.950939741753487, 40.172094902806712 ], [ 109.949550525457752, 40.171646548348996 ], [ 109.948125797867604, 40.171264459738794 ], [ 109.946671292481241, 40.170950174399145 ], [ 109.94519286237302, 40.170704956911678 ], [ 109.945014105654948, 40.170684033322694 ], [ 109.944384810230247, 40.170579649880146 ], [ 109.942888409009541, 40.170404477890976 ], [ 109.941380052772914, 40.170300065120259 ], [ 109.939865810822781, 40.170266831679378 ], [ 109.938351776093, 40.170304911284859 ], [ 109.936844040685571, 40.170414150721356 ], [ 109.935348671409955, 40.170594110457003 ], [ 109.933871685423952, 40.170844066407518 ], [ 109.933608175704776, 40.170896432015567 ], [ 109.932408818492448, 40.171140222830573 ], [ 109.931219660583793, 40.171406793059212 ], [ 109.930863817391526, 40.171503514512672 ], [ 109.930508512487663, 40.171346410403643 ], [ 109.929160573101086, 40.17083337536593 ], [ 109.927771513180517, 40.170384795317013 ], [ 109.926346922987008, 40.17000247525651 ], [ 109.924892535466597, 40.169687953538769 ], [ 109.923414203220304, 40.169442495696657 ], [ 109.921917874997646, 40.169267089360424 ], [ 109.920862141090467, 40.169186325899972 ], [ 109.919256874796034, 40.169090211846417 ], [ 109.918804306623059, 40.169066320811673 ], [ 109.917290100257915, 40.169032831910776 ], [ 109.915776079261292, 40.169070656007911 ], [ 109.914268335680021, 40.1691796409159 ], [ 109.912772936356262, 40.169359348126839 ], [ 109.911295898568255, 40.169609054572653 ], [ 109.90984316586767, 40.169927755527581 ], [ 109.908420584210674, 40.170314168641909 ], [ 109.907033878477506, 40.170766739090183 ], [ 109.905688629474611, 40.171283645814007 ], [ 109.904390251510009, 40.171862808834085 ], [ 109.903143970633224, 40.172501897602949 ], [ 109.901954803624292, 40.173198340364017 ], [ 109.900827537818515, 40.173949334481563 ], [ 109.900376784783944, 40.174295861635009 ], [ 109.89905968042055, 40.174523105692359 ], [ 109.897606797883171, 40.174841675240209 ], [ 109.896184057153789, 40.175227960012634 ], [ 109.894797183752118, 40.175680405700852 ], [ 109.89345175915841, 40.176197191748848 ], [ 109.892153198386836, 40.176776238663145 ], [ 109.890906728221424, 40.17741521636394 ], [ 109.89061384542336, 40.177586692960858 ], [ 109.890308855079908, 40.17774303536364 ], [ 109.890091791969425, 40.177870119194495 ], [ 109.889771291415613, 40.178033973976206 ], [ 109.889455899647743, 40.178203198658863 ], [ 109.889145780084164, 40.178377705581291 ], [ 109.888841093415635, 40.178557404345533 ], [ 109.888541997521784, 40.178742201863287 ], [ 109.888248647389617, 40.17893200240416 ], [ 109.887961195032958, 40.179126707645537 ], [ 109.887679789413923, 40.179326216722828 ], [ 109.886951338818406, 40.179275495941212 ], [ 109.885996316446395, 40.179265484398954 ], [ 109.885898559039305, 40.179251966161281 ], [ 109.885286993497729, 40.17909582599615 ], [ 109.883832601884592, 40.178780855315189 ], [ 109.882354224103054, 40.178534941737936 ], [ 109.880857809086464, 40.178359074728263 ], [ 109.879349378192416, 40.178253961902463 ], [ 109.877835001023655, 40.178220026188491 ], [ 109.876320771058232, 40.178257404128452 ], [ 109.875797026123308, 40.178286986460201 ], [ 109.874383363453617, 40.178378437605346 ], [ 109.873919311297911, 40.178411844492246 ], [ 109.873456226323043, 40.178451966347787 ], [ 109.872994284984244, 40.17849878788477 ], [ 109.872533663301795, 40.178552291263166 ], [ 109.872074536794287, 40.178612456096978 ], [ 109.871617080411824, 40.178679259462143 ], [ 109.871161468469396, 40.17875267590486 ], [ 109.870707874580788, 40.178832677451695 ], [ 109.870256471592313, 40.178919233620036 ], [ 109.869467932970622, 40.179076540561304 ], [ 109.868154765787025, 40.179369501032411 ], [ 109.866938697110072, 40.179637374248095 ], [ 109.866788068781148, 40.179678230249571 ], [ 109.866504502161362, 40.178679754561273 ], [ 109.866279579101999, 40.177996014029361 ], [ 109.865873721564881, 40.176912762329522 ], [ 109.865376187311128, 40.175851005781972 ], [ 109.864788910824174, 40.174814798681005 ], [ 109.864114259931426, 40.173808312222135 ], [ 109.86335495386372, 40.172835597782239 ], [ 109.862514052263833, 40.17190057062853 ], [ 109.861594942830621, 40.171006994177382 ], [ 109.860601327651707, 40.170158464866404 ], [ 109.860528245485568, 40.170103518228046 ], [ 109.860473339855702, 40.17005013522212 ], [ 109.859479750501194, 40.169201598335675 ], [ 109.85841565712883, 40.168401522959279 ], [ 109.857285344524342, 40.167653128973384 ], [ 109.856093363558983, 40.166959428166933 ], [ 109.854844512872305, 40.166323212137655 ], [ 109.853543819566951, 40.165747041078788 ], [ 109.852196518991576, 40.165233233495677 ], [ 109.852017306039528, 40.165175233191668 ], [ 109.85192841167391, 40.165129942466223 ], [ 109.850627762241615, 40.16455374369491 ], [ 109.849280503825923, 40.164039907314667 ], [ 109.847892058804518, 40.163590500948111 ], [ 109.846701734806075, 40.163265054937419 ], [ 109.846177354268406, 40.163133313491429 ], [ 109.845943635259289, 40.163075590565519 ], [ 109.844489728203641, 40.162760196983974 ], [ 109.843011803326291, 40.162513852424524 ], [ 109.841515807740038, 40.162337548085574 ], [ 109.840007761116325, 40.162231993343482 ], [ 109.83947761315379, 40.162219956747386 ], [ 109.838810862993355, 40.162004085044458 ], [ 109.837386897054799, 40.161620820919588 ], [ 109.835933055342579, 40.161305334773921 ], [ 109.834455188265224, 40.161058896021324 ], [ 109.832959242703254, 40.160882496239338 ], [ 109.831451238127087, 40.160776845188209 ], [ 109.829937242425956, 40.160742367961809 ], [ 109.828423347543904, 40.160779203281031 ], [ 109.827868520183358, 40.160810619858559 ], [ 109.826407744583705, 40.160905551033537 ], [ 109.825336490903396, 40.160616631447439 ], [ 109.824434607255156, 40.160324510788051 ], [ 109.823206538028543, 40.159989353491817 ], [ 109.822865631916315, 40.159904109214892 ], [ 109.822669842914621, 40.159855849472798 ], [ 109.821216099063889, 40.159540203913075 ], [ 109.819738316634513, 40.159293602990417 ], [ 109.818242442166991, 40.159117038934966 ], [ 109.816734494845903, 40.159011222167933 ], [ 109.815220542330508, 40.158976578449987 ], [ 109.813706676391234, 40.159013247172012 ], [ 109.812198988450987, 40.159121080795408 ], [ 109.810703545127382, 40.159299645444499 ], [ 109.810083295749209, 40.159395122217894 ], [ 109.809011548305534, 40.159571131083318 ], [ 109.808154612156414, 40.159724224673383 ], [ 109.806701629009666, 40.160041802661055 ], [ 109.80527869807446, 40.160427115394945 ], [ 109.803891545632538, 40.160878612477347 ], [ 109.803218363289403, 40.161126619962914 ], [ 109.801618314359899, 40.161739560887789 ], [ 109.80132917275165, 40.161846190346665 ], [ 109.800933917063972, 40.161995258089021 ], [ 109.800542535706725, 40.162149854191441 ], [ 109.800155169065718, 40.162309923213513 ], [ 109.799771956089643, 40.162475407751678 ], [ 109.799393034240268, 40.162646248460092 ], [ 109.799018539443225, 40.162822384071461 ], [ 109.798648606039379, 40.163003751419247 ], [ 109.79828336673647, 40.163190285460047 ], [ 109.797922952561848, 40.163381919297159 ], [ 109.797465478875594, 40.163302090918236 ], [ 109.797005916196369, 40.163229170608098 ], [ 109.79654445389022, 40.163163188411922 ], [ 109.796081282104382, 40.163104171515869 ], [ 109.795616591688926, 40.163052144236183 ], [ 109.79515057411848, 40.163007128009347 ], [ 109.794683421413268, 40.162969141382824 ], [ 109.794215326060325, 40.162938200008021 ], [ 109.793746480934317, 40.162914316633341 ], [ 109.793277079218086, 40.162897501099096 ], [ 109.792807314323383, 40.162887760333696 ], [ 109.792337379811357, 40.162885098350507 ], [ 109.791401419525954, 40.162728708946773 ], [ 109.789905543287432, 40.162551827481174 ], [ 109.788397566428955, 40.162445690967957 ], [ 109.786883556728725, 40.16241072645429 ], [ 109.78536960618716, 40.162447074621774 ], [ 109.783861806567316, 40.162554589221536 ], [ 109.782366224935544, 40.16273283766165 ], [ 109.78183851540561, 40.162813138976091 ], [ 109.780992110414303, 40.162949334119801 ], [ 109.780222962500446, 40.16306024508615 ], [ 109.779435987082678, 40.163192781497983 ], [ 109.778510846083478, 40.162401328721025 ], [ 109.777447730541851, 40.161600614700738 ], [ 109.776318345097479, 40.160851541655006 ], [ 109.775127236895528, 40.16015712410718 ], [ 109.774612139996862, 40.159894233699134 ], [ 109.774486331215385, 40.159820884639892 ], [ 109.77377622575716, 40.159447875079373 ], [ 109.773657256109203, 40.15938776579442 ], [ 109.773508739068589, 40.159289251853615 ], [ 109.772317682603457, 40.158594810294375 ], [ 109.771069697529086, 40.157957817438081 ], [ 109.7697698074697, 40.15738083660537 ], [ 109.768423244546995, 40.156866189561399 ], [ 109.767035428344357, 40.156415947191896 ], [ 109.765611944126277, 40.156031921186759 ], [ 109.764158520395924, 40.155715656766084 ], [ 109.762681005882499, 40.155468426475558 ], [ 109.761185346050382, 40.155291225077818 ], [ 109.759677559221998, 40.155184765558793 ], [ 109.758163712411658, 40.155149476265201 ], [ 109.756649896964944, 40.155185499185478 ], [ 109.755142204101631, 40.155292689379536 ], [ 109.754512563628055, 40.155358802555433 ], [ 109.753564890495127, 40.155467879349651 ], [ 109.753142639467541, 40.155519358779202 ], [ 109.752721699155856, 40.155576446570919 ], [ 109.752302204759772, 40.155639124390369 ], [ 109.751884291015699, 40.15570737210782 ], [ 109.751468092153445, 40.155781167804484 ], [ 109.751053741853099, 40.155860487779847 ], [ 109.750641373202356, 40.155945306559076 ], [ 109.750231118653772, 40.156035596901084 ], [ 109.749722571025046, 40.156151208533878 ], [ 109.749260021946682, 40.156260190387471 ], [ 109.748349235720866, 40.156506391365852 ], [ 109.74789320735519, 40.156447841746925 ], [ 109.747435701553727, 40.156396029687379 ], [ 109.746976898987398, 40.15635097564661 ], [ 109.746516980838052, 40.15631269741553 ], [ 109.746056128727375, 40.156281210109306 ], [ 109.745594524644872, 40.156256526161577 ], [ 109.74513235087646, 40.156238655319491 ], [ 109.744669789932601, 40.15622760463971 ], [ 109.744207024476196, 40.156223378486004 ], [ 109.74374423725088, 40.156225978527054 ], [ 109.743281611008797, 40.156235403736261 ], [ 109.742819328438642, 40.156251650391788 ], [ 109.74207270069499, 40.156282573100057 ], [ 109.741884788886267, 40.156290906867682 ], [ 109.740377051942019, 40.156397930757429 ], [ 109.738881490229105, 40.15657569205063 ], [ 109.737404121676292, 40.156823475508553 ], [ 109.735950891161565, 40.157140284142848 ], [ 109.734527646638696, 40.157524843217892 ], [ 109.733140115648439, 40.157975605368627 ], [ 109.731793882309788, 40.158490756813222 ], [ 109.730494364882858, 40.159068224636179 ], [ 109.729246793992417, 40.159705685112208 ], [ 109.72805619159918, 40.160400573038416 ], [ 109.726927350803436, 40.161150092037722 ], [ 109.726513775784198, 40.161461923963437 ], [ 109.726344555185051, 40.161507632157864 ], [ 109.724956899127505, 40.161958311090821 ], [ 109.723610535802123, 40.162473382080307 ], [ 109.722310883991526, 40.163050772534767 ], [ 109.721545043681303, 40.16343168448379 ], [ 109.721196298127978, 40.163612479072228 ], [ 109.720714426910732, 40.163868952415783 ], [ 109.719523676764865, 40.164563767080445 ], [ 109.718394685377575, 40.165313216967732 ], [ 109.717331998310939, 40.166114286037178 ], [ 109.716339894699047, 40.166963750406872 ], [ 109.715422370016725, 40.1678581913066 ], [ 109.714583119980958, 40.168794008816697 ], [ 109.713825525650662, 40.169767436336201 ], [ 109.713152639785349, 40.170774555724165 ], [ 109.712567174517417, 40.171811313052281 ], [ 109.712350276235028, 40.172276117145742 ], [ 109.711921690997016, 40.172198426584515 ], [ 109.711491086678052, 40.172127148955965 ], [ 109.711058637513176, 40.172062313098891 ], [ 109.710624518482305, 40.172003945245656 ], [ 109.710188905239747, 40.171952069011724 ], [ 109.709751974043243, 40.171906705385837 ], [ 109.709313901682677, 40.171867872721862 ], [ 109.708874865408717, 40.171835586731255 ], [ 109.707941216374635, 40.17177092644777 ], [ 109.707240927449675, 40.171730124598056 ], [ 109.705726765969757, 40.171694241351354 ], [ 109.704212585111264, 40.171729671409572 ], [ 109.702704477563017, 40.171836272217902 ], [ 109.701208511629076, 40.172013614861278 ], [ 109.699730706862809, 40.17226098578584 ], [ 109.698277009896131, 40.17257738966358 ], [ 109.696853270557298, 40.17296155338817 ], [ 109.695465218375901, 40.173411931186024 ], [ 109.694118439566253, 40.173926710822926 ], [ 109.692818354580837, 40.174503820880481 ], [ 109.691847791035897, 40.174999243713025 ], [ 109.690881038217114, 40.175160994088316 ], [ 109.68942724601591, 40.175477302668661 ], [ 109.68800340448233, 40.175861373259075 ], [ 109.686615243556545, 40.176311660461067 ], [ 109.686244636939378, 40.176445338427861 ], [ 109.685739608512904, 40.176631514903569 ], [ 109.684763316383751, 40.177012525261937 ], [ 109.683463103648236, 40.177589546075126 ], [ 109.682214812196506, 40.178226578826909 ], [ 109.681023466886117, 40.178921060037375 ], [ 109.679893863804196, 40.179670194967763 ], [ 109.678830550972336, 40.180470968846691 ], [ 109.677837810041169, 40.181320158981784 ], [ 109.676919639048648, 40.182214347708246 ], [ 109.676079736311095, 40.183149936122994 ], [ 109.675321485513464, 40.184123158549063 ], [ 109.67464794205641, 40.185130097672776 ], [ 109.674455625406807, 40.185470228489031 ], [ 109.673881466305502, 40.1855386565285 ], [ 109.672966181754759, 40.185670342781961 ], [ 109.671527886449866, 40.185911693581481 ], [ 109.670073798963983, 40.186227795050513 ], [ 109.668649648712488, 40.186611663537349 ], [ 109.667261166876685, 40.187061754457297 ], [ 109.666977002250476, 40.187170277972719 ], [ 109.666198964562653, 40.187422476099307 ], [ 109.664851725065589, 40.187936967853254 ], [ 109.6635511635032, 40.188513801051243 ], [ 109.6623025146977, 40.189150654523928 ], [ 109.661110804943505, 40.189844965513736 ], [ 109.659980831793177, 40.190593939967833 ], [ 109.65891714475643, 40.191394563761605 ], [ 109.657924026989292, 40.192243614807822 ], [ 109.657005478045079, 40.193137676002515 ], [ 109.656442691457599, 40.193749765141668 ], [ 109.65620155639742, 40.194024177626503 ], [ 109.655972265922614, 40.194290218336761 ], [ 109.655749659882744, 40.194559365261853 ], [ 109.655533814788612, 40.194831525986153 ], [ 109.655324804831821, 40.195106607058044 ], [ 109.655122701859497, 40.195384514022209 ], [ 109.653769014538838, 40.195313302611162 ], [ 109.653611424199525, 40.195305400027408 ], [ 109.652933663429636, 40.195280247244476 ], [ 109.650476385786831, 40.195214971687946 ], [ 109.650048285433883, 40.195206445112539 ], [ 109.649620047844593, 40.195203612969664 ], [ 109.649191810630555, 40.195206476169382 ], [ 109.648763711403163, 40.195215033791584 ], [ 109.648335887729587, 40.195229283086626 ], [ 109.647908477088677, 40.195249219475556 ], [ 109.647481616826767, 40.195274836552422 ], [ 109.647055444113832, 40.195306126085697 ], [ 109.646630095899241, 40.195343078021132 ], [ 109.645179671748551, 40.19547886235943 ], [ 109.643726686509225, 40.19554068829158 ], [ 109.643284028485766, 40.195562582365092 ], [ 109.642841994798957, 40.195590570746361 ], [ 109.642400737883534, 40.195624643784321 ], [ 109.641960409906901, 40.195664789729477 ], [ 109.640702954594261, 40.195788232384743 ], [ 109.640252532146661, 40.195835689171211 ], [ 109.639803409484927, 40.195889500436714 ], [ 109.63935574948259, 40.195949646668026 ], [ 109.638909714483816, 40.196016106054685 ], [ 109.638465466244753, 40.196088854496828 ], [ 109.638023165874941, 40.196167865613965 ], [ 109.637582973779061, 40.196253110754384 ], [ 109.637145049598814, 40.196344559005809 ], [ 109.636709552155139, 40.196442177206265 ], [ 109.636276639390829, 40.196545929956336 ], [ 109.635818327175372, 40.196659355527011 ], [ 109.634520699476951, 40.197011750908345 ], [ 109.633131813049957, 40.19746149207807 ], [ 109.631784158953593, 40.197975655745118 ], [ 109.630483161158807, 40.198552172971389 ], [ 109.630292371299859, 40.198649401997905 ], [ 109.629906433997633, 40.198820419131522 ], [ 109.628657319544871, 40.199456964798003 ], [ 109.627465125854073, 40.200150982847532 ], [ 109.626334652423679, 40.200899680407112 ], [ 109.62559224910035, 40.201450209587961 ], [ 109.624163362813633, 40.20106080695907 ], [ 109.622709659336707, 40.200742992714396 ], [ 109.621231717797357, 40.200494189942297 ], [ 109.61973548537965, 40.200315399731515 ], [ 109.619052641456122, 40.200266487852517 ], [ 109.617724178878305, 40.199757139914958 ], [ 109.617032090992964, 40.199531804709814 ], [ 109.616849155065182, 40.199327366290767 ], [ 109.615932687117791, 40.198432082114806 ], [ 109.614941535594753, 40.197581709301254 ], [ 109.613879692148274, 40.196779670276861 ], [ 109.613279479823404, 40.196380433792839 ], [ 109.61330673324666, 40.196048069881883 ], [ 109.613324676871869, 40.195715357956914 ], [ 109.613333303087572, 40.195382441489116 ], [ 109.613332608300539, 40.195049464035769 ], [ 109.613322592936655, 40.194716569178283 ], [ 109.613303261440961, 40.194383900460593 ], [ 109.613274622275213, 40.194051601326848 ], [ 109.613236687914153, 40.193719815059822 ], [ 109.613189474839814, 40.193388684719075 ], [ 109.613031476538467, 40.192319060135958 ], [ 109.612897189290379, 40.191407816525121 ], [ 109.61268187594672, 40.190285732921716 ], [ 109.612657734257226, 40.19018519032776 ], [ 109.612206962910861, 40.188338664758128 ], [ 109.611922465096612, 40.187338660570219 ], [ 109.611520369965291, 40.186254851580408 ], [ 109.611026440856108, 40.185192143514783 ], [ 109.610442670106679, 40.184154814449514 ], [ 109.60977141144491, 40.183147040103741 ], [ 109.609015370460881, 40.182172877045069 ], [ 109.608177593670092, 40.181236246377772 ], [ 109.607261456210068, 40.180340917977951 ], [ 109.606270648223457, 40.179490495339273 ], [ 109.605209159979196, 40.178688401090412 ], [ 109.604081265795912, 40.177937863240452 ], [ 109.602891506828428, 40.177241902209225 ], [ 109.601644672790812, 40.176603318693097 ], [ 109.600472621224085, 40.176077576360143 ], [ 109.5990969528156, 40.175499787880206 ], [ 109.59897011625992, 40.17544689265862 ], [ 109.597624418393011, 40.174930518486534 ], [ 109.59623730788141, 40.174478497299951 ], [ 109.594814367157696, 40.174092647946473 ], [ 109.593361322544609, 40.173774522982761 ], [ 109.591884021251175, 40.173525402440674 ], [ 109.590388407887701, 40.173346288688265 ], [ 109.588880500592339, 40.17323790240571 ], [ 109.587366366864984, 40.173200679692201 ], [ 109.585852099205653, 40.173234770315176 ], [ 109.584343790651587, 40.173340037109284 ], [ 109.582847510314153, 40.17351605652695 ], [ 109.581369279009493, 40.17376212033858 ], [ 109.579893077745623, 40.174083143902124 ], [ 109.57947617520108, 40.174002537339582 ], [ 109.577998916307621, 40.173753263443274 ], [ 109.576503332095086, 40.173573994450493 ], [ 109.574995440584487, 40.173465451666019 ], [ 109.574506806575869, 40.173445585666194 ], [ 109.572660870868049, 40.173384593236413 ], [ 109.571635374793075, 40.173367065242296 ], [ 109.570121096454443, 40.173400977839222 ], [ 109.568612762038711, 40.173506067317916 ], [ 109.567116440761026, 40.173681910844266 ], [ 109.565638153601967, 40.173927800896337 ], [ 109.564183849130274, 40.17424274810493 ], [ 109.562759379614093, 40.174625485225185 ], [ 109.561370477515467, 40.175074472224566 ], [ 109.560022732461874, 40.175587902465942 ], [ 109.558721568787149, 40.176163709961806 ], [ 109.557472223730343, 40.176799577670536 ], [ 109.556279726381234, 40.177492946801856 ], [ 109.556105784566796, 40.177603650643249 ], [ 109.555967183641698, 40.177587015447493 ], [ 109.554459240277836, 40.177478240826794 ], [ 109.552945036878299, 40.177440628448792 ], [ 109.551430666222799, 40.177474329648824 ], [ 109.549922221763111, 40.177579208828419 ], [ 109.548825144546527, 40.177702889794894 ], [ 109.548510238881306, 40.177724779746455 ], [ 109.547013783951016, 40.177900399150566 ], [ 109.545535345059278, 40.178146068062411 ], [ 109.544080871384509, 40.178460798002618 ], [ 109.542656215875056, 40.178843322600862 ], [ 109.541267111740041, 40.179292102679916 ], [ 109.539919149419063, 40.179805332435521 ], [ 109.538617754118874, 40.180380946687357 ], [ 109.537368164009578, 40.181016629171815 ], [ 109.536175409165864, 40.181709821844336 ], [ 109.535702705090074, 40.18201081557735 ], [ 109.535330771788452, 40.18225396296711 ], [ 109.535008797965176, 40.182467358813469 ], [ 109.53469236024948, 40.182685265954895 ], [ 109.53438157348765, 40.182907605342244 ], [ 109.534076550478986, 40.183134296317675 ], [ 109.533777401934842, 40.183365256643945 ], [ 109.533484236438397, 40.183600402534225 ], [ 109.533197160405493, 40.183839648682202 ], [ 109.532916278045576, 40.184082908293476 ], [ 109.532641691324201, 40.184330093116507 ], [ 109.53237349992591, 40.184581113474749 ], [ 109.532092333271109, 40.184836882842383 ], [ 109.531818203683713, 40.185096823327392 ], [ 109.53155122361683, 40.185360828371572 ], [ 109.531291502596076, 40.185628789749323 ], [ 109.531039147174837, 40.185900597611848 ], [ 109.53079426089036, 40.18617614053219 ], [ 109.530556944221189, 40.186455305550886 ], [ 109.530327294546026, 40.186737978222361 ], [ 109.529557396151873, 40.18772113073107 ], [ 109.528881827671654, 40.18872733849377 ], [ 109.528293626728868, 40.189763305045531 ], [ 109.527795164870753, 40.190824860161683 ], [ 109.527573148659272, 40.191382792654011 ], [ 109.527469383395285, 40.191660253553195 ], [ 109.527198825852651, 40.192136739138334 ], [ 109.527042994019254, 40.192452569034529 ], [ 109.526900538773006, 40.192664721603578 ], [ 109.526312278512975, 40.193700683263444 ], [ 109.525813761445235, 40.194762234911884 ], [ 109.525406998365511, 40.195845103138055 ], [ 109.525093630926705, 40.196944928515407 ], [ 109.524874924967818, 40.198057283141054 ], [ 109.52475176535286, 40.199177688453595 ], [ 109.524724652339657, 40.200301633259244 ], [ 109.524746763791498, 40.200856984552232 ], [ 109.524792232035281, 40.201602507072124 ], [ 109.524873952656563, 40.202949743583353 ], [ 109.524921155321252, 40.2035217028522 ], [ 109.52508609562733, 40.20463915544051 ], [ 109.525346265309437, 40.205746599874274 ], [ 109.525700620893872, 40.206839576276479 ], [ 109.526147739432176, 40.207913682824646 ], [ 109.526685824167927, 40.208964593488361 ], [ 109.527312711712895, 40.209988075464125 ], [ 109.528025880705627, 40.21098000623855 ], [ 109.528822461917372, 40.211936390208592 ], [ 109.529699249765642, 40.212853374794491 ], [ 109.530587431320896, 40.213667431418621 ], [ 109.530508686837422, 40.213981197263742 ], [ 109.530438429732357, 40.214296069660072 ], [ 109.530376688287262, 40.214611922347217 ], [ 109.530323487370097, 40.214928628669846 ], [ 109.530278848424786, 40.215246061628719 ], [ 109.530242789462918, 40.215564093931341 ], [ 109.530215325055721, 40.215882598043017 ], [ 109.530196466328547, 40.216201446238252 ], [ 109.530186220956054, 40.21652051065184 ], [ 109.529688961024689, 40.21694439223635 ], [ 109.528752310370535, 40.217854903144634 ], [ 109.528124040293505, 40.218393905888668 ], [ 109.527203589572196, 40.219287097431099 ], [ 109.526361362194493, 40.220221777632325 ], [ 109.525600751195, 40.221194184476587 ], [ 109.524924821468971, 40.222200403939112 ], [ 109.524336297395593, 40.223236385721854 ], [ 109.523837551825778, 40.224297959540429 ], [ 109.523430596477979, 40.225380851895963 ], [ 109.523117073782203, 40.226480703265793 ], [ 109.523033682563081, 40.226904623624947 ], [ 109.522574770359682, 40.226957871640224 ], [ 109.52211741338202, 40.227018029858527 ], [ 109.521661800822741, 40.227085073396275 ], [ 109.521208121154302, 40.227158974521544 ], [ 109.520756562051318, 40.22723970266609 ], [ 109.520307310313001, 40.227327224437389 ], [ 109.519860551785882, 40.22742150363284 ], [ 109.519416471287329, 40.227522501254327 ], [ 109.518975252529032, 40.227630175524794 ], [ 109.518537078041263, 40.227744481904985 ], [ 109.518102129097457, 40.227865373112166 ], [ 109.517499379987427, 40.228036740052964 ], [ 109.516670594768684, 40.228248149991884 ], [ 109.516282240361932, 40.228349608691147 ], [ 109.515896496341824, 40.228456403177802 ], [ 109.515513496022166, 40.228568496548164 ], [ 109.515133371770489, 40.228685850067606 ], [ 109.514756254962151, 40.228808423183409 ], [ 109.514382275935191, 40.228936173538997 ], [ 109.514011563945374, 40.22906905698845 ], [ 109.51364424712132, 40.229207027611878 ], [ 109.51299823054093, 40.229314138301255 ], [ 109.51154260681183, 40.229628529674557 ], [ 109.510116792001313, 40.230010726205798 ], [ 109.5087265239803, 40.23045919004003 ], [ 109.507377397868368, 40.230972116648225 ], [ 109.506074843552739, 40.231547442072646 ], [ 109.504824103864948, 40.232182851215114 ], [ 109.503630213503797, 40.23287578713461 ], [ 109.50323777923299, 40.233121875410639 ], [ 109.502895389383781, 40.233060536866752 ], [ 109.502551119201257, 40.233005287101179 ], [ 109.502205165598113, 40.23295615771346 ], [ 109.501857726448534, 40.232913176802796 ], [ 109.50150900047538, 40.232876368951686 ], [ 109.501159187136494, 40.232845755211933 ], [ 109.500808486510849, 40.232821353092667 ], [ 109.500457099184089, 40.232803176550419 ], [ 109.500097847923811, 40.232761752813865 ], [ 109.499737330397423, 40.232726898567222 ], [ 109.49937576507287, 40.232698634930671 ], [ 109.499013371052314, 40.232676979030977 ], [ 109.498650367939419, 40.232661943990678 ], [ 109.498286975706364, 40.232653538920452 ], [ 109.497691170418605, 40.232633665509915 ], [ 109.497232084318341, 40.232621628064237 ], [ 109.496772771031871, 40.232616135123934 ], [ 109.496313400213509, 40.232617188717654 ], [ 109.495854141538416, 40.232624788456427 ], [ 109.495395164640854, 40.232638931533188 ], [ 109.494936639050877, 40.232659612724355 ], [ 109.4944787341324, 40.232686824391301 ], [ 109.493270181955793, 40.232767312951083 ], [ 109.49243841579684, 40.232833603246149 ], [ 109.490940706966768, 40.233008604611001 ], [ 109.489460974302119, 40.233253666641843 ], [ 109.488005172183108, 40.233567803302698 ], [ 109.486579158898635, 40.233949750612609 ], [ 109.48518867311742, 40.234397971719531 ], [ 109.484834980858693, 40.234532359376722 ], [ 109.484116360143304, 40.234570197145892 ], [ 109.482841769624898, 40.234662809906261 ], [ 109.481344000768232, 40.234837704235495 ], [ 109.479864199391344, 40.235082660640181 ], [ 109.478408320150464, 40.235396693509351 ], [ 109.47698222164442, 40.235778539279629 ], [ 109.475591642884197, 40.236226661507807 ], [ 109.474242180238008, 40.236739257039808 ], [ 109.472939264945552, 40.237314263250703 ], [ 109.471688141288709, 40.237949366327506 ], [ 109.47075336854985, 40.238491499455812 ], [ 109.469787279602215, 40.238327790521573 ], [ 109.468290647734662, 40.238147301128905 ], [ 109.466781593822006, 40.238037532231111 ], [ 109.465266189975864, 40.237998925489698 ], [ 109.463750533803392, 40.238031636240621 ], [ 109.462240723924666, 40.238135532870594 ], [ 109.460742835486698, 40.238310197345854 ], [ 109.459262895769982, 40.238554926889897 ], [ 109.457806859986889, 40.238868736804811 ], [ 109.456485318464431, 40.2392197356723 ], [ 109.455571512634023, 40.239485133248046 ], [ 109.455466780776902, 40.239515761293305 ], [ 109.454076000451494, 40.239963661675297 ], [ 109.452726319481613, 40.240476042194651 ], [ 109.451423169983713, 40.241050841092004 ], [ 109.450171797181355, 40.24168574538897 ], [ 109.449604383140979, 40.242014663486522 ], [ 109.448665317943792, 40.241464036129621 ], [ 109.447418735624368, 40.240823977584235 ], [ 109.446119926282051, 40.240243809826168 ], [ 109.444774117707439, 40.239725867442964 ], [ 109.443386726464169, 40.239272234578522 ], [ 109.441963336119997, 40.238884736563378 ], [ 109.44050967481094, 40.238564932585909 ], [ 109.439031592230108, 40.238314109432039 ], [ 109.437535036132758, 40.238133276318784 ], [ 109.436026028449945, 40.238023160843241 ], [ 109.434510641107508, 40.237984206061356 ], [ 109.432994971646437, 40.23801656870932 ], [ 109.431867498259876, 40.238093895571836 ], [ 109.431340792541761, 40.23808034157782 ], [ 109.429825119708511, 40.238112668351086 ], [ 109.428315260372713, 40.238216182485893 ], [ 109.426817289879963, 40.238390467487349 ], [ 109.425337235840203, 40.23863482210578 ], [ 109.423881053924831, 40.238948263152061 ], [ 109.422454603948381, 40.239329529444092 ], [ 109.4217576402242, 40.239553785185556 ], [ 109.421351931266926, 40.239519535537681 ], [ 109.420945395640601, 40.2394911823285 ], [ 109.420538189214184, 40.2394687364283 ], [ 109.4201304681133, 40.239452206442586 ], [ 109.419722388660475, 40.239441598708723 ], [ 109.419314107315486, 40.239436917293602 ], [ 109.418905780615319, 40.23943816399207 ], [ 109.418497565114279, 40.239445338326085 ], [ 109.418162715987364, 40.239451960217508 ], [ 109.417358181832341, 40.239477930624517 ], [ 109.415848276970863, 40.239581304327956 ], [ 109.414350249188232, 40.239755450095956 ], [ 109.412870126324933, 40.239999667239118 ], [ 109.411413864328438, 40.24031297312154 ], [ 109.409987323335372, 40.240694107105085 ], [ 109.408596244134259, 40.241141535611213 ], [ 109.407246225103549, 40.24165345827776 ], [ 109.405942699717912, 40.242227815188095 ], [ 109.404690914710741, 40.242862295142913 ], [ 109.403495908981142, 40.243554344941948 ], [ 109.402362493329719, 40.24430117963864 ], [ 109.401295231104797, 40.245099793726922 ], [ 109.401137567066428, 40.245226741373621 ], [ 109.40084208896829, 40.245466989905601 ], [ 109.400002936106304, 40.246187220061294 ], [ 109.399080583602867, 40.247079553556979 ], [ 109.398236411653244, 40.248013451638428 ], [ 109.397473821112939, 40.24898515544298 ], [ 109.396879113077588, 40.249867301049278 ], [ 109.39591421068782, 40.249933206386814 ], [ 109.394415925050964, 40.250107130877055 ], [ 109.392935527874272, 40.250351130096455 ], [ 109.391478976207992, 40.250664222286169 ], [ 109.390052131353073, 40.251045147668385 ], [ 109.388660735319377, 40.251492373504334 ], [ 109.387310387759172, 40.25200410024808 ], [ 109.386006523467941, 40.252578268771948 ], [ 109.384754390541332, 40.253212568635483 ], [ 109.383559029277336, 40.253904447363944 ], [ 109.382425251906383, 40.254651120700082 ], [ 109.381357623231224, 40.255449583788312 ], [ 109.380360442254471, 40.256296623245952 ], [ 109.379437724867728, 40.257188830074661 ], [ 109.378593187671186, 40.25812261335917 ], [ 109.37783023298995, 40.259094214699651 ], [ 109.377678636825891, 40.259318943428696 ], [ 109.377450297354599, 40.25951288107612 ], [ 109.37652750435258, 40.260405070608741 ], [ 109.375682893311932, 40.261338838424734 ], [ 109.374919866855024, 40.262310426186822 ], [ 109.374241499594007, 40.26331592317333 ], [ 109.373650525715618, 40.264351282000732 ], [ 109.373569860583331, 40.264522054971316 ], [ 109.373181586054656, 40.26477767809898 ], [ 109.372113710139587, 40.265576075261698 ], [ 109.371116285510965, 40.266423054129007 ], [ 109.370193329040873, 40.267315205947128 ], [ 109.369348558291492, 40.26824894002312 ], [ 109.368585376528344, 40.269220498156137 ], [ 109.367906858988775, 40.27022596974416 ], [ 109.367315740464804, 40.271261307506521 ], [ 109.366814404248117, 40.272322343758177 ], [ 109.36640487248448, 40.273404807171111 ], [ 109.366088797976019, 40.27450433995633 ], [ 109.365867457465015, 40.275616515396173 ], [ 109.36585834238798, 40.275697750327346 ], [ 109.365568734365112, 40.275713366931292 ], [ 109.36436334210471, 40.275801154388404 ], [ 109.363724439384868, 40.275866318655098 ], [ 109.361106861526864, 40.276159973063791 ], [ 109.360677385324166, 40.276210368476661 ], [ 109.36024929350485, 40.276266864217888 ], [ 109.359822743817531, 40.276329439470636 ], [ 109.359397893443855, 40.276398071177908 ], [ 109.358974898940403, 40.276472734051083 ], [ 109.358553916181421, 40.276553400579068 ], [ 109.358135100301169, 40.276640041038576 ], [ 109.35771860563716, 40.27673262350492 ], [ 109.35730458567312, 40.27683111386385 ], [ 109.356893192982767, 40.276935475824082 ], [ 109.356140481985406, 40.276986644425264 ], [ 109.354641551473009, 40.277160128463322 ], [ 109.353160478116436, 40.277403694353325 ], [ 109.351703221684389, 40.277716362080845 ], [ 109.350275646310877, 40.278096873576978 ], [ 109.348883496942634, 40.278543697769607 ], [ 109.347532376260546, 40.27905503673032 ], [ 109.346227722168365, 40.279628832893621 ], [ 109.344974785937481, 40.28026277731928 ], [ 109.343778611095985, 40.280954318965001 ], [ 109.342644013146057, 40.281700674932218 ], [ 109.341575560190662, 40.282498841644809 ], [ 109.34057755454819, 40.28334560691534 ], [ 109.339654015427669, 40.28423756285143 ], [ 109.338808662735573, 40.28517111955022 ], [ 109.338044902078792, 40.28614251952655 ], [ 109.337365811024284, 40.287147852816837 ], [ 109.337093878166385, 40.287623634467636 ], [ 109.336858278047757, 40.287923267793296 ], [ 109.336179154335568, 40.288928596804894 ], [ 109.335587438959067, 40.289963813234273 ], [ 109.335085517612995, 40.29102474988666 ], [ 109.334822460629653, 40.291719040881681 ], [ 109.334461822531154, 40.292349940979548 ], [ 109.334341415397134, 40.292604437608809 ], [ 109.334072421539858, 40.292644574535537 ], [ 109.331230061550897, 40.29309563617646 ], [ 109.330324513045611, 40.293253032128547 ], [ 109.32917676705506, 40.293499031848874 ], [ 109.328867347914326, 40.293534773767703 ], [ 109.327385859538751, 40.293778058583001 ], [ 109.325928169176493, 40.294090450908122 ], [ 109.324500142705858, 40.294470693783005 ], [ 109.323107526887298, 40.294917257217136 ], [ 109.321755926276666, 40.295428344332251 ], [ 109.320450780707233, 40.296001898577337 ], [ 109.319197343426538, 40.296635611986751 ], [ 109.318000659977415, 40.297326934449053 ], [ 109.316865547907113, 40.298073083949127 ], [ 109.315796577386536, 40.298871057743192 ], [ 109.315621983535195, 40.29901634213121 ], [ 109.314785881393632, 40.299709429712834 ], [ 109.314159614485945, 40.300200553787022 ], [ 109.313339010491177, 40.300904018943747 ], [ 109.312414920569068, 40.301795802304717 ], [ 109.311569020319695, 40.302729203034652 ], [ 109.310804717553211, 40.303700464277732 ], [ 109.310125092018552, 40.304705676630647 ], [ 109.309825245934348, 40.305229778922147 ], [ 109.30952723435361, 40.305072436137813 ], [ 109.309224892859149, 40.304919694083743 ], [ 109.308918350875174, 40.304771618129337 ], [ 109.30860773962128, 40.304628271646394 ], [ 109.308293192056311, 40.304489715982406 ], [ 109.307974842821395, 40.30435601043407 ], [ 109.307652828182441, 40.304227212222123 ], [ 109.307430016853345, 40.304058399859699 ], [ 109.307202234419364, 40.30389326861436 ], [ 109.306969591702767, 40.303731898800947 ], [ 109.306732201887314, 40.303574368904464 ], [ 109.306490180463712, 40.303420755541566 ], [ 109.306243645172827, 40.303271133423763 ], [ 109.305992715949003, 40.303125575320777 ], [ 109.305512628328998, 40.302711619808157 ], [ 109.304452646877536, 40.301907048966306 ], [ 109.303325937683042, 40.301153891082755 ], [ 109.302137037153798, 40.300455177118096 ], [ 109.300890731569737, 40.299813718843247 ], [ 109.299592037825548, 40.299232097544859 ], [ 109.298246183254136, 40.298712653657695 ], [ 109.296858584611329, 40.298257477365347 ], [ 109.295434826304671, 40.297868400206973 ], [ 109.293980637954789, 40.297546987723152 ], [ 109.292501871378434, 40.297294533170131 ], [ 109.291004477084286, 40.297112052327833 ], [ 109.289494480375822, 40.297000279421937 ], [ 109.287977957157267, 40.296959664176406 ], [ 109.286839952226089, 40.296976009052145 ], [ 109.284157304643415, 40.297061849510399 ], [ 109.283778360988421, 40.297076202882046 ], [ 109.282267087299459, 40.297178076001011 ], [ 109.280767571463045, 40.297350736879544 ], [ 109.279285847301125, 40.297593490803919 ], [ 109.277827877198021, 40.297905361027425 ], [ 109.276399528156063, 40.298285092690925 ], [ 109.275006548230976, 40.298731157861269 ], [ 109.273654543441907, 40.299241761665677 ], [ 109.272348955245619, 40.299814849498304 ], [ 109.271095038667966, 40.30044811527106 ], [ 109.269897841177595, 40.301139010674554 ], [ 109.269388898383838, 40.301473217403931 ], [ 109.268102148880587, 40.301959092321908 ], [ 109.266796469182438, 40.302532127578232 ], [ 109.265542458468119, 40.303165343074475 ], [ 109.264345164584768, 40.303856190703947 ], [ 109.263209407532827, 40.304601890363422 ], [ 109.26213976007547, 40.305399441120628 ], [ 109.261140529333844, 40.306245633269967 ], [ 109.260215739443268, 40.307137061228609 ], [ 109.259369115340704, 40.308070137221947 ], [ 109.258604067746887, 40.309041105702796 ], [ 109.257923679406304, 40.310046058447774 ], [ 109.257330692638732, 40.31108095026984 ], [ 109.256827498255149, 40.312141615284055 ], [ 109.256416125881231, 40.313223783662053 ], [ 109.256098235729468, 40.314323098807378 ], [ 109.255875111853328, 40.315435134883423 ], [ 109.255753805602794, 40.316472220277646 ], [ 109.25574821290796, 40.316544765811656 ], [ 109.255297969028035, 40.316612609926409 ], [ 109.254849598456076, 40.316686950259722 ], [ 109.254403272002847, 40.316767758493341 ], [ 109.253959159702191, 40.316855003845177 ], [ 109.253517430746115, 40.316948653080871 ], [ 109.253078253420597, 40.317048670526596 ], [ 109.252641795041555, 40.317155018082296 ], [ 109.252208221891195, 40.317267655236684 ], [ 109.251777699154871, 40.317386539082129 ], [ 109.251350390858178, 40.317511624331246 ], [ 109.250926459804504, 40.317642863334008 ], [ 109.250506067513342, 40.317780206095989 ], [ 109.248910295069138, 40.31831406078004 ], [ 109.248579900456377, 40.318426836819221 ], [ 109.247227350055439, 40.31893718381702 ], [ 109.24592120621783, 40.319510025194603 ], [ 109.244666726203633, 40.320143055856953 ], [ 109.243468959747204, 40.32083372844226 ], [ 109.242657845064954, 40.321356087778021 ], [ 109.241584241935314, 40.322079474078045 ], [ 109.24126208978322, 40.322024362305832 ], [ 109.239764319233984, 40.321841304530906 ], [ 109.238253892770757, 40.321728951567323 ], [ 109.236736888025931, 40.321687755472695 ], [ 109.235219409044419, 40.321717882000968 ], [ 109.233707561774978, 40.32181920993694 ], [ 109.232207429554848, 40.321991331583177 ], [ 109.230725048684008, 40.322233554396227 ], [ 109.22926638418646, 40.322544903766982 ], [ 109.228779148705812, 40.322665714109895 ], [ 109.227125957987653, 40.323090283302982 ], [ 109.226184103888968, 40.323348684618878 ], [ 109.225907977850852, 40.323436957584448 ], [ 109.224837022791178, 40.32302848140089 ], [ 109.22344942009974, 40.322572534309785 ], [ 109.222025579816986, 40.322182668094975 ], [ 109.220571231895704, 40.321860451471288 ], [ 109.219092228796072, 40.321607180929767 ], [ 109.217594521979535, 40.321423875533213 ], [ 109.216084138007361, 40.321311272824374 ], [ 109.214567154341552, 40.321269825865791 ], [ 109.21342875715132, 40.321285547716307 ], [ 109.211758399705147, 40.321336816402727 ], [ 109.211471354931092, 40.320812220461107 ], [ 109.210804322949556, 40.319802320923721 ], [ 109.210052169272458, 40.318825784038999 ], [ 109.209217924800967, 40.317886540469168 ], [ 109.208745227308597, 40.317406728544611 ], [ 109.207145584597157, 40.315838840736532 ], [ 109.206705326265762, 40.315420478189111 ], [ 109.205717339189022, 40.314566986488458 ], [ 109.204658279290641, 40.313761617442921 ], [ 109.203532411146597, 40.313007612239645 ], [ 109.20234426778741, 40.312308005249776 ], [ 109.201098632452414, 40.311665611838855 ], [ 109.199800519345246, 40.311083017056802 ], [ 109.198455153468046, 40.310562565255971 ], [ 109.197829006442774, 40.310346964659537 ], [ 109.196423604293983, 40.309881182111603 ], [ 109.195662556885353, 40.309640560257542 ], [ 109.194239114352555, 40.309250403867352 ], [ 109.1927851439888, 40.308927889887713 ], [ 109.191306496736544, 40.308674316007021 ], [ 109.189809122626713, 40.308490702508621 ], [ 109.189475771227492, 40.308465777998762 ], [ 109.189188271076745, 40.308421028668583 ], [ 109.188767371663857, 40.308358430685331 ], [ 109.18834502396399, 40.30830143713569 ], [ 109.187921363944866, 40.308250066366398 ], [ 109.187496527995691, 40.30820433491413 ], [ 109.187070652883506, 40.308164257500202 ], [ 109.18664387570908, 40.308129847025768 ], [ 109.186216333862987, 40.308101114567847 ], [ 109.185878146360608, 40.308080650965621 ], [ 109.185577505759184, 40.308063870810656 ], [ 109.184060812625617, 40.308022079174876 ], [ 109.182543594268921, 40.308051609014761 ], [ 109.181031955590043, 40.308152341515814 ], [ 109.179531979086818, 40.308323871376139 ], [ 109.178049700432439, 40.308565508433134 ], [ 109.176591084238936, 40.30887628043444 ], [ 109.17516200010418, 40.309254936940405 ], [ 109.173768199037369, 40.309699954344822 ], [ 109.172415290356369, 40.310209541991959 ], [ 109.171108719149771, 40.310781649366177 ], [ 109.169853744393052, 40.311413974326292 ], [ 109.16943817029906, 40.311653265063484 ], [ 109.168866087600861, 40.311746477475559 ], [ 109.167407369508496, 40.31205715049888 ], [ 109.165978176275217, 40.312435710260488 ], [ 109.16458425934897, 40.312880633543728 ], [ 109.163231228512956, 40.313390130071653 ], [ 109.161924529346905, 40.313962149695584 ], [ 109.160669421340671, 40.314594390627661 ], [ 109.159470956750681, 40.315284308684767 ], [ 109.158333960282008, 40.316029127506418 ], [ 109.157263009679127, 40.316825849707641 ], [ 109.156262417301079, 40.317671268919788 ], [ 109.155336212757263, 40.318561982673664 ], [ 109.154488126671836, 40.319494406072195 ], [ 109.153721536789703, 40.320464843429527 ], [ 109.153437926574625, 40.320483734171965 ], [ 109.151937634199484, 40.320654957277583 ], [ 109.150455016334178, 40.320896292064447 ], [ 109.148996038954294, 40.321206767496541 ], [ 109.147566573109714, 40.321585134328103 ], [ 109.146648860762937, 40.321877877189081 ], [ 109.145322488430736, 40.321635629415866 ], [ 109.14425906364734, 40.321460318592109 ], [ 109.142761546814839, 40.321276177202961 ], [ 109.141251280915, 40.321162731394878 ], [ 109.139734342935739, 40.321120437622369 ], [ 109.138216836653626, 40.321149466055935 ], [ 109.136704868127083, 40.321249699898793 ], [ 109.135204521180142, 40.32142073585544 ], [ 109.133721832974658, 40.321661885750885 ], [ 109.132262769768815, 40.321972179293297 ], [ 109.130833202957135, 40.322350367968745 ], [ 109.129798072781213, 40.322672930512134 ], [ 109.1273274887903, 40.323493826476486 ], [ 109.126968293388103, 40.323615819497157 ], [ 109.126558891297435, 40.323769820451233 ], [ 109.126147791182177, 40.323702219477177 ], [ 109.125735007694843, 40.323640501931003 ], [ 109.125320694310048, 40.323584690757741 ], [ 109.124905005070019, 40.323534806706704 ], [ 109.124488094527621, 40.323490868323589 ], [ 109.124070117688916, 40.32345289194356 ], [ 109.123651229955541, 40.323420891685195 ], [ 109.123231587067167, 40.323394879445345 ], [ 109.122811345043658, 40.32337486489466 ], [ 109.122390660127266, 40.323360855473972 ], [ 109.12196968872442, 40.32335285639158 ], [ 109.1213538632731, 40.32321592114215 ], [ 109.119875175423118, 40.322961555732668 ], [ 109.118377689130355, 40.322777141683083 ], [ 109.116867430070911, 40.322663420997117 ], [ 109.115350475205403, 40.322620851235556 ], [ 109.115058381505264, 40.322620841558958 ], [ 109.109876550643847, 40.322643993035435 ], [ 109.10853024923955, 40.322542532573102 ], [ 109.1070133017014, 40.32249986847404 ], [ 109.105495754117484, 40.322528526534697 ], [ 109.103983712712221, 40.322628391448418 ], [ 109.102483261602387, 40.322799061404261 ], [ 109.101000438368459, 40.323039849699931 ], [ 109.099541209810724, 40.323349787498479 ], [ 109.098111447987876, 40.323727627717645 ], [ 109.096716906632182, 40.324171850036606 ], [ 109.09536319803621, 40.324680666999868 ], [ 109.094055770503061, 40.325252031194395 ], [ 109.092799886449399, 40.325883643471045 ], [ 109.091600601250377, 40.3265729621777 ], [ 109.090462742909452, 40.327317213367536 ], [ 109.090090101139694, 40.327594020854711 ], [ 109.088781176507894, 40.32700451154269 ], [ 109.088403049197893, 40.326837716665594 ], [ 109.088020844296636, 40.326676100225242 ], [ 109.087634691100234, 40.326519716881151 ], [ 109.087244720237692, 40.326368619522697 ], [ 109.086851063626796, 40.326222859251203 ], [ 109.086453854429394, 40.326082485362562 ], [ 109.086053227006687, 40.325947545330834 ], [ 109.085649316873557, 40.325818084791891 ], [ 109.085242260652961, 40.325694147528452 ], [ 109.084832196029808, 40.325575775454872 ], [ 109.084419261704355, 40.325463008603336 ], [ 109.084003597345458, 40.325355885110106 ], [ 109.081770223401577, 40.324797300444239 ], [ 109.081323583903838, 40.3246895346904 ], [ 109.080874174551198, 40.32458828292787 ], [ 109.080422168515128, 40.324493584167641 ], [ 109.079967739965468, 40.324405474895862 ], [ 109.07951106400354, 40.324323989059629 ], [ 109.079052316594797, 40.324249158053945 ], [ 109.078591674501098, 40.32418101070995 ], [ 109.078129315212891, 40.324119573283262 ], [ 109.077665416880649, 40.324064869444619 ], [ 109.077200158246754, 40.324016920270083 ], [ 109.076733718576421, 40.323975744233422 ], [ 109.076266277589141, 40.323941357198841 ], [ 109.07579801538914, 40.323913772414798 ], [ 109.074104973888026, 40.323826961423336 ], [ 109.072609469028862, 40.323785015033991 ], [ 109.071091881605525, 40.32381328366499 ], [ 109.069579767145896, 40.323912760647438 ], [ 109.068079210059963, 40.324083045731186 ], [ 109.066596248354074, 40.324323453762517 ], [ 109.065136849384686, 40.324633017434635 ], [ 109.06444342525414, 40.324816066016183 ], [ 109.063815495303288, 40.324533045437626 ], [ 109.063427737009036, 40.324361963837482 ], [ 109.063035691288533, 40.324196329206615 ], [ 109.062639497632404, 40.324036200463361 ], [ 109.06223929700414, 40.323881634567385 ], [ 109.061835231789729, 40.323732686498886 ], [ 109.061427445747455, 40.323589409239659 ], [ 109.06101608395636, 40.323451853753852 ], [ 109.060601292765071, 40.323320068970318 ], [ 109.060183219739741, 40.323194101764685 ], [ 109.058648459865339, 40.322744107183453 ], [ 109.057459494420272, 40.322422164615375 ], [ 109.056865169404574, 40.322289696870271 ], [ 109.056614874566748, 40.322141889108835 ], [ 109.055370347197595, 40.321498135899532 ], [ 109.054073216583802, 40.320914124776102 ], [ 109.052728703782208, 40.320392205791123 ], [ 109.051342220162056, 40.319934479088339 ], [ 109.049919345655795, 40.319542786469775 ], [ 109.048465806337404, 40.319218703999908 ], [ 109.046987451420009, 40.318963535678037 ], [ 109.046593927097305, 40.318914852866065 ], [ 109.045802265165534, 40.318778199794458 ], [ 109.045860958523008, 40.318462102595902 ], [ 109.045911532350672, 40.318145236651134 ], [ 109.045953968496022, 40.317827716352625 ], [ 109.045988251744888, 40.317509656327346 ], [ 109.046014369826764, 40.317191171395677 ], [ 109.046032313419303, 40.316872376529659 ], [ 109.04604207615148, 40.316553386811705 ], [ 109.046043654605427, 40.316234317392933 ], [ 109.046037048317928, 40.315915283451623 ], [ 109.046022259780244, 40.315596400151662 ], [ 109.045909407793516, 40.3135260666972 ], [ 109.045799288541119, 40.312401216481952 ], [ 109.045593576086105, 40.311287344369866 ], [ 109.045292908232867, 40.310185379411664 ], [ 109.044898499727438, 40.309099758151156 ], [ 109.044411942526907, 40.308034851123246 ], [ 109.043835199327106, 40.306994945269373 ], [ 109.043170595604636, 40.305984226692779 ], [ 109.043031962029076, 40.305814419776489 ], [ 109.04323227219642, 40.305510636700447 ], [ 109.043424639056852, 40.305204049895991 ], [ 109.043608991216203, 40.30489477330989 ], [ 109.043785260261444, 40.304582921887281 ], [ 109.04395338078622, 40.30426861152857 ], [ 109.044113290415027, 40.303951959046465 ], [ 109.04426492982607, 40.303633082122481 ], [ 109.044431445218777, 40.303367815549308 ], [ 109.044982780430317, 40.302320390262878 ], [ 109.045443313586674, 40.301249169625692 ], [ 109.045811193880255, 40.300158468076752 ], [ 109.046084943877347, 40.299052678308819 ], [ 109.046263465404508, 40.297936253567372 ], [ 109.046340308524805, 40.296970264543063 ], [ 109.046397413797692, 40.295629816886091 ], [ 109.04640314895137, 40.295473242253749 ], [ 109.046406591011831, 40.294803541525397 ], [ 109.046391426837189, 40.294059281241452 ], [ 109.046374291760628, 40.293604801150316 ], [ 109.046264389958353, 40.29248352873465 ], [ 109.046058726163167, 40.291369678953259 ], [ 109.045758132755211, 40.2902677364158 ], [ 109.04553509511473, 40.289620570578421 ], [ 109.045352521702156, 40.289129609231644 ], [ 109.045259667873935, 40.288891912138915 ], [ 109.045248602464909, 40.288831976848769 ], [ 109.044948031562853, 40.287730035206636 ], [ 109.044553748544601, 40.28664443665464 ], [ 109.044067344859243, 40.285579551636964 ], [ 109.043490782582936, 40.284539667007394 ], [ 109.042826386461186, 40.283528968784729 ], [ 109.042076834498374, 40.282551525317018 ], [ 109.041245147130141, 40.281611270922006 ], [ 109.040334675025363, 40.280711990069001 ], [ 109.039349085565661, 40.279857302165873 ], [ 109.038292348058306, 40.279050647012383 ], [ 109.037168717742787, 40.278295270976876 ], [ 109.035982718653713, 40.277594213952057 ], [ 109.034739125411619, 40.27695029714301 ], [ 109.033442944012549, 40.27636611173412 ], [ 109.032099391695397, 40.275844008481918 ], [ 109.030713875966455, 40.275386088274324 ], [ 109.029291972865494, 40.274994193693985 ], [ 109.027839404560439, 40.274669901620179 ], [ 109.026362016359997, 40.274414516897266 ], [ 109.024865753235218, 40.274229067096037 ], [ 109.023328569988536, 40.274112853404496 ], [ 109.020167908168972, 40.273952832581294 ], [ 109.018708145878392, 40.273912062594682 ], [ 109.017191566690158, 40.273939719696898 ], [ 109.015680404602989, 40.274038583895297 ], [ 109.014180740197304, 40.27420825740483 ], [ 109.014050589134612, 40.274229315784012 ], [ 109.013004520023514, 40.273757619451708 ], [ 109.01166116041091, 40.273235312563919 ], [ 109.010275821047017, 40.272777182156744 ], [ 109.008854077263024, 40.272385071658917 ], [ 109.007401650586772, 40.272060558818659 ], [ 109.005924385757851, 40.271804949368715 ], [ 109.004428227251708, 40.27161927178436 ], [ 109.003306252895271, 40.271526941944899 ], [ 109.002180779348194, 40.271454203252468 ], [ 109.001729612645576, 40.271428257933337 ], [ 109.001277831494946, 40.271409064419679 ], [ 109.000825619819707, 40.271396630524904 ], [ 109.000373161717974, 40.271390961310786 ], [ 108.99992064138803, 40.271392059085038 ], [ 108.999468243053499, 40.271399923400843 ], [ 108.999251252523223, 40.271383380129656 ], [ 108.9977354240458, 40.271339481660426 ], [ 108.996218890038165, 40.271366901281674 ], [ 108.994707752649248, 40.271465528669488 ], [ 108.993208092359893, 40.271634966991613 ], [ 108.991725943569037, 40.271874534500348 ], [ 108.990267270362907, 40.272183267269611 ], [ 108.988837942564061, 40.272559923064222 ], [ 108.987443712155553, 40.273002986327661 ], [ 108.986090190175389, 40.273510674266213 ], [ 108.985991777819692, 40.273553602227494 ], [ 108.985243150251392, 40.27334698403498 ], [ 108.983790808771488, 40.273022214926485 ], [ 108.982313606707393, 40.272766344892723 ], [ 108.980817488282355, 40.272580403457503 ], [ 108.979308473674507, 40.272465138771267 ], [ 108.977792634841705, 40.272421014607794 ], [ 108.976276071141584, 40.272448208502404 ], [ 108.974764884842344, 40.272546611039417 ], [ 108.974380010529231, 40.27258316939691 ], [ 108.973635278690523, 40.272658463900171 ], [ 108.972487770443053, 40.272795622854936 ], [ 108.971199850158271, 40.272974777075468 ], [ 108.969782907170668, 40.273205086243856 ], [ 108.968324115542785, 40.273513580482678 ], [ 108.966894649597165, 40.273890002638382 ], [ 108.965500261872251, 40.274332838094729 ], [ 108.964561542733691, 40.274684742190303 ], [ 108.963751427864025, 40.274815501046241 ], [ 108.962292579016562, 40.275123930087616 ], [ 108.960863050925212, 40.275500288471363 ], [ 108.959468596377789, 40.275943061837758 ], [ 108.958227608029617, 40.276408197954737 ], [ 108.95774615594523, 40.276158491028461 ], [ 108.95645060025258, 40.275573561366741 ], [ 108.955107609201804, 40.275050686573877 ], [ 108.953722588044911, 40.274591970642831 ], [ 108.952301110835307, 40.274199259358831 ], [ 108.950848898030614, 40.273874132887578 ], [ 108.950123288966722, 40.273748263666803 ], [ 108.949748956279066, 40.273549774478269 ], [ 108.94936915399839, 40.273357076957929 ], [ 108.948984045281236, 40.273170253860599 ], [ 108.94859379555939, 40.272989385417667 ], [ 108.948198572468755, 40.272814549302687 ], [ 108.947798545777388, 40.272645820598008 ], [ 108.947393887312813, 40.272483271762702 ], [ 108.946984770888108, 40.272326972601405 ], [ 108.94657137222751, 40.272176990234428 ], [ 108.946153868890889, 40.272033389069087 ], [ 108.945732440197716, 40.271896230771858 ], [ 108.944337495078287, 40.27143350839814 ], [ 108.942916128991385, 40.27104069873554 ], [ 108.941464020009036, 40.270715471527161 ], [ 108.939987011594937, 40.270459135380307 ], [ 108.938491047194788, 40.270272721694404 ], [ 108.937785025047376, 40.270218230093541 ], [ 108.936488968586971, 40.269632714260226 ], [ 108.935146227860088, 40.269109642375724 ], [ 108.933761443015968, 40.26865072272291 ], [ 108.932340187158388, 40.268257801907197 ], [ 108.930888179855231, 40.267932460937644 ], [ 108.929411264161701, 40.267676008879654 ], [ 108.927915383150847, 40.267489477598957 ], [ 108.926406556046572, 40.267373617619548 ], [ 108.926225461835443, 40.267364514606527 ], [ 108.924724195689379, 40.267293283775579 ], [ 108.923389589926472, 40.267257649325444 ], [ 108.921873112778428, 40.26728422723297 ], [ 108.920361960014958, 40.267382015602941 ], [ 108.918862212178539, 40.26755062097871 ], [ 108.917379904019029, 40.267789364964088 ], [ 108.91592100026196, 40.268097286946549 ], [ 108.914491371655274, 40.268473147953287 ], [ 108.914363840707011, 40.26851359431339 ], [ 108.913318090604491, 40.26853185327095 ], [ 108.91299616699466, 40.268546670832286 ], [ 108.908622537744691, 40.268769864612153 ], [ 108.907738905023592, 40.268743677084579 ], [ 108.906222391614492, 40.268770077859649 ], [ 108.904711187553787, 40.268867689819693 ], [ 108.903211373589841, 40.269036120218061 ], [ 108.901728984738227, 40.269274691362583 ], [ 108.900269986048812, 40.269582443336212 ], [ 108.898840248650828, 40.269958137850267 ], [ 108.897445526171822, 40.270400263216317 ], [ 108.896783771611652, 40.270647930986627 ], [ 108.89636082346766, 40.270706175546451 ], [ 108.895939490398149, 40.27077052981722 ], [ 108.895519933058807, 40.270840969262203 ], [ 108.895102311429582, 40.270917467024574 ], [ 108.894686784753915, 40.270999993937451 ], [ 108.894273511477863, 40.271088518534938 ], [ 108.893862649189856, 40.271183007064494 ], [ 108.893454354561015, 40.271283423499291 ], [ 108.893048783285039, 40.271389729552205 ], [ 108.892381719455912, 40.271497030808504 ], [ 108.890922637605499, 40.271804681638926 ], [ 108.889492809299583, 40.272180277196171 ], [ 108.888097988530987, 40.272622306190172 ], [ 108.886743788708415, 40.273128989989623 ], [ 108.885435660101379, 40.27369828976385 ], [ 108.884178867936669, 40.274327914669769 ], [ 108.882978471231098, 40.275015331051826 ], [ 108.881839302447332, 40.275757772618313 ], [ 108.880765948053011, 40.276552251552324 ], [ 108.879762730061955, 40.277395570515644 ], [ 108.878952784501919, 40.278163688890132 ], [ 108.878765600072484, 40.278351641276515 ], [ 108.878405371099774, 40.278619688455095 ], [ 108.877402097855793, 40.279462991426293 ], [ 108.876473001797066, 40.28035174181116 ], [ 108.875621825165894, 40.281282362618505 ], [ 108.874851996981846, 40.282251108190593 ], [ 108.874166619207685, 40.283254079260111 ], [ 108.87356845422488, 40.284287238625986 ], [ 108.873059913668257, 40.285346427387474 ], [ 108.872643048666632, 40.28642738166986 ], [ 108.872319541528782, 40.287525749776108 ], [ 108.872090698908949, 40.288637109694498 ], [ 108.871957446481233, 40.289756986892804 ], [ 108.871920325144629, 40.290880872327314 ], [ 108.871979488774969, 40.292004240594039 ], [ 108.872134703534712, 40.293122568149734 ], [ 108.872385348743805, 40.294231351528467 ], [ 108.872730419309349, 40.295326125481544 ], [ 108.873168529705808, 40.296402480966371 ], [ 108.873697919490539, 40.297456082912461 ], [ 108.874316460332949, 40.298482687693145 ], [ 108.875021664531175, 40.299478160231232 ], [ 108.875810694981652, 40.300438490670615 ], [ 108.876680376562575, 40.301359810545485 ], [ 108.877252568032574, 40.301890769642931 ], [ 108.877403434992686, 40.302050588621505 ], [ 108.877810145742941, 40.302725511306271 ], [ 108.878515437913904, 40.303720969573398 ], [ 108.879304559505769, 40.304681283412357 ], [ 108.880174335029679, 40.305602584423923 ], [ 108.881121263720047, 40.306481161210442 ], [ 108.882141533605846, 40.307313474346678 ], [ 108.883231036845245, 40.308096170659418 ], [ 108.884385386258614, 40.308826096757386 ], [ 108.884553283216064, 40.308924705394531 ], [ 108.885619859664601, 40.309545369338046 ], [ 108.885797581021066, 40.309643105650323 ], [ 108.886839514486681, 40.310301901827088 ], [ 108.887032979327074, 40.310409291365445 ], [ 108.887618553711448, 40.310886912065811 ], [ 108.888708168187165, 40.311669566587746 ], [ 108.889862628059021, 40.312399448060987 ], [ 108.891077284032448, 40.313073615781583 ], [ 108.892347243878717, 40.313689353433816 ], [ 108.893667392153702, 40.314244180054978 ], [ 108.895032410824598, 40.314735860051094 ], [ 108.896436800720082, 40.315162412223081 ], [ 108.897469561091967, 40.315420733338485 ], [ 108.898014936701585, 40.31558636834005 ], [ 108.899453055709728, 40.315946057101385 ], [ 108.900919092274194, 40.316237449408312 ], [ 108.902407139365408, 40.316459371050065 ], [ 108.903911201076042, 40.316610927748997 ], [ 108.905425216830437, 40.316691508771754 ], [ 108.906943085856128, 40.316700789396698 ], [ 108.907322438417651, 40.316691958162885 ], [ 108.910288194860087, 40.316605430774786 ], [ 108.910839468382733, 40.316579596203731 ], [ 108.911631980291418, 40.317080389553034 ], [ 108.912846913149792, 40.317754363070648 ], [ 108.914117136102519, 40.318369897271126 ], [ 108.915437532644063, 40.318924512011073 ], [ 108.916802783739939, 40.319415972549635 ], [ 108.918207389281122, 40.319842298571864 ], [ 108.919645690274621, 40.320201772184191 ], [ 108.920575581818483, 40.320386441292975 ], [ 108.92108225204008, 40.320505490949387 ], [ 108.922548465191497, 40.320796647991457 ], [ 108.924036669794489, 40.321018330506952 ], [ 108.925540869306232, 40.32116964518147 ], [ 108.927055002595225, 40.321249982257143 ], [ 108.928572968414969, 40.321259017995168 ], [ 108.930034049802998, 40.321200203826855 ], [ 108.931245435375871, 40.321123827519045 ], [ 108.932780021696729, 40.320988681350563 ], [ 108.933157041268089, 40.320944003544511 ], [ 108.935158851053359, 40.320694614959585 ], [ 108.93555449281061, 40.320642999199457 ], [ 108.935948849368174, 40.320586245644044 ], [ 108.936341799074128, 40.320524371802051 ], [ 108.936733220711432, 40.320457396761903 ], [ 108.93712299353534, 40.320385341185556 ], [ 108.937510997310795, 40.320308227302426 ], [ 108.937897112349546, 40.320226078902159 ], [ 108.938462890670891, 40.320120897181276 ], [ 108.939085169124681, 40.319973569023475 ], [ 108.943140192732812, 40.319696432531373 ], [ 108.943581685757152, 40.319663150181533 ], [ 108.944022274669408, 40.319623842957533 ], [ 108.944461809556728, 40.319578524234593 ], [ 108.944900140865741, 40.319527209433694 ], [ 108.945337119453384, 40.319469916015919 ], [ 108.945772596637894, 40.319406663476791 ], [ 108.946206424249425, 40.319337473339623 ], [ 108.946638454680681, 40.319262369147729 ], [ 108.947068540937124, 40.319181376457117 ], [ 108.947496536687154, 40.319094522827136 ], [ 108.948093797664569, 40.319652992534863 ], [ 108.94911500819336, 40.320484806380549 ], [ 108.950205419280024, 40.321266968179231 ], [ 108.95136064008372, 40.321996326691263 ], [ 108.952576018240194, 40.322669943318125 ], [ 108.953691673753951, 40.323210071648631 ], [ 108.95458168838465, 40.323771938351094 ], [ 108.955797125401745, 40.324445526948729 ], [ 108.957067823403307, 40.32506065813471 ], [ 108.958388663967284, 40.325614853388657 ], [ 108.959132144440446, 40.325882175603482 ], [ 108.958994028110851, 40.325878137813504 ], [ 108.957552056060152, 40.325902081921619 ], [ 108.95567049836572, 40.325975374155121 ], [ 108.955218644222043, 40.325996147894095 ], [ 108.954767401472196, 40.326023248430488 ], [ 108.954316931590014, 40.326056666067089 ], [ 108.953867395773329, 40.326096388846352 ], [ 108.952120302506216, 40.326263185031983 ], [ 108.950910645711332, 40.326410780157595 ], [ 108.950838036036771, 40.326405364562177 ], [ 108.949489679310474, 40.326025099855599 ], [ 108.948036455274419, 40.325699926495616 ], [ 108.94655831935134, 40.325443649094389 ], [ 108.945061219520866, 40.325257298813298 ], [ 108.943551179907757, 40.325141625446811 ], [ 108.942034276591784, 40.325097094412293 ], [ 108.940895766174108, 40.325110501864266 ], [ 108.940633091114094, 40.325118227436882 ], [ 108.94043628759286, 40.325001733001301 ], [ 108.939192729885335, 40.324356899848603 ], [ 108.937896472529033, 40.323771763320892 ], [ 108.936552733073682, 40.323248678000276 ], [ 108.935166919782787, 40.322789748724489 ], [ 108.933744609896991, 40.322396822134927 ], [ 108.932291527223271, 40.322071479261659 ], [ 108.93081351914158, 40.321815029175838 ], [ 108.929316533117586, 40.321628503733635 ], [ 108.927806592818825, 40.321512653434411 ], [ 108.926289773925774, 40.321467944407566 ], [ 108.925126914876728, 40.321481942213829 ], [ 108.923151401856202, 40.321542483971186 ], [ 108.921707788877328, 40.321220303357762 ], [ 108.920229834828291, 40.320963736797147 ], [ 108.918732892994058, 40.320777093323372 ], [ 108.917222986864473, 40.32066112391059 ], [ 108.915706191982721, 40.320616295167497 ], [ 108.914567746186108, 40.320629478967582 ], [ 108.913201880803882, 40.320669378579119 ], [ 108.912822745715644, 40.320682683213164 ], [ 108.911310483454528, 40.320780374552058 ], [ 108.909809625682897, 40.320948887329635 ], [ 108.908450160531402, 40.32116760292773 ], [ 108.908325564982178, 40.321180933228085 ], [ 108.907895379852079, 40.321197369390589 ], [ 108.907422712534597, 40.32122621921792 ], [ 108.906950909912823, 40.321262001484591 ], [ 108.906480157294766, 40.321304702137205 ], [ 108.906010639577048, 40.32135430440551 ], [ 108.905542541172068, 40.321410788808429 ], [ 108.90507604593617, 40.321474133162049 ], [ 108.904611337097322, 40.321544312588031 ], [ 108.90414859718328, 40.321621299523756 ], [ 108.903688007950208, 40.321705063732558 ], [ 108.902997679298394, 40.321835992688214 ], [ 108.901656381060448, 40.322121495601678 ], [ 108.901056715280916, 40.322278975606991 ], [ 108.90098606737358, 40.322293110642995 ], [ 108.899758289493164, 40.322079777534334 ], [ 108.898261376937057, 40.321892905256988 ], [ 108.896751480216622, 40.321776705136536 ], [ 108.895234674837482, 40.321731644709928 ], [ 108.894096208126541, 40.321744654667704 ], [ 108.893761177331328, 40.321754391487481 ], [ 108.893382033138082, 40.321767641151688 ], [ 108.891869722763886, 40.321865113278172 ], [ 108.890368798326364, 40.322033408570874 ], [ 108.888885299306168, 40.32227184988227 ], [ 108.887425195217205, 40.322579477819112 ], [ 108.885994361633522, 40.322955054593727 ], [ 108.884598556591513, 40.323397068993593 ], [ 108.883243397458273, 40.323903742448486 ], [ 108.881934338362569, 40.324473036172115 ], [ 108.880676648274573, 40.325102659348566 ], [ 108.879475389824208, 40.325790078332396 ], [ 108.878504360927579, 40.326422487493723 ], [ 108.877644946474462, 40.326852686222644 ], [ 108.876443631085806, 40.327540079222423 ], [ 108.875303582453924, 40.328282503210652 ], [ 108.874229390587956, 40.329076970444859 ], [ 108.874123561173633, 40.329160915407435 ], [ 108.873628136861953, 40.329556449549543 ], [ 108.872729946612296, 40.330315814755849 ], [ 108.872087722842053, 40.330929699212568 ], [ 108.871736586493668, 40.331131055274106 ], [ 108.871390881781693, 40.331337501890346 ], [ 108.871050743286858, 40.331548958723587 ], [ 108.870716303427145, 40.331765343485849 ], [ 108.870387692406268, 40.331986571970418 ], [ 108.870065038162934, 40.332212558084976 ], [ 108.869748466321198, 40.332443213884858 ], [ 108.869438100141494, 40.33267844960718 ], [ 108.869134060472518, 40.332918173705856 ], [ 108.868961741698001, 40.33305612995153 ], [ 108.868764137321705, 40.333216284541962 ], [ 108.868590555915475, 40.333358709463354 ], [ 108.867913475029582, 40.333939025922085 ], [ 108.866983575767321, 40.334827757763492 ], [ 108.866131648249933, 40.335758367784514 ], [ 108.865361124521996, 40.336727110374461 ], [ 108.864675109349491, 40.337730086281233 ], [ 108.864076367683566, 40.3387632582875 ], [ 108.863567313485163, 40.339822467444378 ], [ 108.863149999955795, 40.340903449797551 ], [ 108.863012761727973, 40.341368869696474 ], [ 108.862706736332839, 40.341595113806044 ], [ 108.861708685659892, 40.342449201689035 ], [ 108.860810411694686, 40.342746232907508 ], [ 108.859454731916131, 40.343252675530643 ], [ 108.858145144039511, 40.343821747793591 ], [ 108.856886919161298, 40.344451159773087 ], [ 108.855685122061985, 40.345138378674953 ], [ 108.855597425703692, 40.34519545252266 ], [ 108.855316200644737, 40.345187015359791 ], [ 108.854426404194214, 40.345193485972473 ], [ 108.852129162075315, 40.345241801338616 ], [ 108.851699470815021, 40.345253695571422 ], [ 108.851270137385242, 40.345271302750014 ], [ 108.850841300305149, 40.345294617193879 ], [ 108.85041309793408, 40.345323631381312 ], [ 108.849985668427067, 40.345358335951786 ], [ 108.849559149690293, 40.345398719708854 ], [ 108.849133679336731, 40.345444769623811 ], [ 108.847412889648979, 40.345642708217191 ], [ 108.846703379545446, 40.345702265311502 ], [ 108.846605657277266, 40.345525148910582 ], [ 108.845943418509947, 40.344513416023993 ], [ 108.845195864298105, 40.343534814696696 ], [ 108.844366007052031, 40.342593283908776 ], [ 108.84345719008995, 40.341692613268144 ], [ 108.842473074147833, 40.340836427777063 ], [ 108.841417622618124, 40.340028173262667 ], [ 108.840295085579811, 40.339271102529395 ], [ 108.839109982681904, 40.33856826228935 ], [ 108.838799686033184, 40.338407041317652 ], [ 108.838524312788138, 40.338243723004567 ], [ 108.837281425689895, 40.33759793641569 ], [ 108.835985746726578, 40.337011807136413 ], [ 108.83464249112609, 40.336487693743948 ], [ 108.833257065210276, 40.336027705212864 ], [ 108.833156839842644, 40.335999935443738 ], [ 108.832998128134108, 40.335924920175735 ], [ 108.832653503458573, 40.335766336084546 ], [ 108.832283260200285, 40.335599204939122 ], [ 108.831908809007999, 40.335437296653311 ], [ 108.831530284236194, 40.335280669306023 ], [ 108.831147821698067, 40.335129379081422 ], [ 108.830761558616871, 40.334983480248887 ], [ 108.830371633576533, 40.334843025143513 ], [ 108.829658194420475, 40.334564611218404 ], [ 108.829089189370521, 40.334366174936306 ], [ 108.828616214202, 40.334206815894525 ], [ 108.827799864218193, 40.333945210177625 ], [ 108.826377913205121, 40.333551140342699 ], [ 108.824925086070124, 40.333224630278288 ], [ 108.823447229167868, 40.332966993751718 ], [ 108.822826414877639, 40.332880349765496 ], [ 108.822034155622688, 40.332777774710344 ], [ 108.821648532476743, 40.332707707469105 ], [ 108.821261088172889, 40.332643385877283 ], [ 108.820871978789739, 40.332584835844372 ], [ 108.820481361075522, 40.33253208095509 ], [ 108.820089392385029, 40.332485142459568 ], [ 108.819696230616145, 40.332444039265113 ], [ 108.819302034146759, 40.332408787928529 ], [ 108.818906961770608, 40.332379402649259 ], [ 108.818511172633734, 40.332355895263994 ], [ 108.817917429869624, 40.332319621472585 ], [ 108.817685847385661, 40.332306310343924 ], [ 108.816168873712598, 40.332260354833736 ], [ 108.814651017824659, 40.332285720557778 ], [ 108.813138387185433, 40.332382305456221 ], [ 108.811637068278628, 40.332549720915544 ], [ 108.810153102170048, 40.332787293328629 ], [ 108.808692460250327, 40.333094066798665 ], [ 108.808207101369717, 40.333221132212323 ], [ 108.807254400282616, 40.333279040423221 ], [ 108.806920222778984, 40.333306264625584 ], [ 108.806727556312794, 40.333322545472448 ], [ 108.805226203609706, 40.333489889298541 ], [ 108.803742197810209, 40.333727390972733 ], [ 108.802281510464255, 40.334034094882881 ], [ 108.801414979997148, 40.334260898976332 ], [ 108.801295500827848, 40.334278490321552 ], [ 108.799690329720562, 40.334482161811508 ], [ 108.798757786221003, 40.334541602396442 ], [ 108.797256390486183, 40.334708857177233 ], [ 108.795772334338309, 40.334946270921058 ], [ 108.794311589529613, 40.335252888369617 ], [ 108.793220815853488, 40.335531402295146 ], [ 108.793093148551378, 40.33556657211615 ], [ 108.792338588058229, 40.335737691636531 ], [ 108.791917734525583, 40.335836283961818 ], [ 108.791499407676568, 40.335940607017179 ], [ 108.791083749797522, 40.336050625323473 ], [ 108.790670902268914, 40.336166301464601 ], [ 108.790261005517351, 40.336287596099979 ], [ 108.789854198967902, 40.336414467978145 ], [ 108.789450620996661, 40.336546873950503 ], [ 108.788687885546082, 40.33680336594508 ], [ 108.788502308876673, 40.336866479295281 ], [ 108.78714623975705, 40.337372187791196 ], [ 108.785836197244365, 40.337940550401349 ], [ 108.784577454260472, 40.33856928005828 ], [ 108.784477907178825, 40.338626123117102 ], [ 108.784006666846565, 40.338495362997534 ], [ 108.782553930330806, 40.338168392231225 ], [ 108.78107612267803, 40.337910287421401 ], [ 108.77957919055136, 40.337722087082213 ], [ 108.778069157403607, 40.337604548451871 ], [ 108.776552099290129, 40.337558144452629 ], [ 108.775034120471759, 40.337583061792564 ], [ 108.773620502606803, 40.337671884818661 ], [ 108.773158024253505, 40.337692551732985 ], [ 108.772696201231128, 40.337720107147135 ], [ 108.7722352206153, 40.337754539899564 ], [ 108.771775269141187, 40.337795836042986 ], [ 108.77131653312793, 40.337843978849946 ], [ 108.770859198403187, 40.337898948819699 ], [ 108.770403450228358, 40.33796072368601 ], [ 108.769949473223335, 40.33802927842622 ], [ 108.76949745129204, 40.338104585271225 ], [ 108.769047567548128, 40.338186613716978 ], [ 108.76860000424071, 40.338275330536391 ], [ 108.768154942680937, 40.338370699793145 ], [ 108.767935845404821, 40.338309874162782 ], [ 108.766483184055261, 40.33798272933825 ], [ 108.765005436580523, 40.337724447451855 ], [ 108.763508549401962, 40.337536067730269 ], [ 108.761998545791855, 40.337418348133411 ], [ 108.760481501686954, 40.337371762311733 ], [ 108.759583753104735, 40.337377768053472 ], [ 108.757210105038851, 40.337426605457452 ], [ 108.756589872209418, 40.337445324129753 ], [ 108.755741162734154, 40.33749032228225 ], [ 108.754350339917025, 40.33758248246793 ], [ 108.753918945894014, 40.337613984103164 ], [ 108.753488392954253, 40.337651265885476 ], [ 108.75305882230883, 40.337694315588081 ], [ 108.752630374847399, 40.337743119092579 ], [ 108.752203191092093, 40.337797660393505 ], [ 108.751777411151451, 40.337857921603586 ], [ 108.751353174674577, 40.337923882959643 ], [ 108.750930620805349, 40.337995522829004 ], [ 108.750509888137003, 40.338072817716636 ], [ 108.74966619010273, 40.338233834186902 ], [ 108.748395711562594, 40.338504209657181 ], [ 108.748094684832822, 40.338582860117263 ], [ 108.748016749739122, 40.33859529781185 ], [ 108.747074746382907, 40.338784144198961 ], [ 108.746487843035297, 40.338911365213242 ], [ 108.746046926901613, 40.339010314720269 ], [ 108.745608873565274, 40.339116007130187 ], [ 108.745173871061453, 40.339228397079552 ], [ 108.744742106118366, 40.339347436329938 ], [ 108.744313764077262, 40.339473073788895 ], [ 108.743183395866183, 40.33909687005621 ], [ 108.741761799327733, 40.33870190094013 ], [ 108.740309246764582, 40.338374472426494 ], [ 108.738831583429857, 40.338115901978234 ], [ 108.737334755407076, 40.337927229983173 ], [ 108.735824785731083, 40.337809215577217 ], [ 108.734307750202404, 40.337762333597027 ], [ 108.733169008254166, 40.337773977028469 ], [ 108.732704988557131, 40.337786901881003 ], [ 108.732325733146737, 40.337799696213949 ], [ 108.730812881415062, 40.337895352781878 ], [ 108.72931126295596, 40.338061847215855 ], [ 108.727826920038837, 40.33829850961471 ], [ 108.726365825567953, 40.338604387743388 ], [ 108.724933859096154, 40.33897825085586 ], [ 108.723536783210946, 40.33941859463615 ], [ 108.72248054026187, 40.339811838963683 ], [ 108.721096087718962, 40.340032496815077 ], [ 108.719634930780202, 40.340338302120216 ], [ 108.718202896303538, 40.340712093987278 ], [ 108.716805747149465, 40.341152368387093 ], [ 108.715449106085373, 40.341657353752495 ], [ 108.714138433194137, 40.34222501809203 ], [ 108.712994788477488, 40.342795338004336 ], [ 108.712328256974004, 40.343081838652608 ], [ 108.712166958931263, 40.343155792239124 ], [ 108.711562828791884, 40.343417424340586 ], [ 108.710749538678442, 40.343720111000152 ], [ 108.709903596804338, 40.344076938476555 ], [ 108.709625439324185, 40.344199881932525 ], [ 108.709251861701034, 40.34436844714719 ], [ 108.708882506851353, 40.344542039688349 ], [ 108.708517498179944, 40.344720601573918 ], [ 108.708156957642743, 40.344904073161537 ], [ 108.707801005705704, 40.345092393168457 ], [ 108.707449761304872, 40.345285498691936 ], [ 108.70710334180653, 40.34548332523034 ], [ 108.706751474707346, 40.345688085894565 ], [ 108.706346056791986, 40.345929329628675 ], [ 108.705298454058351, 40.346609040576105 ], [ 108.70438820228884, 40.346753986285634 ], [ 108.703242332558403, 40.34699342151918 ], [ 108.701776741143988, 40.347299706533128 ], [ 108.700344480250635, 40.347673310239614 ], [ 108.698947091831556, 40.34811340158069 ], [ 108.697590199615945, 40.348618209726247 ], [ 108.696279264696017, 40.349185703398376 ], [ 108.695019563579251, 40.349813599027563 ], [ 108.694442195031712, 40.350142622741771 ], [ 108.693814749249242, 40.350219106206048 ], [ 108.692775064643726, 40.350384561170749 ], [ 108.691262853252468, 40.350337349406274 ], [ 108.690873087608253, 40.350336691946616 ], [ 108.689917605689658, 40.35034083593056 ], [ 108.689488785283189, 40.35034553850484 ], [ 108.689060147452153, 40.350355927938452 ], [ 108.688631829749866, 40.350372000897352 ], [ 108.688203969627011, 40.350393752223937 ], [ 108.687776704387929, 40.350421174938532 ], [ 108.687350171146278, 40.350454260241264 ], [ 108.68692450678148, 40.350492997515303 ], [ 108.686499847894638, 40.350537374330237 ], [ 108.686076330764919, 40.350587376445844 ], [ 108.685074898022449, 40.350712425979729 ], [ 108.684657966189135, 40.35076737775556 ], [ 108.684242559339793, 40.350828333024985 ], [ 108.683828835149569, 40.350895268653048 ], [ 108.683416950656238, 40.350968159234881 ], [ 108.683007062200431, 40.351046977105369 ], [ 108.682599325366738, 40.351131692349703 ], [ 108.682155078931288, 40.35110359399647 ], [ 108.681684534119015, 40.351077287393046 ], [ 108.681213380443296, 40.351057852732595 ], [ 108.680741800950329, 40.351045297565221 ], [ 108.6802699788513, 40.351039626768319 ], [ 108.679798097451425, 40.351040842545054 ], [ 108.679326340078958, 40.351048944423034 ], [ 108.67885489001408, 40.351063929254806 ], [ 108.677331500550409, 40.351123482896547 ], [ 108.675816408724344, 40.351218594334306 ], [ 108.67431439372389, 40.351384475003037 ], [ 108.672829604900144, 40.351620531633827 ], [ 108.67136801694933, 40.351925814429478 ], [ 108.670827199642744, 40.352066742194879 ], [ 108.670415146092012, 40.35210902643496 ], [ 108.67000426015413, 40.352157137793554 ], [ 108.669594692138475, 40.352211058671784 ], [ 108.669186591873441, 40.352270769345743 ], [ 108.668780108651418, 40.352336247973376 ], [ 108.668375391174479, 40.352407470602763 ], [ 108.667972587499875, 40.352484411180811 ], [ 108.667571844986298, 40.352567041562637 ], [ 108.667173310239733, 40.352655331521952 ], [ 108.666777129060009, 40.352749248762123 ], [ 108.666383446387655, 40.35284875892782 ], [ 108.665815775307479, 40.352942801598559 ], [ 108.664354131933777, 40.35324800835059 ], [ 108.662921565004254, 40.353621214527251 ], [ 108.661523839519347, 40.354060918456753 ], [ 108.660166580562333, 40.354565350868242 ], [ 108.658855250699133, 40.355132481996357 ], [ 108.65759512802434, 40.35576002973113 ], [ 108.656391284943354, 40.356445468782972 ], [ 108.655248567774109, 40.357186040825269 ], [ 108.654171577251191, 40.357978765573527 ], [ 108.653164650009558, 40.358820452758373 ], [ 108.652231841123196, 40.359707714942971 ], [ 108.651376907767727, 40.360636981135528 ], [ 108.650603294074614, 40.361604511140911 ], [ 108.649914117236733, 40.362606410594665 ], [ 108.649652205555583, 40.363055536616187 ], [ 108.649265097495487, 40.362896327217882 ], [ 108.648873977994441, 40.362742584743529 ], [ 108.648478987936798, 40.362594364560309 ], [ 108.648080269598168, 40.362451720045996 ], [ 108.647677966594344, 40.362314702570281 ], [ 108.647272223829631, 40.36218336147607 ], [ 108.646863187444694, 40.362057744061829 ], [ 108.646451004764131, 40.361937895564459 ], [ 108.64603582424327, 40.361823859143378 ], [ 108.645617795415063, 40.361715675864509 ], [ 108.645197068836097, 40.361613384685903 ], [ 108.644773796032538, 40.361517022443671 ], [ 108.644348129445731, 40.361426623838632 ], [ 108.643951629442597, 40.361316161806741 ], [ 108.642499066407154, 40.360987666480355 ], [ 108.641021293261815, 40.360728012407428 ], [ 108.639524256533647, 40.360538244335331 ], [ 108.638013980098336, 40.360419125809734 ], [ 108.63649654099072, 40.360371136109563 ], [ 108.634978045004161, 40.360394468322873 ], [ 108.633464602175522, 40.360489028571664 ], [ 108.632440850237003, 40.360593904508534 ], [ 108.631618986048139, 40.360691522152067 ], [ 108.63121331916615, 40.360742315660922 ], [ 108.630808997674549, 40.360798682735357 ], [ 108.630406161283233, 40.360860603899404 ], [ 108.63000494919001, 40.360928057758393 ], [ 108.62960550003244, 40.361001021005606 ], [ 108.6292079518403, 40.361079468430866 ], [ 108.628812441987591, 40.361163372928814 ], [ 108.628629653861267, 40.361183492746584 ], [ 108.627144520479462, 40.361419045825393 ], [ 108.625682548034433, 40.361723833637427 ], [ 108.624249619607596, 40.362096629824713 ], [ 108.623233306854814, 40.362415968783253 ], [ 108.623002265910145, 40.362476073303391 ], [ 108.621774007593032, 40.362861991736501 ], [ 108.621950022967397, 40.362166224050242 ], [ 108.622064710319407, 40.36184950419387 ], [ 108.622171232423469, 40.361531225931344 ], [ 108.622269550788388, 40.361211504589889 ], [ 108.622359629896934, 40.360890456018147 ], [ 108.622441437218626, 40.360568196543831 ], [ 108.622514943221333, 40.360244842932026 ], [ 108.622580121381802, 40.359920512342349 ], [ 108.622636948195137, 40.359595322286921 ], [ 108.622685403183112, 40.359269390587492 ], [ 108.622725468901564, 40.358942835332826 ], [ 108.62273890186006, 40.3588219602373 ], [ 108.62282228662032, 40.358438225757276 ], [ 108.622889386779292, 40.358109827991136 ], [ 108.622948158925183, 40.357780556910846 ], [ 108.622998582515521, 40.357450528234999 ], [ 108.623040639942374, 40.357119857946913 ], [ 108.62307431653862, 40.356788662253557 ], [ 108.623099600582904, 40.356457057545001 ], [ 108.62311648330369, 40.356125160353265 ], [ 108.623139447874777, 40.355523598961376 ], [ 108.623147655742216, 40.355189737114884 ], [ 108.623147362862852, 40.354855820161319 ], [ 108.623138569456671, 40.354521966707864 ], [ 108.623121278762795, 40.354188295337579 ], [ 108.623095497038321, 40.353854924566932 ], [ 108.623061233556115, 40.353521972804089 ], [ 108.62301850060102, 40.353189558306433 ], [ 108.622967313465537, 40.352857799139031 ], [ 108.622907690444208, 40.352526813132378 ], [ 108.622839652826912, 40.352196717840542 ], [ 108.622763224891145, 40.35186763049979 ], [ 108.62267843389337, 40.351539667986515 ], [ 108.622585310058952, 40.351212946776123 ], [ 108.622460689887689, 40.350795240181334 ], [ 108.622410579483983, 40.350630987150673 ], [ 108.622022203711197, 40.349544088105091 ], [ 108.621541510035584, 40.348477613203741 ], [ 108.620970437569639, 40.347435855711716 ], [ 108.620311288985221, 40.34642300919689 ], [ 108.619566721190694, 40.345443150663812 ], [ 108.618739734588345, 40.344500224158708 ], [ 108.617833660955952, 40.343598024912801 ], [ 108.616852150002316, 40.342740184085685 ], [ 108.615799154650318, 40.341930154171003 ], [ 108.61467891510857, 40.341171195122271 ], [ 108.613495941795236, 40.340466361254443 ], [ 108.61225499718185, 40.339818488973272 ], [ 108.610961076632094, 40.339230185381297 ], [ 108.609619388311302, 40.338703817807186 ], [ 108.608235332246593, 40.338241504297713 ], [ 108.60681447862342, 40.337845105113054 ], [ 108.606482773317524, 40.337763357310799 ], [ 108.605620736551359, 40.337556073293513 ], [ 108.604500514693413, 40.337308924087957 ], [ 108.603174676007541, 40.337075500146895 ], [ 108.602996840159491, 40.337025878975268 ], [ 108.601544940199901, 40.336696948044832 ], [ 108.600067800115937, 40.336436849012131 ], [ 108.598571363890088, 40.336246628415616 ], [ 108.597061652983882, 40.336127051622263 ], [ 108.59554474215858, 40.336078599755254 ], [ 108.594026735083588, 40.33610146776217 ], [ 108.592513739829741, 40.336195563632991 ], [ 108.591011844345246, 40.336360508768969 ], [ 108.589527092011664, 40.33659563950264 ], [ 108.588065457376658, 40.336900009762076 ], [ 108.586641280030236, 40.337269972017587 ], [ 108.586548697199945, 40.337296478445396 ], [ 108.586164633777059, 40.3365950603595 ], [ 108.585506061962974, 40.33558205367396 ], [ 108.584762067909324, 40.334602012440861 ], [ 108.583935649709957, 40.333658881443675 ], [ 108.583030136856337, 40.332756456738089 ], [ 108.582049176801576, 40.331898370392516 ], [ 108.580996720253111, 40.331088075890229 ], [ 108.579877005253351, 40.330328834250849 ], [ 108.578694540111172, 40.329623700927797 ], [ 108.578282834955303, 40.3293988153941 ], [ 108.57449726657299, 40.327376826607924 ], [ 108.574144205488366, 40.327191755401465 ], [ 108.573786639151891, 40.327011491154352 ], [ 108.573424686893873, 40.326836094006993 ], [ 108.573058469505185, 40.32666562247541 ], [ 108.572688109197244, 40.326500133432077 ], [ 108.572313729561088, 40.326339682086761 ], [ 108.571935455526216, 40.326184321968121 ], [ 108.571553413319094, 40.326034104905986 ], [ 108.571167730420882, 40.325889081014189 ], [ 108.571277637028189, 40.325149852239697 ], [ 108.571367497228636, 40.324027564055982 ], [ 108.571361061981605, 40.322903315877298 ], [ 108.571258361609992, 40.321781634638924 ], [ 108.57105981402205, 40.32066703671839 ], [ 108.570766222957971, 40.31956400975362 ], [ 108.570378774685352, 40.31847699457991 ], [ 108.569899033156616, 40.31741036735913 ], [ 108.569328933650169, 40.316368421972413 ], [ 108.568670774920378, 40.315355352746884 ], [ 108.567927209891252, 40.314375237586638 ], [ 108.567101234929282, 40.313432021574009 ], [ 108.566196177741475, 40.312529501108486 ], [ 108.565999511344572, 40.312349922560323 ], [ 108.565423985478418, 40.311295688082708 ], [ 108.564765925943831, 40.310282604712796 ], [ 108.564022464249121, 40.309302472755114 ], [ 108.56319659634454, 40.308359237360058 ], [ 108.562934189109527, 40.308084989360054 ], [ 108.562234161030133, 40.307367879680911 ], [ 108.561591633672862, 40.306739582410366 ], [ 108.560611270804074, 40.30588136112079 ], [ 108.559559422793996, 40.305070919019087 ], [ 108.558440325235978, 40.304311517720961 ], [ 108.557258483955209, 40.303606213324272 ], [ 108.556018656870663, 40.302957844131498 ], [ 108.555411720671984, 40.302670970346597 ], [ 108.552351159802498, 40.301271862761048 ], [ 108.551665299596422, 40.300969896410983 ], [ 108.550324733823174, 40.300442955369235 ], [ 108.548941770711139, 40.299980047246791 ], [ 108.547521976051726, 40.299583034698486 ], [ 108.546071063548837, 40.299253515197826 ], [ 108.544594871864874, 40.298992814623205 ], [ 108.543099341169793, 40.298801981934709 ], [ 108.541590489284715, 40.298681784963016 ], [ 108.541119354667629, 40.298658882324744 ], [ 108.540615590001067, 40.298638089273602 ], [ 108.539656859651913, 40.297336352995011 ], [ 108.539133767242049, 40.296661755830975 ], [ 108.538331194790828, 40.29574447700562 ], [ 108.53823025059566, 40.295176165171846 ], [ 108.537937253602678, 40.294073093818305 ], [ 108.537550424769705, 40.292986010861206 ], [ 108.537071325553853, 40.291919292737077 ], [ 108.536501888646342, 40.290877233695014 ], [ 108.535844410133564, 40.28986402852189 ], [ 108.535101540200756, 40.288883755671129 ], [ 108.534276272416392, 40.287940360862173 ], [ 108.533371931641256, 40.287037641216536 ], [ 108.532392160611721, 40.286179229993571 ], [ 108.531924024051094, 40.28580547966807 ], [ 108.531633389602547, 40.285580036030161 ], [ 108.531561213023338, 40.28548478026574 ], [ 108.530736028773845, 40.284541366760692 ], [ 108.529831773228011, 40.283638626195149 ], [ 108.528852088779161, 40.282780191912998 ], [ 108.527800921001869, 40.281969518802001 ], [ 108.526682502753602, 40.281209869409643 ], [ 108.525501337126869, 40.280504300834409 ], [ 108.524262179323742, 40.27985565244353 ], [ 108.522970017522752, 40.27926653446751 ], [ 108.521630052817486, 40.278739317516276 ], [ 108.520247678305353, 40.278276123058511 ], [ 108.518828457411189, 40.277878814902351 ], [ 108.517378101532074, 40.277548991711818 ], [ 108.515902447093126, 40.277287980588149 ], [ 108.514407432103923, 40.277096831741687 ], [ 108.512899072312479, 40.276976314275657 ], [ 108.511383437048195, 40.276926913098805 ], [ 108.509866624851853, 40.276948826978781 ], [ 108.509335423029682, 40.276981554001395 ], [ 108.508999337717256, 40.276829350920373 ], [ 108.508658555529692, 40.276682995932731 ], [ 108.508313261747602, 40.276542568596362 ], [ 108.507963644100982, 40.276408145246272 ], [ 108.507609892667233, 40.276279798953404 ], [ 108.50725219976762, 40.276157599484897 ], [ 108.506890759863126, 40.27604161326623 ], [ 108.506525769448842, 40.275931903345061 ], [ 108.505349126220281, 40.275200878331951 ], [ 108.50439970170801, 40.274640786311288 ], [ 108.50341924603913, 40.274127290228002 ], [ 108.50377362743842, 40.273940052495924 ], [ 108.504123052153602, 40.273747767901355 ], [ 108.504467389337051, 40.273550508472724 ], [ 108.504806510049917, 40.273348348101443 ], [ 108.505140287310383, 40.273141362514053 ], [ 108.505468596141299, 40.272929629243997 ], [ 108.505791313617024, 40.272713227602139 ], [ 108.506108318909327, 40.272492238647487 ], [ 108.506419493332871, 40.272266745156607 ], [ 108.506724720389514, 40.272036831592217 ], [ 108.507023885811833, 40.271802584072091 ], [ 108.507316877606158, 40.271564090336334 ], [ 108.508326845361097, 40.271219018003926 ], [ 108.509661394193643, 40.270684515760188 ], [ 108.510947491272972, 40.270088350685207 ], [ 108.512179956013085, 40.269432924897103 ], [ 108.513353824303366, 40.268720879219977 ], [ 108.514464368520422, 40.267955082523741 ], [ 108.515507116578206, 40.26713862014455 ], [ 108.516477869940616, 40.266274781433196 ], [ 108.517372720523881, 40.265367046481884 ], [ 108.518188066419555, 40.264419072083527 ], [ 108.51892062637738, 40.263434676980275 ], [ 108.519567452986834, 40.262417826461451 ], [ 108.520125944507981, 40.26137261637291 ], [ 108.520593855302607, 40.260303256602484 ], [ 108.520969304824789, 40.259214054109549 ], [ 108.521250785135777, 40.258109395565754 ], [ 108.521437166913543, 40.256993729677859 ], [ 108.521527703934623, 40.255871549264121 ], [ 108.521522036009685, 40.254747373156725 ], [ 108.521439609752221, 40.253025578461674 ], [ 108.52141894294455, 40.252685883692983 ], [ 108.521389484500574, 40.252346545626516 ], [ 108.521351245394186, 40.252007689271629 ], [ 108.521304239833327, 40.251669439458105 ], [ 108.521248485254731, 40.251331920790506 ], [ 108.521184002317327, 40.250995257602234 ], [ 108.521110814894556, 40.250659573909822 ], [ 108.52102895006503, 40.250324993367052 ], [ 108.520938438102888, 40.249991639219559 ], [ 108.520839312466009, 40.249659634259494 ], [ 108.520731609783908, 40.24932910078018 ], [ 108.519571193537999, 40.245911710643234 ], [ 108.519361428827565, 40.245335157384467 ], [ 108.518603361012353, 40.243382962159345 ], [ 108.518542800651517, 40.243229606190006 ], [ 108.51806430078517, 40.242162871208613 ], [ 108.517495517912877, 40.241120781297639 ], [ 108.516838745484449, 40.240107531370931 ], [ 108.516096630839385, 40.239127200065084 ], [ 108.515359181954139, 40.23828331190392 ], [ 108.51530924392442, 40.238142747132969 ], [ 108.514830823988717, 40.237076005768621 ], [ 108.514262126201544, 40.236033907173535 ], [ 108.513605443669874, 40.235020646297002 ], [ 108.512863423371357, 40.234040301819824 ], [ 108.512580501787838, 40.233716503678636 ], [ 108.513327657004652, 40.233263088336365 ], [ 108.514437666561093, 40.232497317828447 ], [ 108.515479912644267, 40.23168088333837 ], [ 108.516450198738994, 40.230817074102191 ], [ 108.517344618642255, 40.229909370091271 ], [ 108.518159572178661, 40.228961427971548 ], [ 108.518891779675783, 40.227977066353247 ], [ 108.519538295140308, 40.226960250388828 ], [ 108.520096518082326, 40.22591507578305 ], [ 108.520564203942129, 40.224845752279485 ], [ 108.520939473076027, 40.223756586690058 ], [ 108.521220818267693, 40.222651965536599 ], [ 108.521407110735623, 40.221536337374459 ], [ 108.521497604611582, 40.220414194869527 ], [ 108.52149187784714, 40.219288763092017 ], [ 108.521401009769079, 40.217397552589404 ], [ 108.521299341677377, 40.216278534398981 ], [ 108.521101834834312, 40.215163975829846 ], [ 108.520809412829891, 40.21406095157856 ], [ 108.520423257213992, 40.21297390247372 ], [ 108.519944926725273, 40.211907204818701 ], [ 108.519376350952854, 40.210865152783981 ], [ 108.518951238356948, 40.210209085583784 ], [ 108.519271100000068, 40.210209085000024 ], [ 108.519271100000111, 40.209939590000033 ], [ 108.520079584000086, 40.209939590000026 ], [ 108.520079583000026, 40.209670096000025 ], [ 108.520349078000024, 40.209670096000018 ], [ 108.52034907900007, 40.20940060100002 ], [ 108.520618573000036, 40.209400601000041 ], [ 108.520618572000032, 40.209131106000015 ], [ 108.521157562000056, 40.209131106000015 ], [ 108.521157562000056, 40.20886161100001 ], [ 108.52142705600005, 40.20886161100001 ], [ 108.52142705600005, 40.209131106000036 ], [ 108.521696551000076, 40.209131106000051 ], [ 108.521696551000048, 40.20886161100006 ], [ 108.52223553900005, 40.20886161100006 ], [ 108.52223554000004, 40.209131106000051 ], [ 108.52277452900006, 40.209131106000015 ], [ 108.522774529000074, 40.20940060100002 ], [ 108.524122003000059, 40.209400601 ], [ 108.524122003000073, 40.209131106000015 ], [ 108.5238525070001, 40.209131106000015 ], [ 108.5238525070001, 40.208322623000051 ] ], [ [ 108.520079584000072, 40.208592117000059 ], [ 108.52007958300004, 40.20886161100006 ], [ 108.519540594000034, 40.20886161100006 ], [ 108.519540595000066, 40.208322623000051 ], [ 108.519271100000068, 40.208322623000093 ], [ 108.519271100000068, 40.209670096000067 ], [ 108.518582210098359, 40.209670096307782 ], [ 108.517977987750982, 40.208871648347468 ], [ 108.517153836072808, 40.207928220234201 ], [ 108.516739575746115, 40.207514138558359 ], [ 108.517654133000093, 40.2075141380001 ], [ 108.517654132000075, 40.207783633000105 ], [ 108.518193122000056, 40.207783633000119 ], [ 108.518193121000081, 40.207514138000057 ], [ 108.517923626000083, 40.207514138000043 ], [ 108.517923628000077, 40.207244645000074 ], [ 108.517384639000056, 40.207244645000053 ], [ 108.517384638000067, 40.206705655000071 ], [ 108.517923627000059, 40.20670565500005 ], [ 108.517923626000069, 40.206975149000051 ], [ 108.518193121000081, 40.206975149000087 ], [ 108.518193122000085, 40.207244645000102 ], [ 108.518732112000095, 40.207244645000017 ], [ 108.518732111000105, 40.207514138000057 ], [ 108.520349079000098, 40.207514138000043 ], [ 108.520349079000113, 40.206975149000051 ], [ 108.52007958300004, 40.206975149000066 ], [ 108.52007958300004, 40.20643616100007 ], [ 108.519810089000075, 40.206436161000035 ], [ 108.519810088000057, 40.206166666000044 ], [ 108.51954059500008, 40.206166666000058 ], [ 108.519540595000066, 40.205897171000046 ], [ 108.519001605000071, 40.205897171000082 ], [ 108.519001606000089, 40.20535818200009 ], [ 108.519540594000034, 40.205358182000047 ], [ 108.519540594000048, 40.205627677000045 ], [ 108.520079583000054, 40.205627677000045 ], [ 108.520079583000054, 40.205897171000082 ], [ 108.520349078000052, 40.205897171000089 ], [ 108.520349079000098, 40.206436161000056 ], [ 108.52115756200007, 40.20643616100007 ], [ 108.521157562000056, 40.206705655000071 ], [ 108.522235540000068, 40.206705655000079 ], [ 108.52223554000004, 40.206436161000099 ], [ 108.523313518000052, 40.20643616100002 ], [ 108.523313519000041, 40.206705655000071 ], [ 108.523044024000072, 40.206705655000071 ], [ 108.523044024000086, 40.206975149000051 ], [ 108.522505035000037, 40.206975149000073 ], [ 108.522505035000037, 40.207783633000105 ], [ 108.521696551000076, 40.207783633000119 ], [ 108.521696550000044, 40.207514138000093 ], [ 108.521427056000036, 40.207514138000043 ], [ 108.521427057000068, 40.207783633000084 ], [ 108.521157563000074, 40.207783633000105 ], [ 108.52115756200007, 40.208053128000074 ], [ 108.520618571000057, 40.208053128000053 ], [ 108.520618573000021, 40.208322623000043 ], [ 108.520349078000024, 40.208322623000051 ], [ 108.520349078000038, 40.208592117000094 ], [ 108.520079584000072, 40.208592117000059 ] ], [ [ 108.521696551000019, 40.208322623000043 ], [ 108.521696550000044, 40.208053128000074 ], [ 108.522235540000054, 40.208053128000074 ], [ 108.522235539000093, 40.208322623000051 ], [ 108.521696551000019, 40.208322623000043 ] ], [ [ 108.526547453000035, 40.207514138000057 ], [ 108.526547454000109, 40.207244645000074 ], [ 108.525738970000077, 40.207244645000074 ], [ 108.525738971000067, 40.206705655000079 ], [ 108.526547453, 40.206705655000071 ], [ 108.526547453000049, 40.206975149000073 ], [ 108.526816947000057, 40.206975149000087 ], [ 108.526816947000043, 40.207514138000057 ], [ 108.526547453000035, 40.207514138000057 ] ], [ [ 108.527894926000059, 40.207514138000057 ], [ 108.527894927000048, 40.207244645000031 ], [ 108.528164421000071, 40.207244645000053 ], [ 108.528164420000067, 40.2075141380001 ], [ 108.527894926000059, 40.207514138000057 ] ], [ [ 108.528433916000026, 40.207244645000053 ], [ 108.528433915000065, 40.206975149000066 ], [ 108.528164420000067, 40.206975149000073 ], [ 108.528164421000042, 40.20643616100007 ], [ 108.527894927000062, 40.20643616100002 ], [ 108.52789492700002, 40.206166666000058 ], [ 108.528703411000023, 40.206166666000058 ], [ 108.52870341200007, 40.206436161000056 ], [ 108.528433916000068, 40.20643616100007 ], [ 108.528433915000036, 40.206705655000071 ], [ 108.529242400000044, 40.206705655000079 ], [ 108.529242399000054, 40.206975149000051 ], [ 108.528972905000032, 40.206975149000101 ], [ 108.528972905000074, 40.207244645000074 ], [ 108.528433916000026, 40.207244645000053 ] ], [ [ 108.524660992000065, 40.205627677000045 ], [ 108.524660992000051, 40.206166666000065 ], [ 108.524122002000084, 40.206166666000058 ], [ 108.524122003000045, 40.205897171000039 ], [ 108.524391497000096, 40.205897171000082 ], [ 108.524391497000082, 40.205627677000066 ], [ 108.524660992000065, 40.205627677000045 ], [ 108.524660992000094, 40.205088688000018 ], [ 108.524391498000085, 40.205088688000032 ], [ 108.524391498000043, 40.204819193000013 ], [ 108.524122003000059, 40.204819193000027 ], [ 108.524122003000045, 40.20454969900004 ], [ 108.524660992000094, 40.20454969900004 ], [ 108.524660991000104, 40.204819193000027 ], [ 108.525199980000068, 40.204819193000056 ], [ 108.525199980000068, 40.204549699000012 ], [ 108.525469475000079, 40.204549699000076 ], [ 108.525469475000065, 40.204819193000048 ], [ 108.526277959000083, 40.204819193000048 ], [ 108.526277960000073, 40.205088688000032 ], [ 108.52654745500007, 40.205088688000053 ], [ 108.526547454000095, 40.20643616100007 ], [ 108.526008464000057, 40.20643616100002 ], [ 108.526008464000071, 40.206166666000058 ], [ 108.525738970000106, 40.206166666000065 ], [ 108.525738970000106, 40.205358182000076 ], [ 108.525199981000057, 40.205358182000076 ], [ 108.525199981000071, 40.205627677000045 ], [ 108.524660992000065, 40.205627677000045 ] ], [ [ 108.530859368000037, 40.205358182000047 ], [ 108.530859368000051, 40.205088688000032 ], [ 108.531128863000049, 40.205088688000032 ], [ 108.53112886200006, 40.20535818200009 ], [ 108.530859368000037, 40.205358182000047 ] ], [ [ 108.530050884000076, 40.205088688000032 ], [ 108.530050884000062, 40.204819193 ], [ 108.530320377000066, 40.204819193000027 ], [ 108.530320378000042, 40.205088688000032 ], [ 108.530050884000076, 40.205088688000032 ] ], [ [ 108.522235540000068, 40.204549699000061 ], [ 108.522235540000082, 40.204819193000048 ], [ 108.521696552000037, 40.204819193000027 ], [ 108.521696551000048, 40.204280204000064 ], [ 108.52196604600006, 40.204280204000092 ], [ 108.521966047000021, 40.204549699000061 ], [ 108.522235540000068, 40.204549699000061 ] ], [ [ 108.518462616000079, 40.204549699000061 ], [ 108.518462616000093, 40.204819193000027 ], [ 108.51873211200008, 40.204819193000027 ], [ 108.518732111000091, 40.205358182000076 ], [ 108.517923627000087, 40.205358182000076 ], [ 108.517923627000101, 40.204819193000048 ], [ 108.51765413300005, 40.204819193000048 ], [ 108.51765413300005, 40.20428020400005 ], [ 108.518193121000095, 40.204280204000057 ], [ 108.518193122000056, 40.204549699000061 ], [ 108.518462616000079, 40.204549699000061 ] ], [ [ 108.515228682000028, 40.20428020400005 ], [ 108.514959186000084, 40.20428020400005 ], [ 108.514959187000059, 40.203741214000047 ], [ 108.515228681000082, 40.203741214000047 ], [ 108.515228682000028, 40.20428020400005 ], [ 108.516037165000085, 40.204280204000057 ], [ 108.516037165000071, 40.20481919300007 ], [ 108.515498176000079, 40.204819193000056 ], [ 108.515498177000055, 40.204549699000012 ], [ 108.515228682000028, 40.204549699000061 ], [ 108.515228682000028, 40.20428020400005 ] ], [ [ 108.516576154000077, 40.204010709000059 ], [ 108.51630665900008, 40.204010709000102 ], [ 108.516306660000069, 40.20374121400004 ], [ 108.516037165000071, 40.20374121400009 ], [ 108.516037165000057, 40.203471720000081 ], [ 108.516576153000088, 40.203471720000032 ], [ 108.516576154000077, 40.204010709000059 ], [ 108.517384638000053, 40.204010709000038 ], [ 108.517384638000067, 40.204280204000035 ], [ 108.516576154000077, 40.20428020400005 ], [ 108.516576154000077, 40.204010709000059 ] ], [ [ 108.520349078000024, 40.20374121400004 ], [ 108.519540594000034, 40.20374121400009 ], [ 108.519540594000048, 40.203471720000032 ], [ 108.519271100000083, 40.203471720000081 ], [ 108.519271100000068, 40.203202226000066 ], [ 108.518732111000077, 40.203202226000066 ], [ 108.518732111000077, 40.202932731000075 ], [ 108.519271101000086, 40.202932731000026 ], [ 108.519271100000068, 40.203202226000066 ], [ 108.51954059500008, 40.203202226000023 ], [ 108.519540594000048, 40.203471720000032 ], [ 108.520349078000052, 40.203471720000032 ], [ 108.520349078000024, 40.20374121400004 ], [ 108.52061857200006, 40.203741214000061 ], [ 108.52061857200006, 40.204010709000059 ], [ 108.520349079000113, 40.204010709000059 ], [ 108.520349078000024, 40.20374121400004 ] ], [ [ 108.523852507000086, 40.203471720000053 ], [ 108.523313519000055, 40.20347172000001 ], [ 108.523313518000094, 40.203202226000016 ], [ 108.523852507000072, 40.203202226000059 ], [ 108.523852507000086, 40.203471720000053 ], [ 108.524660991000104, 40.203471720000032 ], [ 108.524660991000061, 40.203741214000047 ], [ 108.5238525070001, 40.203741214000019 ], [ 108.523852507000086, 40.203471720000053 ] ], [ [ 108.526277959000112, 40.203202226000016 ], [ 108.526277959000112, 40.202663236000028 ], [ 108.526816947000057, 40.202663236000049 ], [ 108.526816948000047, 40.202932731000075 ], [ 108.527355938000099, 40.202932731000026 ], [ 108.527355938000071, 40.203202226000016 ], [ 108.526277959000112, 40.203202226000016 ] ], [ [ 108.524122002000055, 40.202124247000029 ], [ 108.524122003000059, 40.202932731000026 ], [ 108.523852507000086, 40.202932731000075 ], [ 108.523852506000097, 40.202663236000028 ], [ 108.523313518000066, 40.202663236 ], [ 108.523313518000066, 40.201854753000049 ], [ 108.523852508000061, 40.201854753000106 ], [ 108.523852506000097, 40.202124247000029 ], [ 108.524122002000055, 40.202124247000029 ] ], [ [ 108.525199980000068, 40.201585259000048 ], [ 108.525469476000083, 40.201585259000083 ], [ 108.525469475000094, 40.202124247000029 ], [ 108.5260084640001, 40.202124247000022 ], [ 108.526008465000075, 40.202393742000027 ], [ 108.525469475000108, 40.202393742000027 ], [ 108.525469475000094, 40.202124247000029 ], [ 108.525199980000096, 40.202124247000022 ], [ 108.525199980000068, 40.201585259000048 ], [ 108.524930486000088, 40.201585259000034 ], [ 108.524930486000088, 40.201854753000092 ], [ 108.524391497000082, 40.20185475300007 ], [ 108.524391498000057, 40.201315764000071 ], [ 108.525199980000082, 40.201315764000071 ], [ 108.525199980000068, 40.201585259000048 ] ], [ [ 108.518462615000061, 40.202124247000029 ], [ 108.518462615000018, 40.202663236000049 ], [ 108.518193121000067, 40.202663236000028 ], [ 108.518193121000095, 40.202124247000029 ], [ 108.518462615000061, 40.202124247000029 ] ], [ [ 108.510377779000081, 40.202393742000027 ], [ 108.510377779000095, 40.202745288006469 ], [ 108.50970706924393, 40.20239374302043 ], [ 108.510377779000081, 40.202393742000027 ] ], [ [ 108.510647273000103, 40.202891178975385 ], [ 108.510647273000103, 40.202393742000069 ], [ 108.511455757000064, 40.202393742000027 ], [ 108.511455756000117, 40.202663236000028 ], [ 108.511186262000095, 40.202663236000028 ], [ 108.511186263000084, 40.202932731000026 ], [ 108.510716743340637, 40.202932731121884 ], [ 108.510647273000103, 40.202891178975385 ] ], [ [ 108.521427056000036, 40.202663236000049 ], [ 108.520888068000048, 40.202663236000049 ], [ 108.520888068000033, 40.202393742000048 ], [ 108.52142705600005, 40.202393742000027 ], [ 108.521427056000036, 40.202663236000049 ], [ 108.521696551000048, 40.202663236000049 ], [ 108.521696551000076, 40.202932731000026 ], [ 108.521427057000054, 40.202932731000026 ], [ 108.521427056000036, 40.202663236000049 ] ], [ [ 108.517115143000069, 40.202932731000075 ], [ 108.517115144000059, 40.203202226000023 ], [ 108.516037165000057, 40.203202226000052 ], [ 108.516037166000061, 40.202932731000026 ], [ 108.517115143000069, 40.202932731000075 ] ], [ [ 108.522235540000068, 40.202932731000047 ], [ 108.522235541000043, 40.203202226000052 ], [ 108.521966046000031, 40.203202226000023 ], [ 108.521966046000031, 40.202932731000075 ], [ 108.522235540000068, 40.202932731000047 ] ], [ [ 108.514420197000064, 40.204819193000048 ], [ 108.514420197000035, 40.205509108682826 ], [ 108.514222256339451, 40.205356262883491 ], [ 108.514076488006125, 40.20525713276276 ], [ 108.513931318682452, 40.2051297649177 ], [ 108.513072725000072, 40.204466759867771 ], [ 108.513072725000086, 40.204280204000092 ], [ 108.51388120700004, 40.204280204000035 ], [ 108.513881207000082, 40.20454969900004 ], [ 108.514150703000041, 40.204549699000061 ], [ 108.514150703000041, 40.204819193000027 ], [ 108.514420197000064, 40.204819193000048 ] ], [ [ 108.515498175000076, 40.206166666000058 ], [ 108.515498175736965, 40.206365256978273 ], [ 108.51527218098424, 40.20616698325626 ], [ 108.515271770456991, 40.20616666626438 ], [ 108.515498175000076, 40.206166666000058 ], [ 108.515498176000037, 40.205897171000039 ], [ 108.515228682000057, 40.205897171000082 ], [ 108.515228682000057, 40.205358182000076 ], [ 108.514959187000045, 40.205358182000076 ], [ 108.514959187000031, 40.205088688000032 ], [ 108.515498176000051, 40.205088688000032 ], [ 108.515498176000051, 40.205358182000047 ], [ 108.516037165000057, 40.205358182000076 ], [ 108.516037165000085, 40.205627677000045 ], [ 108.516306660000069, 40.205627677000045 ], [ 108.516306660000069, 40.206166666000058 ], [ 108.515498175000076, 40.206166666000058 ] ], [ [ 108.517654132000075, 40.206166666000065 ], [ 108.517654132000075, 40.205897171000089 ], [ 108.517923626000083, 40.205897171000039 ], [ 108.517923627000073, 40.206166666000044 ], [ 108.517654132000075, 40.206166666000065 ] ], [ [ 108.521966047000049, 40.205627677000045 ], [ 108.521966046000031, 40.205088688000032 ], [ 108.522235540000082, 40.205088688000075 ], [ 108.52223553900005, 40.205358182000076 ], [ 108.522505036000041, 40.205358182000047 ], [ 108.522505035000052, 40.205088688000032 ], [ 108.523044024000058, 40.205088688000032 ], [ 108.523044024000058, 40.205358182000047 ], [ 108.523313519000055, 40.20535818200009 ], [ 108.523313518000066, 40.205897171000039 ], [ 108.522505034000062, 40.205897171000089 ], [ 108.522505035000037, 40.205627677000081 ], [ 108.521966047000049, 40.205627677000045 ] ], [ [ 108.516306659000051, 40.205088688000082 ], [ 108.516306659000065, 40.204819193000056 ], [ 108.516576154000091, 40.204819193000048 ], [ 108.516576154000091, 40.205088688000032 ], [ 108.516306659000051, 40.205088688000082 ] ], [ [ 108.514959187000059, 40.205897171000089 ], [ 108.514959186895695, 40.205925301257608 ], [ 108.514922756640502, 40.205897171068486 ], [ 108.514959187000059, 40.205897171000089 ] ], [ [ 108.519810089000089, 40.204819193000048 ], [ 108.519540594000048, 40.204819193000027 ], [ 108.519540595000095, 40.204549699000061 ], [ 108.519810089000089, 40.204549699000061 ], [ 108.519810089000089, 40.204819193000048 ], [ 108.520079583000054, 40.204819193000027 ], [ 108.520079584000086, 40.205088688000032 ], [ 108.519810090000107, 40.205088688000032 ], [ 108.519810089000089, 40.204819193000048 ] ], [ [ 108.524930486000059, 40.207244645000017 ], [ 108.524930485000084, 40.207514138000036 ], [ 108.5238525070001, 40.207514138000043 ], [ 108.523852507000072, 40.206975149000101 ], [ 108.524391496000092, 40.206975149000087 ], [ 108.524391497000082, 40.207244645000017 ], [ 108.524930486000059, 40.207244645000017 ] ], [ [ 108.515767671000049, 40.206436161000056 ], [ 108.515767671000063, 40.2066016934928 ], [ 108.51557899344219, 40.206436161056978 ], [ 108.515767671000049, 40.206436161000056 ] ], [ [ 108.516576154000049, 40.206705655000079 ], [ 108.516576153000059, 40.206975149000066 ], [ 108.516306659000051, 40.206975149000087 ], [ 108.516306659394317, 40.207081402728775 ], [ 108.516250687839673, 40.207025454053102 ], [ 108.515886169563743, 40.206705655305456 ], [ 108.516576154000049, 40.206705655000079 ] ], [ [ 108.516576155000052, 40.207244645000031 ], [ 108.516576154212345, 40.207350785911331 ], [ 108.516469969087836, 40.207244645064854 ], [ 108.516576155000052, 40.207244645000031 ] ], [ [ 108.111396804746676, 40.234383208915723 ], [ 108.111190576881341, 40.234661134973813 ], [ 108.111130036516613, 40.23463426152059 ], [ 108.11081136641991, 40.234495277030753 ], [ 108.110648778662167, 40.234430627894874 ], [ 108.110689055105041, 40.234109231067876 ], [ 108.110721240784471, 40.233787333364205 ], [ 108.110745324613191, 40.233465046733599 ], [ 108.110761298321862, 40.233142483259741 ], [ 108.110769156461927, 40.232819755120879 ], [ 108.110768896407393, 40.23249697455087 ], [ 108.110760518355406, 40.232174253800459 ], [ 108.110744025326312, 40.231851705097782 ], [ 108.110665507372971, 40.23059510522387 ], [ 108.11058382888659, 40.229738070853685 ], [ 108.110549918430905, 40.229540418275946 ], [ 108.110805519345675, 40.229776541835847 ], [ 108.111067195536037, 40.23000897867486 ], [ 108.111334850340498, 40.230237642879196 ], [ 108.11160838488513, 40.230462449928709 ], [ 108.111887698119887, 40.230683316727934 ], [ 108.112172686856141, 40.230900161637287 ], [ 108.112463245804534, 40.231112904502986 ], [ 108.112759267614081, 40.231321466686694 ], [ 108.113060642911876, 40.231525771094766 ], [ 108.113367260343196, 40.23172574220677 ], [ 108.113552282476192, 40.232021445591279 ], [ 108.113287128841279, 40.232270385813756 ], [ 108.113028192393799, 40.232522898710144 ], [ 108.112775560729318, 40.232778898923399 ], [ 108.112529319314774, 40.233038299916409 ], [ 108.112289551459526, 40.233301014001874 ], [ 108.112056338287331, 40.233566952371206 ], [ 108.111829758708495, 40.233836025125015 ], [ 108.111609889393478, 40.234108141303118 ], [ 108.111396804746676, 40.234383208915723 ] ], [ [ 108.509299800219765, 40.202183456177899 ], [ 108.509170101242006, 40.202124247198299 ], [ 108.509299800000093, 40.202124247000029 ], [ 108.509299800219765, 40.202183456177899 ] ], [ [ 108.516306660000041, 40.201585259000048 ], [ 108.516037166000046, 40.201585259000076 ], [ 108.516037165000057, 40.2013157640001 ], [ 108.51630665900008, 40.2013157640001 ], [ 108.516306660000041, 40.201585259000048 ], [ 108.516845649000061, 40.201585259000034 ], [ 108.516845649000061, 40.20185475300007 ], [ 108.516306659000051, 40.201854753000077 ], [ 108.516306660000041, 40.201585259000048 ] ], [ [ 108.515767670000045, 40.2013157640001 ], [ 108.515767671000049, 40.201585259000048 ], [ 108.515228681000053, 40.201585259000048 ], [ 108.515228682000057, 40.201854753000092 ], [ 108.514959186000041, 40.201854753000106 ], [ 108.514959186000041, 40.201585259000048 ], [ 108.514689692000047, 40.201585259000034 ], [ 108.514689691000044, 40.200507279000064 ], [ 108.514420196000074, 40.200507279000092 ], [ 108.514420197000049, 40.20023778500007 ], [ 108.515498176000065, 40.200237785000063 ], [ 108.515498176000051, 40.200507279000064 ], [ 108.515767669000084, 40.200507279000064 ], [ 108.515767671000063, 40.20104626800002 ], [ 108.515498176000051, 40.20104626800002 ], [ 108.515498176000037, 40.2013157640001 ], [ 108.515767670000045, 40.2013157640001 ] ], [ [ 108.510377779000052, 40.201585259000048 ], [ 108.510377779000052, 40.201854753000106 ], [ 108.50983879000006, 40.201854753000077 ], [ 108.509838789000085, 40.201315764000071 ], [ 108.510108283000065, 40.2013157640001 ], [ 108.510108284000097, 40.201585259000048 ], [ 108.510377779000052, 40.201585259000048 ] ], [ [ 108.110458564298199, 40.204467475617143 ], [ 108.111409980639905, 40.204089749096504 ], [ 108.111147239690354, 40.204300767907633 ], [ 108.110890363367233, 40.204515722788024 ], [ 108.110639458867638, 40.204734524080727 ], [ 108.110394630900529, 40.204957080523435 ], [ 108.11015598164289, 40.20518329928673 ], [ 108.109923610697393, 40.205413086012705 ], [ 108.109697615050635, 40.205646344854252 ], [ 108.109478089032478, 40.205882978515064 ], [ 108.10892377429613, 40.20501833406189 ], [ 108.110250722179558, 40.204542872760996 ], [ 108.110458564298199, 40.204467475617143 ] ], [ [ 108.480194384000072, 40.159544103000073 ], [ 108.480194385000047, 40.159274608000068 ], [ 108.480463879000098, 40.159274608000011 ], [ 108.480463879000084, 40.159544102000048 ], [ 108.480194384000072, 40.159544103000073 ] ], [ [ 108.471570557000078, 40.149842297000035 ], [ 108.471570557000078, 40.149572803 ], [ 108.472109547000045, 40.149572803000055 ], [ 108.472109547000059, 40.150111793000072 ], [ 108.471840052000076, 40.150111792000075 ], [ 108.471840052000076, 40.149842297000056 ], [ 108.471570557000078, 40.149842297000035 ] ], [ [ 108.434649799000042, 40.141757460000086 ], [ 108.434649800000045, 40.141487966000042 ], [ 108.434919294000053, 40.141487965000103 ], [ 108.434919293000078, 40.14121847100008 ], [ 108.435188789000065, 40.141218471000059 ], [ 108.435188788000048, 40.140948976000089 ], [ 108.43545828300006, 40.140948976000033 ], [ 108.43545828300006, 40.140679482000046 ], [ 108.435997273000083, 40.140679481000092 ], [ 108.435997272000066, 40.140948976000061 ], [ 108.43626676600006, 40.140948976000061 ], [ 108.436266767000077, 40.141218471000059 ], [ 108.435727778000071, 40.141218471000059 ], [ 108.435727778000071, 40.141487966000042 ], [ 108.435188788000076, 40.141487966000128 ], [ 108.435188788000062, 40.141757460000093 ], [ 108.434649799000042, 40.141757460000086 ], [ 108.434649799000056, 40.142296449000099 ], [ 108.434380305000033, 40.142296449000078 ], [ 108.434380304000086, 40.142565944000054 ], [ 108.435188788000062, 40.142565944000097 ], [ 108.435188788000076, 40.143643922000088 ], [ 108.434649800000059, 40.143643922000088 ], [ 108.434649799000042, 40.143913417000078 ], [ 108.435727778000057, 40.143913417000078 ], [ 108.435727778000071, 40.143104933000075 ], [ 108.436266767000077, 40.143104933000075 ], [ 108.436266767000092, 40.142565944000097 ], [ 108.437344746000051, 40.142565944000069 ], [ 108.43734474500009, 40.142296449000099 ], [ 108.437883734000067, 40.142296449000078 ], [ 108.437883734000081, 40.142026954000066 ], [ 108.438153229000079, 40.142026955000091 ], [ 108.438153229000093, 40.142296449000099 ], [ 108.438422723000116, 40.142296449000035 ], [ 108.438422724000077, 40.142026955000077 ], [ 108.43923120700002, 40.142026955000048 ], [ 108.439231208000095, 40.141757460000086 ], [ 108.438961713000111, 40.141757460000086 ], [ 108.438961713000083, 40.141218471000059 ], [ 108.438692218000099, 40.141218471000059 ], [ 108.438692219000075, 40.140948976000061 ], [ 108.438153229000108, 40.140948976000089 ], [ 108.438153229000065, 40.140679481000092 ], [ 108.437883734000067, 40.140679481000063 ], [ 108.437883735000085, 40.140409987000076 ], [ 108.438422723000087, 40.140409987000034 ], [ 108.438422723000073, 40.140679482000046 ], [ 108.438692218000085, 40.140679482000046 ], [ 108.438692219000075, 40.140948976000061 ], [ 108.438961713000083, 40.140948976000033 ], [ 108.438961713000083, 40.141218471000059 ], [ 108.439500702000117, 40.141218470000112 ], [ 108.439500702000117, 40.141487966000128 ], [ 108.439770196000055, 40.141487966000042 ], [ 108.43977019600004, 40.14202695400008 ], [ 108.440039692000113, 40.142026955000091 ], [ 108.440039691000067, 40.142296450000046 ], [ 108.440578680000044, 40.142296449000078 ], [ 108.440578680000044, 40.142565944000097 ], [ 108.44111766900005, 40.142565944000069 ], [ 108.441117670000054, 40.142835438000091 ], [ 108.440309186000022, 40.142835439000052 ], [ 108.440309186000036, 40.143643922000066 ], [ 108.440578681000019, 40.143643922000066 ], [ 108.440578680000044, 40.144721901 ], [ 108.440848175000028, 40.144721901000061 ], [ 108.440848175000042, 40.144991395000048 ], [ 108.440578680000058, 40.144991395000019 ], [ 108.440578680000044, 40.145530383000015 ], [ 108.440848175000056, 40.145530384000061 ], [ 108.440848174000038, 40.145799879000052 ], [ 108.441387164000062, 40.145799878000041 ], [ 108.441387163000059, 40.146069373000088 ], [ 108.442465142000074, 40.14606937300001 ], [ 108.442465142000074, 40.145799879000045 ], [ 108.441926154000015, 40.145799879000052 ], [ 108.441926153000054, 40.14553038400004 ], [ 108.441656659000074, 40.145530384000061 ], [ 108.441656659000046, 40.145260889000063 ], [ 108.441387164000062, 40.145260889000063 ], [ 108.441387164000034, 40.144991395000048 ], [ 108.441117670000068, 40.144991395000019 ], [ 108.44111766900005, 40.1447219 ], [ 108.441656659000031, 40.144721901000047 ], [ 108.441656659000046, 40.145260889000063 ], [ 108.442195647000062, 40.145260890000067 ], [ 108.442195648000066, 40.145530384 ], [ 108.443543120000101, 40.145530384000047 ], [ 108.443543121000062, 40.145260890000067 ], [ 108.443812615000084, 40.145260889000063 ], [ 108.44381261500007, 40.14553038400004 ], [ 108.443543120000101, 40.145530384000047 ], [ 108.443543121000076, 40.145799878000041 ], [ 108.443004132000041, 40.145799879 ], [ 108.443004131000066, 40.146069373000053 ], [ 108.442734637000086, 40.146069373000088 ], [ 108.442734637000044, 40.146608362000045 ], [ 108.442195648000066, 40.146608363 ], [ 108.442195648000038, 40.147147352000076 ], [ 108.441926153000082, 40.147147352000076 ], [ 108.441926153000082, 40.147416846000041 ], [ 108.441656658000085, 40.147416846000041 ], [ 108.441656658000085, 40.147955835000062 ], [ 108.441387164000034, 40.147955835000047 ], [ 108.441387164000034, 40.148225330000081 ], [ 108.441926153000054, 40.148225330000074 ], [ 108.44192615300004, 40.147955835000047 ], [ 108.442465142000088, 40.147955835000083 ], [ 108.442465142000074, 40.147686341000068 ], [ 108.442734637000058, 40.14768634100011 ], [ 108.442734637000044, 40.148225330000081 ], [ 108.443004131000052, 40.148225330000081 ], [ 108.443004131000052, 40.148494824000082 ], [ 108.44327362600005, 40.14849482500005 ], [ 108.443273626000064, 40.148764319000072 ], [ 108.443543121000062, 40.148764319000087 ], [ 108.443543121000076, 40.149572803000055 ], [ 108.444082110000096, 40.14957280300009 ], [ 108.444082109000078, 40.149842298000067 ], [ 108.444351604000076, 40.149842297000077 ], [ 108.444351604000062, 40.149856156052572 ], [ 108.444082109000092, 40.149926048040221 ], [ 108.444082109000078, 40.149842298000067 ], [ 108.443543121000062, 40.149842299000071 ], [ 108.443543121000076, 40.149572803000055 ], [ 108.44327362600005, 40.149572803000048 ], [ 108.44327362600005, 40.149303309000082 ], [ 108.443004132000084, 40.149303309000032 ], [ 108.443004132000041, 40.14876431900003 ], [ 108.442734637000072, 40.148764320000119 ], [ 108.442734637000044, 40.148225330000081 ], [ 108.442195647000062, 40.148225330000081 ], [ 108.442195648000038, 40.1484948250001 ], [ 108.44165665800007, 40.148494825000071 ], [ 108.441656658000085, 40.149033813000052 ], [ 108.441926153000068, 40.149033814000077 ], [ 108.441926153000068, 40.149303309000082 ], [ 108.442195648000052, 40.149303308000114 ], [ 108.442195647000077, 40.149572803000055 ], [ 108.442465142000074, 40.149572803000027 ], [ 108.442465142000088, 40.150111792000068 ], [ 108.44300413100008, 40.150111791000036 ], [ 108.443004131000066, 40.150222325529562 ], [ 108.442109100644444, 40.150502879958324 ], [ 108.441363351638216, 40.150332551310946 ], [ 108.439890514329861, 40.150070734473822 ], [ 108.438398277842282, 40.149878760551999 ], [ 108.436892646751943, 40.149757401971314 ], [ 108.43537967941684, 40.149707147026596 ], [ 108.434269291157719, 40.149717813325452 ], [ 108.433895446016948, 40.14864135905696 ], [ 108.433418785749566, 40.147574416596882 ], [ 108.432851930034516, 40.146532059921022 ], [ 108.432197164558772, 40.14551848502397 ], [ 108.431548433555889, 40.144658772954919 ], [ 108.431989627960007, 40.144211345060093 ], [ 108.432804731387563, 40.143263998628321 ], [ 108.433324467895034, 40.142565943102731 ], [ 108.433571821000044, 40.142565944000097 ], [ 108.433571821000044, 40.142296449000078 ], [ 108.434110811000039, 40.142296449000099 ], [ 108.434110810000064, 40.141757460000093 ], [ 108.434649799000042, 40.141757460000086 ] ], [ [ 108.471301063000041, 40.148225330000081 ], [ 108.471301063000055, 40.147955835000097 ], [ 108.471570558000053, 40.147955836000058 ], [ 108.471570557000064, 40.148225330000024 ], [ 108.471301063000041, 40.148225330000081 ] ], [ [ 108.47588247100002, 40.147686341000068 ], [ 108.475882471000048, 40.146338868000072 ], [ 108.475343482000113, 40.146338868000036 ], [ 108.475343482000113, 40.146069374000035 ], [ 108.476151965000057, 40.146069374000035 ], [ 108.476151965000042, 40.147686341000068 ], [ 108.47588247100002, 40.147686341000068 ] ], [ [ 108.472379041000053, 40.146338868000079 ], [ 108.472379041000067, 40.146608363000041 ], [ 108.471840052000061, 40.146608363000041 ], [ 108.47184005200009, 40.146338868000079 ], [ 108.472379041000053, 40.146338868000079 ], [ 108.472379041000067, 40.145799879000045 ], [ 108.472648536000065, 40.145799879000052 ], [ 108.472648536000094, 40.146069373000088 ], [ 108.472918030000088, 40.146069373000053 ], [ 108.472918030000088, 40.146338868000072 ], [ 108.472379041000053, 40.146338868000079 ] ], [ [ 108.470492579000037, 40.147147352000076 ], [ 108.470492579000037, 40.147416846000041 ], [ 108.46995359000006, 40.147416847000038 ], [ 108.469953589000056, 40.147147352000026 ], [ 108.470492579000037, 40.147147352000076 ] ], [ [ 108.45081947500006, 40.145530384 ], [ 108.45081947500006, 40.145260890000031 ], [ 108.451088969000054, 40.145260889000063 ], [ 108.451088969000082, 40.145530384000011 ], [ 108.45081947500006, 40.145530384 ] ], [ [ 108.471840052000047, 40.143643922000088 ], [ 108.471840052000076, 40.143374428000058 ], [ 108.472109546000098, 40.143374427000055 ], [ 108.472109547000059, 40.14364392300007 ], [ 108.471840052000047, 40.143643922000088 ] ], [ [ 108.448394023000048, 40.143643922000088 ], [ 108.448394023000048, 40.143104933000075 ], [ 108.448663518000046, 40.143104933000075 ], [ 108.448663518000046, 40.143374427 ], [ 108.448933013000072, 40.143374428000087 ], [ 108.44893301300003, 40.143643922000066 ], [ 108.448394023000048, 40.143643922000088 ] ], [ [ 108.447046550000039, 40.143104933000082 ], [ 108.447046550000039, 40.142835438000091 ], [ 108.447316045000065, 40.142835439000081 ], [ 108.447316044000033, 40.143104932000043 ], [ 108.447046550000039, 40.143104933000082 ] ], [ [ 108.448124529000026, 40.142296449000078 ], [ 108.44812452900004, 40.142026955000063 ], [ 108.448394023000063, 40.142026955000048 ], [ 108.448394023000063, 40.142296449000099 ], [ 108.448124529000026, 40.142296449000078 ], [ 108.448124528000037, 40.142565944000054 ], [ 108.447855034000028, 40.142565943000108 ], [ 108.447855034000028, 40.14229644900005 ], [ 108.448124529000026, 40.142296449000078 ] ], [ [ 108.471301063000041, 40.141757460000093 ], [ 108.47130106300007, 40.141487966000064 ], [ 108.471570558000039, 40.141487966000064 ], [ 108.471570557000049, 40.141757460000036 ], [ 108.471301063000041, 40.141757460000093 ] ], [ [ 108.442195648000038, 40.142026955000112 ], [ 108.442195648000052, 40.141487965000103 ], [ 108.442465142000046, 40.141487966000042 ], [ 108.44246514200006, 40.141757460000086 ], [ 108.44300413200007, 40.141757460000093 ], [ 108.443004131000095, 40.142026955000091 ], [ 108.442195648000038, 40.142026955000112 ] ], [ [ 108.443543120000058, 40.141218471000059 ], [ 108.443543121000047, 40.140948977000107 ], [ 108.444082110000068, 40.140948976000089 ], [ 108.444082110000068, 40.141218470000062 ], [ 108.443543120000058, 40.141218471000059 ], [ 108.443543120000086, 40.14148796500006 ], [ 108.443273626000092, 40.14148796500006 ], [ 108.443273627000082, 40.141218471000059 ], [ 108.443543120000058, 40.141218471000059 ] ], [ [ 108.44435160400009, 40.140679482000046 ], [ 108.44435160500008, 40.140409987000098 ], [ 108.444621099000059, 40.140409988000016 ], [ 108.444621099000059, 40.140679482000046 ], [ 108.44435160400009, 40.140679482000046 ] ], [ [ 108.436536261000072, 40.141757460000036 ], [ 108.436536262000047, 40.142026954000094 ], [ 108.436266767000077, 40.14202695400008 ], [ 108.436266767000092, 40.141757460000086 ], [ 108.436536261000072, 40.141757460000036 ] ], [ [ 108.435997272000051, 40.142565944000054 ], [ 108.43599727200008, 40.142835438000077 ], [ 108.435727777000054, 40.142835438000056 ], [ 108.435727778000071, 40.142565943000108 ], [ 108.435997272000051, 40.142565944000054 ] ], [ [ 108.470223084000068, 40.138793019000047 ], [ 108.470223085000057, 40.138523525000068 ], [ 108.470762074000078, 40.138523525000053 ], [ 108.470762073000074, 40.138793019000012 ], [ 108.470223084000068, 40.138793019000047 ] ], [ [ 108.446777056000101, 40.138793020000023 ], [ 108.446777056000073, 40.138523525000032 ], [ 108.447316045000036, 40.138523525000068 ], [ 108.447316045000065, 40.138793019000069 ], [ 108.446777056000101, 40.138793020000023 ] ], [ [ 108.449472001000089, 40.13744554700002 ], [ 108.448663517000071, 40.137445547000034 ], [ 108.448663518000032, 40.136906558000035 ], [ 108.448933012000055, 40.136906557000017 ], [ 108.44893301200004, 40.137176052000022 ], [ 108.449472001000075, 40.137176052000065 ], [ 108.449472001000089, 40.13744554700002 ], [ 108.449741496000044, 40.137445546000016 ], [ 108.449741496000044, 40.137984535 ], [ 108.449472002000078, 40.137984535000058 ], [ 108.449472001000089, 40.13744554700002 ] ], [ [ 108.469953590000031, 40.13663706300008 ], [ 108.469953590000074, 40.136367568000011 ], [ 108.470223084000068, 40.136367568000033 ], [ 108.470223085000043, 40.136637063000101 ], [ 108.469953590000031, 40.13663706300008 ] ], [ [ 108.46995359000006, 40.133133633000064 ], [ 108.46995359000006, 40.132864138000066 ], [ 108.470492579000052, 40.132864138000095 ], [ 108.470492579000037, 40.133133634000039 ], [ 108.46995359000006, 40.133133633000064 ] ], [ [ 108.471570557000049, 40.129630204000058 ], [ 108.471570558000067, 40.129360709000046 ], [ 108.471840052000061, 40.129360709000046 ], [ 108.471840052000076, 40.129630203000012 ], [ 108.471570557000049, 40.129630204000058 ] ], [ [ 108.448124528000051, 40.119658904000026 ], [ 108.448124529000026, 40.119389409000078 ], [ 108.448394023000034, 40.11938941100005 ], [ 108.448394023000048, 40.119658904000097 ], [ 108.448124528000051, 40.119658904000026 ] ], [ [ 108.446238066000021, 40.119389409000071 ], [ 108.446238066000035, 40.119658904000026 ], [ 108.445968572000069, 40.119658904000069 ], [ 108.445968572000055, 40.119389410000068 ], [ 108.445429583000063, 40.119389410000018 ], [ 108.445429582000102, 40.119119914000073 ], [ 108.445699078000075, 40.119119915000049 ], [ 108.445699077000114, 40.118850420000058 ], [ 108.445968572000069, 40.118850420000044 ], [ 108.445968572000069, 40.11911991500007 ], [ 108.446507561000033, 40.119119915000049 ], [ 108.446507561000033, 40.119389410000039 ], [ 108.446238066000021, 40.119389409000071 ] ], [ [ 108.452436442000078, 40.11911991500007 ], [ 108.452436442000092, 40.118850421000076 ], [ 108.452975431000084, 40.118850420000079 ], [ 108.45297543100007, 40.119119915 ], [ 108.452436442000078, 40.11911991500007 ] ], [ [ 108.412012254000047, 40.106453670000057 ], [ 108.412012254000061, 40.106184175000038 ], [ 108.411742759000035, 40.106184175000095 ], [ 108.411742760000038, 40.105914680000055 ], [ 108.411473265000041, 40.105914680000055 ], [ 108.411473266000087, 40.105645186000089 ], [ 108.412281749000059, 40.105645186000096 ], [ 108.412281748000083, 40.105914680000055 ], [ 108.41282073800005, 40.105914680000076 ], [ 108.412820738000065, 40.106184175000081 ], [ 108.413359727000056, 40.106184175000038 ], [ 108.413359728000032, 40.106453669000075 ], [ 108.412012254000047, 40.106453670000057 ] ], [ [ 108.411473265000026, 40.10618417500006 ], [ 108.411473266000073, 40.106453670000079 ], [ 108.409317308000098, 40.106453669000132 ], [ 108.40931730800007, 40.10618417500006 ], [ 108.409047813000072, 40.10618417500006 ], [ 108.409047814000104, 40.105375691000042 ], [ 108.409317308000098, 40.105375691000091 ], [ 108.409317308000112, 40.105106197000055 ], [ 108.410125792000088, 40.105106196000044 ], [ 108.410125792000088, 40.105375691000035 ], [ 108.410664781000051, 40.105375691000042 ], [ 108.410664781000037, 40.105645186000089 ], [ 108.411203770000057, 40.105645186000068 ], [ 108.411203770000071, 40.10618417500006 ], [ 108.411473265000026, 40.10618417500006 ] ], [ [ 108.411473265000069, 40.103758724000031 ], [ 108.410934275000031, 40.10375872300007 ], [ 108.410934276000035, 40.103219734000035 ], [ 108.411473264000037, 40.103219734000035 ], [ 108.411473265000069, 40.103758724000031 ], [ 108.411742759000077, 40.103758723000077 ], [ 108.411742759000035, 40.104028218000039 ], [ 108.412281748000083, 40.104028218000046 ], [ 108.412281749000059, 40.104297713000051 ], [ 108.411473265000041, 40.104297713000044 ], [ 108.411473265000069, 40.103758724000031 ] ], [ [ 108.407969835000102, 40.103219734000035 ], [ 108.407969836000078, 40.102950239000059 ], [ 108.408508825000098, 40.102950240000048 ], [ 108.408508824000066, 40.10321973500001 ], [ 108.407969835000102, 40.103219734000035 ] ], [ [ 108.435458283000074, 40.114538507000034 ], [ 108.435458283000074, 40.114269012000051 ], [ 108.436266766000088, 40.114269012000101 ], [ 108.436266767000063, 40.11453850700007 ], [ 108.435458283000074, 40.114538507000034 ] ], [ [ 108.510108284000054, 40.200776774000062 ], [ 108.510108283000065, 40.200507279000078 ], [ 108.510916767000097, 40.200507279000121 ], [ 108.510916768000072, 40.200776774000047 ], [ 108.511186262000095, 40.200776774000083 ], [ 108.511186262000109, 40.201046268 ], [ 108.510377779000081, 40.20104626800002 ], [ 108.510377778000105, 40.200776774000083 ], [ 108.510108284000054, 40.200776774000062 ] ], [ [ 108.50929980100004, 40.200237785000063 ], [ 108.509299800000065, 40.199698796000057 ], [ 108.510108283000108, 40.199698796000071 ], [ 108.510108283000065, 40.200237785000063 ], [ 108.50929980100004, 40.200237785000063 ] ], [ [ 108.51307272400004, 40.198890312000117 ], [ 108.512533735000062, 40.198890312000067 ], [ 108.512533735000048, 40.198620817000034 ], [ 108.513072724000025, 40.198620817000084 ], [ 108.51307272400004, 40.198890312000117 ], [ 108.513342218000062, 40.198890312000053 ], [ 108.513342218000076, 40.198620817000041 ], [ 108.513611714000035, 40.198620817000062 ], [ 108.513611713000046, 40.199429301000094 ], [ 108.513342219000037, 40.199429301000059 ], [ 108.513342219000037, 40.19915980600004 ], [ 108.513072725000072, 40.199159806000083 ], [ 108.51307272400004, 40.198890312000117 ] ], [ [ 108.523583013000064, 40.201046268000042 ], [ 108.523044025000061, 40.20104626800002 ], [ 108.523044024000086, 40.200776774000047 ], [ 108.523583013000049, 40.200776774000083 ], [ 108.523583013000064, 40.201046268000042 ], [ 108.523852507000086, 40.201046268000042 ], [ 108.523852507000086, 40.2013157640001 ], [ 108.523583013000064, 40.201315764000107 ], [ 108.523583013000064, 40.201046268000042 ] ] ] } }
]
}
