{"type":"FeatureCollection","features":[{"type":"Feature","geometry":{"type":"MultiPolygon","coordinates":[[[[726019.2966577299,4210952.978400607],[725198.8820472225,4210875.273472577],[726202.3970551244,4212331.554886365],[726449.1034523889,4213796.489588708],[727393.3743525721,4214361.749196982],[726478.9984059669,4211506.601994151],[726019.2966577299,4210952.978400607]]],[[[749262.8605013567,4235156.678805865],[748628.5751107282,4234789.812138164],[748663.3350489964,4235524.081635755],[748934.3872756648,4236184.072015433],[749469.8171942004,4236746.595801916],[749570.4339832423,4235925.161375998],[749262.8605013567,4235156.678805865]]],[[[754454.2402071031,4239797.961838277],[753798.1776841971,4239194.221830631],[753258.8973853098,4239491.16307053],[753294.9720029905,4240017.318221519],[753745.6002169012,4240438.9727394525],[754446.1192325769,4240474.968552683],[754454.2402071031,4239797.961838277]]],[[[762633.1892641516,4242189.791969383],[758983.3736039487,4236928.119614873],[758778.4075977964,4237720.113186989],[759399.9046844894,4239273.766087383],[760802.3644493858,4240582.127302814],[762570.6079105134,4242957.130062245],[762633.1892641516,4242189.791969383]]],[[[795053.8202332149,5822205.49695887],[800429.9473662829,5817692.860967534],[804622.3851537604,5816748.796387196],[805487.091911888,5815784.315855033],[805841.4492819877,5811518.636139044],[804813.6308579242,5811093.966386459],[804513.5832908115,5809560.668103632],[809755.1339427284,5806238.005264489],[811612.4017895319,5806809.83740604],[814016.2055426193,5802868.142209457],[813898.4778265408,5801186.483815464],[817207.5439824202,5798469.520695021],[815684.3412592767,5793399.745247771],[810883.6627276047,5789982.72865995],[808068.067025862,5780491.237108762],[804944.3153033348,5778138.929450029],[804987.3507518697,5776278.914823654],[806391.6618461054,5774197.555020136],[805289.2605062118,5772192.8433589535],[799781.567910755,5765452.911045027],[797890.7698441201,5764624.31529096],[795973.8267934752,5759607.735153739],[792085.1508197031,5754670.360727146],[786226.1009110543,5751181.499174199],[785565.4946530311,5748914.3222921],[782774.6101324392,5747227.272919457],[779844.2941962528,5743173.97461443],[782310.0855392338,5741273.467499791],[785899.7078264322,5742582.091093759],[789266.6455612662,5741538.138328319],[792480.3796185427,5737328.665048865],[795497.315869609,5737179.2129607],[796016.7219591563,5735335.892397971],[802648.0538020373,5733177.968312311],[804295.5608017283,5730878.0446699],[807488.4126601106,5731651.155067081],[809456.0629964933,5730021.291438262],[813472.4058203944,5730416.409374971],[815894.3031077259,5728229.701920327],[814861.738160381,5724907.450137319],[818823.1295645647,5721274.232734753],[820015.6366327611,5717405.258556325],[823621.741445564,5716989.25039772],[828965.6644129133,5714855.713588113],[834913.9840632887,5715906.564686446],[836191.5864135071,5717443.094764754],[837622.1807676693,5722547.4286464285],[841267.2514633754,5726652.561498531],[841873.7573948646,5728613.974826629],[841142.6816606103,5730502.824345734],[844478.3350498993,5732439.300956731],[843567.7522755107,5733752.402211316],[846792.7531593913,5738041.980922255],[846765.3251101254,5741603.861795498],[848540.666933147,5742487.489240067],[849802.168252977,5739704.258862969],[852045.2611520741,5737962.297665048],[859096.2766917235,5739490.5554862805],[862214.00525917,5733085.555988212],[863838.6968074532,5733371.836544188],[867159.1527839015,5729863.413464767],[867812.5045974759,5729559.247655694],[869681.7833451646,5731952.282886666],[872971.499230696,5726665.849707511],[873165.3937845795,5721751.32990838],[879109.7216811724,5721041.234792537],[881100.8250309255,5719531.547208175],[887425.8158334513,5721446.707083589],[889923.099181251,5719535.719751923],[893414.2751186977,5721138.967934319],[895294.4059829033,5719837.547265916],[895467.8903585427,5718464.083518226],[894042.4150686167,5717009.574645775],[895128.749951455,5711720.993823924],[893239.6168605484,5708750.30037057],[890127.2953064038,5706925.787326174],[885989.5634759978,5705976.793315305],[887293.810611656,5703191.116080285],[886509.7514842566,5698453.016521824],[888446.6427903116,5697833.462461342],[890931.3062313908,5690064.347239936],[891945.2078158176,5689043.28883934],[894832.291171343,5689874.36634392],[895939.7839423353,5683929.308538822],[894667.2116142265,5680166.591592454],[896188.2254783877,5679044.24582795],[897278.4208872099,5674317.727179383],[900813.7205284787,5668850.664877903],[899750.6043369576,5664805.222361958],[905641.9849235323,5655872.053103205],[906278.750048688,5653538.06947132],[909158.2577879729,5651022.749747068],[907747.8825560535,5648461.804850551],[911038.9256496526,5646285.081695421],[912108.2198666297,5644365.908805145],[910561.2828267699,5642716.022492317],[912554.9398771502,5640136.770428747],[910850.9363919863,5637096.631141537],[912319.3733666984,5634814.94603565],[914536.182531162,5634030.953030756],[915111.1804801862,5630961.690678833],[919624.3645175161,5629099.643821468],[920577.315801557,5623914.248315729],[923518.1812148183,5620672.279526857],[928189.0250409353,5622150.959885405],[932654.0273885583,5620205.907012937],[934430.2826740558,5620777.566269782],[937123.3778501982,5619335.582781173],[939888.6032139173,5619376.849536185],[940402.8747474953,5618049.895430159],[944236.7435073542,5616692.1663069995],[947976.7799434381,5619479.523117292],[950792.9868449661,5619248.9289174015],[953154.6436021294,5620852.026986348],[955088.8338231078,5620261.345214166],[958132.2576925295,5622979.859675451],[963846.1111815227,5623625.846388837],[965542.5288414403,5626239.683545286],[970066.2547302581,5627646.064181083],[969601.6714992998,5630178.188693257],[970934.4693637772,5631330.684856082],[970871.0068142662,5633775.553938736],[972844.9760208583,5636814.102760406],[978789.2881098839,5633477.771927325],[982082.0589674275,5634639.189880615],[986187.4435369064,5629925.358794555],[989000.9666623478,5628264.740973294],[989783.0208356621,5629739.65903505],[993482.2339677282,5631314.721226477],[998945.6785313068,5631853.5611993335],[1000539.1878654113,5634504.562612923],[1004947.3124331593,5635469.1017147815],[1006822.211778865,5634944.445924975],[1009292.5223592363,5636551.640849237],[1012522.4158025704,5634277.2077083355],[1013249.9255846024,5632544.537493108],[1016368.5019539205,5630934.524352426],[1018265.1235250694,5631636.7076952355],[1019192.9173524737,5629396.370182535],[1020308.2436397077,5630376.316810359],[1022883.0795086271,5629890.880580274],[1024534.6704483646,5633396.916919958],[1024192.4881536046,5639117.536602983],[1026947.8846690025,5640474.372882971],[1027524.554141345,5642553.2882541055],[1033678.7055602195,5642373.733305275],[1038395.0120399101,5638284.355122035],[1039882.8696209957,5639497.377625743],[1042616.6915084128,5639599.532128767],[1044943.6326059315,5641390.178408812],[1046288.2193642119,5642764.927237845],[1047242.240074355,5646553.113034844],[1053915.0406462897,5646417.252522199],[1055230.2163905816,5647537.608862072],[1054790.201729459,5649622.231832991],[1058289.8355988627,5654541.928437585],[1055900.125860962,5657745.580808365],[1056456.9686272903,5659795.556542441],[1060179.6321196074,5661511.390796564],[1061432.4814316013,5663998.60417818],[1064295.7208385018,5664460.612527522],[1065676.5603044988,5667284.065893951],[1064057.7889231138,5672203.663118227],[1065774.3692175606,5678825.00747596],[1067834.8104696432,5679213.505053774],[1068732.3696832724,5676625.442508353],[1071499.615546825,5677626.19492622],[1074416.2679526266,5676843.95760394],[1075180.5531810094,5678336.209902349],[1077546.000561497,5677578.460625148],[1079004.7716669699,5678584.871942159],[1081810.6481684428,5675994.440536456],[1084059.7866039085,5677871.277798288],[1085411.2191060889,5676721.091888708],[1086776.3079965953,5674149.3251078995],[1098219.0218411565,5665719.200084704],[1100277.746082672,5662632.561537171],[1102854.8098613953,5661490.368161597],[1102720.5004181168,5659629.377186597],[1105851.1113788635,5656511.880189559],[1106999.9658922944,5656514.895367132],[1106873.951784767,5655203.987244213],[1108849.906986109,5653081.460225922],[1113473.943447099,5650195.594040938],[1114679.8454390606,5647277.891258488],[1119024.8693005734,5643313.769719408],[1119374.428880584,5639692.417506933],[1124015.904282555,5640031.213963701],[1126478.9714201712,5638949.888719423],[1127664.1260858376,5634975.395791725],[1129375.8435691847,5633175.007548049],[1128289.7807830996,5632427.5022126855],[1128681.3743213243,5631786.3327228995],[1131873.2256649397,5631970.314833989],[1134001.9232439126,5630807.2697057435],[1132971.40130205,5630339.964292204],[1134221.1606730907,5629073.759955408],[1136613.9122882702,5631063.8808940025],[1138424.1284353447,5630923.586861391],[1137360.9514105308,5627974.887582901],[1138422.7911252133,5627417.339095885],[1137406.1085509863,5626776.999853315],[1140502.5264453797,5625572.529970704],[1141557.8730820303,5623621.614638024],[1143819.2562473337,5623310.471561099],[1144101.3501925499,5622170.776133717],[1142682.2655349043,5622244.003794286],[1143515.590144372,5621392.343129885],[1142571.115436801,5620949.4916007565],[1142798.2953058805,5619163.360334525],[1144008.443261583,5618412.566868387],[1144273.6969654516,5616302.884323609],[1146945.4997504526,5615919.784922445],[1145187.3864791538,5614652.963681693],[1144746.3409433246,5610390.709874963],[1143579.2436510269,5611455.538170007],[1143424.850115614,5609591.538676381],[1147570.5106944726,5610037.836721723],[1150753.552184552,5613040.6246047765],[1150210.1216670042,5615884.322442006],[1153962.007668367,5616581.7277146885],[1155315.6842975938,5618149.059400245],[1156859.436649229,5621153.6471702475],[1164252.758023381,5620462.7228234345],[1164992.6389881223,5620093.581912289],[1166302.7758072838,5609510.3028600365],[1165098.0806716927,5606731.725094832],[1160170.6400119918,5600686.862272554],[1160223.328986579,5589866.958818646],[1158038.9633785281,5582922.58868345],[1158557.112439619,5579539.376658326],[1162069.251578915,5575647.305910616],[1158545.6953320254,5571244.180052288],[1159968.924784087,5566239.869791326],[1154184.873402995,5557492.988074057],[1144488.955231757,5548003.070763205],[1144550.2805669662,5539298.080790469],[1141919.1010826707,5531379.697016785],[1143547.8681292979,5523785.372811014],[1144492.027945002,5523040.166296803],[1147660.535706764,5523541.722505084],[1148384.9297827696,5520627.172277977],[1151843.6924183038,5518136.600171024],[1150875.26338675,5516200.579313492],[1149098.7104719563,5516012.999966939],[1150570.283001364,5514202.319440406],[1147970.9525787001,5513671.424843912],[1148518.7316693712,5511938.752075879],[1155438.1893565704,5510471.164439541],[1157157.5721538477,5507849.415769698],[1157245.8792785604,5505840.411633584],[1159528.7610543414,5503885.051402105],[1161672.7284663059,5499499.931848971],[1162397.7495947054,5495879.465159152],[1166372.8699737315,5492192.026591069],[1167763.7444972072,5487345.2941781115],[1166869.72230978,5484064.723215316],[1167124.1728848936,5478988.081882947],[1169256.735956658,5477004.791070971],[1171846.6652233582,5477985.13134591],[1175936.424451973,5476853.859999827],[1176624.883272138,5479197.040441436],[1179063.7739627943,5479222.367701065],[1179882.6242110736,5480128.942541727],[1178266.556420068,5482293.260039685],[1179196.841908478,5484350.669924238],[1182940.796925729,5484687.903643183],[1185924.6088548761,5486205.398086645],[1192531.1332791906,5491185.917520441],[1195016.0668110282,5492705.871913775],[1198500.9157532805,5489324.151625879],[1197609.9996801373,5480714.146965975],[1200205.4694114614,5480743.784423327],[1202031.652438977,5478825.1923773],[1202093.5803151776,5476529.860765764],[1204373.0454449353,5472981.850925884],[1203853.1755109092,5469647.566820321],[1204778.7668143134,5468164.013226232],[1203531.2898084724,5466376.932837018],[1205771.5530572091,5462229.492308836],[1209228.3017233885,5458297.2413797],[1212222.5260308818,5457891.23526647],[1216294.9376687668,5456671.791885139],[1218795.8510960802,5454370.283225147],[1221962.2437503855,5449503.67753254],[1223581.0286953163,5440785.908337958],[1226097.0296674024,5436275.55862804],[1227423.9888908833,5434997.070782608],[1230536.1666230834,5434765.578744793],[1232671.641352108,5431642.540564535],[1235605.8049598353,5432839.596311134],[1236801.6306832233,5432357.2000882095],[1238292.9561595267,5428643.258213563],[1242094.6619363986,5427159.041129909],[1243030.7261954066,5424799.238791245],[1247416.212575787,5425557.79492825],[1249798.9302356746,5423723.7965774005],[1255345.0701395262,5420811.362556736],[1258821.9107019939,5421110.17229576],[1260963.7071594663,5415186.034560744],[1264073.9109291737,5414608.83527982],[1266158.6290025974,5415410.095047133],[1267271.1186048458,5418345.678865438],[1273977.805954635,5423980.5955626415],[1279599.8773086262,5421587.496214462],[1283363.0800631633,5421665.391566998],[1283580.9846769494,5419823.320597405],[1279644.9867634627,5417868.840131175],[1277656.5209365846,5412773.750004052],[1279191.130657379,5410271.423642711],[1281584.6278619177,5409531.95385532],[1282938.4083420977,5407816.929205558],[1285034.676104692,5399609.392347355],[1288486.01220669,5394908.588684335],[1288595.6441603117,5389113.115327596],[1287461.751381635,5387423.362520086],[1288343.574346324,5383837.215600981],[1291434.0811443066,5381378.924838692],[1290504.426206609,5378776.168186747],[1293673.900831269,5374297.9182865275],[1294066.859746629,5371206.5244388],[1295984.6268663467,5369263.724072373],[1295946.1899670141,5364901.473925747],[1298854.9203426617,5360008.673931757],[1299000.2061445639,5357923.887204469],[1304725.220414023,5355565.214351321],[1304078.632211832,5352319.413211659],[1307143.7314168524,5349026.275520429],[1308395.0816309117,5344191.6230875645],[1312555.2191381082,5340208.223979953],[1314805.4101308929,5336263.352239221],[1316660.248202937,5335025.884829014],[1319611.6628640902,5335525.296782157],[1323840.7221836902,5332377.349579762],[1325015.3026553127,5330206.806467648],[1324208.3322483837,5328192.113137746],[1324542.8487311937,5325522.941576262],[1327529.0717751775,5320582.43547513],[1328912.220307275,5319355.132218554],[1330103.1982748117,5319922.592752867],[1331376.3416483365,5323164.214305384],[1337026.5267114707,5327876.148014022],[1340824.9480896452,5326395.950508428],[1343570.7522323101,5327007.333051542],[1345296.608383181,5326154.770906645],[1346821.89003326,5328102.6981607275],[1349215.6110587115,5328102.655194091],[1353027.687271803,5326416.650361944],[1351574.8756896122,5323683.921471249],[1354216.166979824,5314487.429803466],[1357343.4009928266,5315524.532291263],[1361519.8495045584,5313131.808291264],[1365612.6522876623,5313066.5598492045],[1369583.4747961517,5307798.597032883],[1370291.5372219838,5303966.736628535],[1367041.6836846955,5304658.830722003],[1365667.6765263546,5303828.704286204],[1365302.9387674157,5294893.540796538],[1363641.7616315442,5294755.108594876],[1362375.293297824,5293094.398356983],[1365874.3614539753,5291368.133326943],[1365920.554824161,5288154.0607718285],[1368608.1564866882,5285781.508235048],[1368249.8749243782,5283856.321259905],[1370320.3154786357,5279017.42479811],[1367928.32416559,5276056.4611787805],[1368545.2890480761,5273517.435680403],[1366515.6566533442,5271244.9350505825],[1367025.4720283889,5270207.136846387],[1370138.5274797978,5269539.832330659],[1374951.130039337,5264603.250056936],[1377541.762451745,5263808.7618068205],[1377918.165253991,5260086.881220649],[1380034.6458215246,5258374.605695261],[1381325.024801542,5259086.762099384],[1385823.1797538511,5258759.527534233],[1388051.876171009,5252936.761345482],[1389588.0037749857,5254263.507114818],[1392740.314016666,5263282.73204378],[1393471.6201944384,5266106.131716958],[1395539.2620903607,5264927.183799288],[1397098.0495381674,5267495.429771248],[1398033.7573993905,5267621.748031682],[1398831.1712602228,5259772.390029503],[1401516.7854970314,5255482.7199461395],[1403766.6078059033,5253200.286369781],[1408063.2428509337,5252417.82258562],[1405728.3331438992,5249571.428567059],[1406272.4018680858,5246446.222545781],[1405262.9137310502,5242636.741134294],[1406176.048637551,5238935.749414808],[1405028.1493473083,5235848.776051621],[1407864.8336961188,5230213.029887333],[1409806.9724646977,5228721.749057059],[1411525.429625467,5230445.190784189],[1413970.0334362683,5230394.064550543],[1416314.645932739,5228694.895635674],[1417760.3672245438,5230625.028603785],[1421720.142553713,5231868.9603192955],[1425912.4110765872,5230934.215483293],[1432611.0455721128,5227709.371682887],[1433799.756303768,5226358.106158764],[1434209.7537394273,5221471.398375178],[1440710.387807415,5210679.3697899245],[1445702.9202316431,5208237.029998495],[1449353.7069287263,5211231.722174827],[1451333.6348707327,5209381.397542977],[1454883.4209001786,5208811.792043688],[1455759.5379017964,5211150.401784851],[1456822.484737607,5211145.022464048],[1461415.0732375728,5208339.420630529],[1464165.5371161273,5205418.2543574395],[1465538.723365772,5202262.612083295],[1471506.0139399683,5199973.164739519],[1471934.579871618,5198113.240483041],[1469593.1963695444,5194901.921750694],[1469254.4635948527,5190127.075617956],[1473606.2606570055,5189395.210335722],[1475832.3996280574,5186371.480536366],[1481418.011693738,5188823.138974323],[1481947.8049906634,5193142.881202048],[1484592.0637471885,5196540.085376787],[1485159.3660410258,5199700.42255172],[1493003.2658439288,5202677.359047896],[1494099.2092709225,5204823.6406999985],[1492220.7646997254,5211922.347404019],[1489782.7943578127,5210998.342568441],[1485998.5830613908,5212277.939826117],[1485108.2062967909,5215085.022837783],[1481131.9825514117,5220258.363898051],[1479453.0831823004,5220796.2923244145],[1478925.070669532,5225247.983366244],[1477055.7748308014,5225826.06716812],[1475979.2407210495,5228518.659271625],[1479019.5712431748,5228316.017983975],[1480170.9552950098,5230445.663928763],[1477561.3319056907,5235098.260061892],[1483778.2192034402,5237276.341849906],[1486485.7921417113,5240085.648030939],[1487163.8487176197,5242124.868329417],[1484273.8332042242,5246205.95716386],[1488684.840162551,5249463.92360787],[1487609.8464113988,5252154.591333924],[1489530.8906149536,5254194.518366687],[1488971.4133410512,5263384.98758318],[1493906.7351144124,5264001.672735061],[1495624.463000849,5269486.647404278],[1492721.7672800685,5270180.71765857],[1491634.719124233,5271422.204477792],[1495030.0993604285,5272936.811018824],[1495846.1775188562,5276186.401747721],[1490246.8365223706,5278542.116932808],[1488655.9271064447,5280668.267868818],[1489536.065160412,5282742.51453676],[1492492.427210479,5284948.154053578],[1491091.7364122495,5287445.248578031],[1492136.5590014786,5288647.099489334],[1490358.871018319,5289138.897576083],[1489083.4290986995,5295114.567624646],[1492622.0537586252,5298510.529822142],[1490607.9514646728,5298880.7512374185],[1489507.0059646943,5300324.051579885],[1490657.7833890442,5307884.61326201],[1487869.5220147609,5310583.220448821],[1487754.3312316043,5314657.895265685],[1483868.8294583429,5317664.261340122],[1480030.0849562252,5317793.063757072],[1477884.154070679,5319682.71362583],[1476192.2448189924,5319570.684971933],[1475780.9181763325,5322866.970621838],[1473199.2693653621,5324725.406823975],[1472668.784864887,5329208.469306176],[1470835.7580697269,5328322.840202513],[1469872.318782039,5328889.041648525],[1468880.0193658369,5333206.787482945],[1466824.6220729435,5334056.007092656],[1464554.2761216739,5338673.012335658],[1469719.7624535866,5340210.135515626],[1472196.695254588,5343763.037369041],[1468410.5350195882,5345980.943166374],[1467917.8194873787,5352383.264875782],[1466386.2451840832,5353203.2892634645],[1465962.0712825784,5355055.930306438],[1468511.4074893591,5357005.666185883],[1470246.0603830453,5362485.884093591],[1469240.8826733793,5366624.430711555],[1466723.1650620147,5369241.146733067],[1468108.1833823067,5371021.461050359],[1470739.4323555755,5371981.487826798],[1471628.2222484048,5377968.521944022],[1474029.6144672553,5377931.103025009],[1480077.5711254848,5373815.887601848],[1482573.0945568841,5370189.600491402],[1487163.9922576353,5368295.286109003],[1491809.9429109865,5363860.223156569],[1493757.7572648437,5364148.547850408],[1495608.5821887471,5365808.5674209315],[1497274.5733373258,5367769.343779284],[1503163.4653120593,5368124.216603724],[1503482.0639634468,5369945.850332181],[1502079.0889472903,5370754.855976242],[1501977.1980481325,5375525.769076872],[1500827.830109024,5376959.049639147],[1502261.3185886338,5379055.501859568],[1501262.9428952516,5380799.343804298],[1502937.8316945478,5382297.077750137],[1508854.7988811533,5383505.220639242],[1509020.2205787515,5385286.879869418],[1511014.3074786272,5385761.790461727],[1510364.2643436287,5387313.417128526],[1512656.2046033184,5386737.15532302],[1514369.003315348,5388601.202432435],[1516946.835617267,5386043.616655865],[1520161.4814877308,5385535.206374283],[1529199.4700859815,5389867.1440963615],[1530866.4579527266,5389713.282460674],[1531343.2188625147,5391371.598093746],[1534106.6562990109,5392193.630264361],[1534083.6535914303,5393449.835784034],[1535557.0339665278,5393928.620597655],[1537188.4156546677,5396440.829254369],[1537856.2158232366,5396439.916076776],[1538706.2424843472,5396056.954738513],[1539897.9407077588,5395660.11888119],[1540871.923973496,5395171.329266739],[1541215.8162614312,5394282.447751496],[1541703.910045648,5393317.842371403],[1542186.7669813558,5392815.501966652],[1542669.9617372958,5392158.685492076],[1542742.8225982424,5391477.794500315],[1542503.728412266,5390506.190904333],[1542188.0833801706,5389675.866064114],[1541758.9581790965,5388464.080942934],[1541355.7663832908,5387540.324895017],[1540916.062966989,5386814.712127032],[1540401.5020237416,5386359.191896782],[1539635.4760437082,5385574.107517717],[1539417.3893856253,5384066.197997908],[1539365.6489012619,5383207.002576875],[1539082.044302662,5382485.187946152],[1538887.5483919831,5381419.272738423],[1539329.7688084866,5380136.282521263],[1539544.779499551,5379249.253953163],[1539457.3213715039,5378589.557240957],[1538629.1872577763,5377432.198837184],[1537917.6784783325,5376630.699638336],[1537523.0015459864,5376094.281611288],[1537010.3527161416,5375200.4109158125],[1536292.9480500312,5374011.270137214],[1535487.3073203545,5373012.171484306],[1535012.1959456222,5372202.791807539],[1534666.9705940566,5371391.966133514],[1534408.4955650328,5370107.8827610575],[1534363.3984400837,5368940.493661955],[1534452.1416092843,5367746.289157223],[1535123.0389113012,5366917.489064699],[1536101.8046453246,5365837.162535165],[1536636.3657917988,5364622.313052652],[1537186.5879672216,5363178.620368234],[1537672.2846989755,5362367.450035851],[1538834.610194911,5361835.680559288],[1540201.1081391277,5361754.115686783],[1541071.6710334744,5361400.390233396],[1541899.7192263813,5360420.167904483],[1542446.164064126,5359567.846492316],[1543085.004688456,5358913.624648278],[1543978.079100908,5358506.08628366],[1544535.5544046627,5358175.625701584],[1545401.1882042808,5357848.033599952],[1546122.3424297124,5357595.873242601],[1547192.3397953648,5356868.989524464],[1547993.7127728912,5356323.167987366],[1548727.9646133939,5355867.882047741],[1549495.4034924314,5355366.78652995],[1550372.386520247,5354834.980121634],[1551082.8774629305,5354503.798972498],[1551832.8886153905,5354102.45625893],[1552490.0513890919,5353632.915967018],[1553146.5799343602,5353034.262977952],[1553797.9069322713,5352460.412587881],[1554560.3542742785,5351701.901090162],[1555020.1564946666,5351324.3209611],[1555497.9060192867,5350846.8453888735],[1556091.9745774108,5350159.342989802],[1556608.3734999676,5349611.142267361],[1557241.9861127571,5348854.37330437],[1557717.2487547453,5348247.641769809],[1558234.375553247,5347417.692569738],[1558860.2997458032,5346555.475002315],[1559144.9065507553,5346145.064832808],[1559884.9754936998,5345227.16569227],[1560353.445278939,5344516.410986541],[1560996.3994753796,5343708.550188561],[1561382.8680256093,5343162.979783779],[1561785.557391905,5342388.238556619],[1562158.1387967838,5341633.437882215],[1562538.5402543067,5340700.63981275],[1562890.6918137514,5339915.990243474],[1563033.5658146888,5339145.033557504],[1563292.057018816,5338163.312563714],[1563414.2534629449,5337362.506342386],[1563625.8127870152,5336500.649135684],[1563758.667951282,5336061.6394453235],[1564038.9011951818,5335109.431363519],[1564149.227151902,5334511.852630653],[1564382.1142839096,5333808.34291391],[1564810.0781476072,5333038.370525484],[1565119.8255365468,5332348.888571179],[1565304.767153376,5331765.302586391],[1565634.0974755865,5331105.509483807],[1566036.6525793653,5330613.491880038],[1566427.2852942538,5330325.421291675],[1566958.67439093,5330114.86059438],[1567809.778113147,5329859.713282382],[1568724.2152966755,5329540.125459517],[1569518.9246216004,5329455.295802551],[1570286.7243752333,5329365.100157273],[1570932.8386988519,5329381.3493540995],[1572156.8969922264,5329349.956460894],[1572675.1099425652,5329497.556568434],[1573383.760577028,5329731.427193],[1574161.325352312,5329874.974750468],[1574813.367776476,5329995.654089071],[1575417.3426775401,5329952.375534988],[1576012.7667683077,5329959.371660457],[1576553.1741097555,5329982.510243336],[1577115.8524487498,5330163.2538949605],[1578035.2713583983,5330667.853747183],[1578428.4195237607,5330920.425253113],[1579223.9311867275,5331247.442187656],[1579821.7975420714,5331666.800516803],[1580628.3333084919,5332072.855523417],[1581214.060115533,5332412.66323669],[1581705.9722233254,5332837.910234736],[1582143.869492011,5333279.287298663],[1582526.7458561475,5333736.303282885],[1582915.1812028256,5334296.734984335],[1583206.8670046898,5334685.467620389],[1583507.9664021304,5335307.403231252],[1584184.153061233,5335997.907423802],[1584788.2426243194,5336521.594723433],[1585228.7682769548,5336808.2306376565],[1586115.274091213,5337486.895063917],[1586831.2686816282,5337824.6132161105],[1587539.450133838,5338057.933635645],[1588467.8462462318,5338229.190312617],[1589215.8122979265,5338392.729640815],[1589969.2408712208,5338531.378855442],[1590589.5670464868,5338542.276217394],[1591309.1468755929,5338572.156205566],[1592140.2686955542,5338570.748484875],[1592690.2160652794,5338543.633243045],[1593289.9740020575,5338525.264134538],[1593852.9199385953,5338422.499975673],[1594543.6296299433,5338472.377857104],[1595137.2030263483,5338633.058143011],[1595681.191403898,5338912.7935485905],[1596334.5103192914,5339316.4044796275],[1596896.97950019,5339780.053138644],[1597289.7010028781,5340187.205670343],[1597743.0153651235,5340682.6132545695],[1597982.06322246,5340932.2507322235],[1598862.0122474742,5341222.526967728],[1599544.2090273057,5341605.597646452],[1600066.400192911,5341726.778017118],[1600406.804614978,5341712.456974001],[1601446.6095955863,5341980.690630136],[1602155.6560341273,5341931.043321883],[1603006.3404543244,5341958.383899052],[1603531.6289688724,5341926.392236712],[1604094.814858943,5341823.632185444],[1604851.4577014006,5341937.375973053],[1605212.6779831501,5341951.800556961],[1605999.6815247461,5342045.031614927],[1606760.7750863163,5342132.893592086],[1607595.4700670224,5342106.07872298],[1608170.7900116607,5341799.8556076735],[1608674.8280520705,5341172.149540489],[1608941.188628182,5340423.044428953],[1609112.2812278976,5339913.530552697],[1609256.3681987573,5339271.308330935],[1609394.99604658,5338652.950893285],[1609495.9656202185,5337821.81987163],[1609596.829725197,5337274.196591374],[1610248.611634986,5335977.476383025],[1610524.698782206,5335744.961953406],[1611099.5544518435,5335155.4263332095],[1611454.5692820265,5334911.606050173],[1611812.937629818,5334797.131037585],[1612385.8534054726,5334632.974233716],[1612414.7986402817,5334624.389328316],[1613562.1283500046,5334731.933262547],[1614337.213283824,5334745.033734851],[1615299.2770145724,5335153.403768978],[1616184.2740535345,5335701.919113142],[1616790.9569228687,5336353.111086458],[1617408.9325059718,5337367.928679265],[1617701.027700441,5338322.39022692],[1617958.3185499439,5339322.216714321],[1618089.227078488,5340169.306508812],[1618230.3933897673,5340530.3361243205],[1618634.395584606,5341016.097105965],[1619350.806190643,5341636.318761295],[1619745.3759390607,5341888.822725758],[1620591.4690237371,5341940.472040018],[1621071.7633224423,5342003.107909226],[1621714.7401595304,5341888.483363259],[1622408.6621672518,5341784.083961041],[1623701.675431724,5341377.689232725],[1624816.0077835724,5341092.399267574],[1625564.3194461223,5340971.818327314],[1626976.160524616,5340483.243958126],[1627962.4792931403,5340046.19657318],[1628750.1989622351,5339855.751599275],[1629727.2414708354,5339751.049355079],[1630245.5878188214,5339897.0835591825],[1631012.4005529687,5340243.547440043],[1631659.88206629,5340670.620383407],[1632236.860593165,5341059.682622268],[1632790.6447354984,5341289.139786294],[1633421.1568932764,5341533.687864295],[1633879.6572138034,5341720.270156116],[1634221.5446538068,5341834.219560229],[1635111.0187475118,5342073.175197624],[1636216.5814893215,5342121.151272912],[1636974.2998731553,5341950.225316369],[1637561.7557154694,5341851.6680108365],[1638097.8104415948,5341897.612745702],[1638630.877722231,5341815.703174855],[1639415.4633704727,5341494.872028075],[1639944.4415804872,5341436.850963551],[1640400.3249100547,5341494.580288678],[1640963.8092616363,5341957.841424726],[1641208.8480450602,5342465.761098105],[1641332.3934220814,5343492.094971904],[1641376.8687639546,5344246.584983068],[1641357.2539621096,5344783.433904043],[1641329.4364726387,5345215.833661832],[1641385.5481146139,5345766.248279349],[1641430.7028313554,5346083.405239114],[1641606.8484970543,5346399.499957373],[1641853.3748155583,5346752.5922188535],[1642217.3948122896,5347159.392727771],[1642980.7035038634,5347334.201790632],[1643679.2154349517,5347483.915036891],[1644415.7584657602,5347381.2913109],[1645973.6338465102,5347145.819358945],[1647006.5594053324,5347118.5035151355],[1647910.2380478093,5347293.195914465],[1648826.369609459,5347314.127133129],[1649661.0056064343,5347445.335273898],[1650385.8818407054,5348124.17988338],[1650906.2310790706,5348359.206920146],[1651642.6659181342,5348570.420503614],[1652483.0414216125,5348572.276196753],[1653404.7541112087,5348568.80036443],[1654128.9008465973,5348828.812643916],[1654613.069924836,5349420.135052454],[1655151.573077053,5349895.315512793],[1656284.0961392217,5350519.137711037],[1657181.763032173,5350927.104050668],[1658135.0023236745,5350800.64832813],[1659216.9384522855,5350575.638350624],[1660126.604104043,5350620.4539794875],[1660503.918053252,5350793.910158517],[1661309.8250689898,5351779.736387455],[1661849.6397166357,5352568.21779634],[1661837.8219949733,5353244.651580251],[1661988.8256280115,5354326.650630891],[1662132.7213120274,5355120.692048877],[1662585.3136345297,5355834.814716761],[1663074.2829194607,5356297.161075493],[1663830.399419558,5356852.336467136],[1664604.5037272947,5357333.83989257],[1665552.556518634,5357753.93944528],[1667031.8456471353,5357941.570456945],[1667984.2796946543,5358024.037752097],[1668745.175105152,5358135.65851069],[1669511.0211996268,5357491.957111452],[1671167.3678838369,5356652.9352738485],[1672554.4152128827,5356896.116107221],[1673444.6349589413,5356805.256214647],[1674235.4736397262,5356480.585815797],[1675149.69737154,5355978.307120705],[1676188.6993181948,5355820.618377219],[1677723.8001785455,5355786.092755807],[1678719.8350812022,5356009.552427952],[1679597.2973732552,5355863.478523035],[1680204.9059081394,5356131.901386164],[1681231.3790783263,5356167.210006238],[1682179.789948606,5356587.334997419],[1682959.4618187079,5357043.502876772],[1683765.4118763965,5357610.461784769],[1684410.3324552441,5358189.548037551],[1684925.3290862797,5358867.160188723],[1684976.9103138968,5359819.776448903],[1684654.6629336404,5361959.357817547],[1684354.6282736002,5362746.22315273],[1684126.978416878,5363551.125751374],[1683888.203204501,5364195.945965979],[1683586.5629566803,5365086.572356779],[1683631.6880865619,5365750.994550337],[1683696.2841681305,5366550.00328558],[1683834.5283022474,5367472.424705708],[1683849.4383607516,5368155.2546003],[1683808.0670658278,5368745.356840897],[1683895.9892695167,5369341.3548014965],[1684306.873663866,5370122.33876873],[1684810.1344760968,5371057.446086644],[1684978.8932846661,5371335.014792296],[1685605.3631429588,5371986.830203349],[1685817.9333550215,5372718.839700722],[1687404.1093362267,5375229.238305171],[1687659.490790986,5375997.701433324],[1687619.3993502916,5377005.269190063],[1687251.0528621485,5377957.470692125],[1686449.9827529385,5379061.826111692],[1686086.2187028092,5379362.765390344],[1685468.730769181,5379834.553652746],[1684665.4957835677,5380625.865215424],[1684335.56701412,5381743.447454088],[1684300.8655058038,5382621.443055031],[1684607.8871884546,5383611.73361364],[1684901.4675028294,5384441.167935705],[1685664.5880556966,5385075.614876153],[1686545.7158599428,5385660.932626675],[1687512.7568119022,5385901.883152212],[1688230.3900048006,5385872.266500229],[1689177.3067694458,5385665.009400807],[1689986.7945041903,5385267.140904805],[1692440.5979012628,5384183.505746808],[1693243.9307283682,5383914.165769871],[1694080.7284923145,5383940.125562521],[1695176.8944413504,5384083.225466421],[1696225.5126636105,5384736.45960483],[1696554.2732656812,5385105.06656007],[1696854.5340121996,5385805.9430058],[1696930.3896183362,5386451.085027454],[1697980.491789683,5389112.837156959],[1698299.4504684936,5389947.999603234],[1698604.9648759372,5390624.342307225],[1698899.1573928392,5391454.068581205],[1699114.8081805524,5392603.179202193],[1699234.3979229084,5393284.604277517],[1699269.5892188083,5393505.307267793],[1699821.006811543,5394017.793445538],[1700268.2449339153,5394424.47758587],[1700696.8654222013,5394799.467692201],[1701089.3920089253,5395113.0597592],[1701488.9799029995,5395401.812984969],[1701838.5965609613,5395677.850793447],[1702208.0249000033,5395880.3717781985],[1702575.0037561557,5396187.102746516],[1702913.0722088611,5396407.606340636],[1703325.1624634073,5396647.17220275],[1703725.6995191346,5396831.708545117],[1704255.7983936232,5397024.179487547],[1704753.4702827977,5397339.330653298],[1705115.8382469516,5397565.68479272],[1705509.2539314495,5397879.243885808],[1705901.6699223728,5398192.308145856],[1706171.4037119302,5398368.401686358],[1706772.031436274,5398998.691573314],[1706990.6652609094,5399370.448412972],[1707217.4280973447,5400111.272856123],[1707419.9045854046,5400845.705889428],[1707550.548049912,5401456.363364138],[1707656.8315460018,5401955.979303059],[1707619.6871753354,5402495.799137246],[1707525.7197936547,5403152.3692465285],[1707450.4959082345,5403839.092515612],[1707452.718347096,5404232.386246131],[1707521.7380883615,5404774.696125957],[1707608.3780381922,5405347.173661588],[1707728.4867346874,5405693.37327199],[1707897.0222857185,5406156.913373043],[1708065.6819686412,5406619.945711431],[1708217.023630158,5406947.65849479],[1708320.9417688546,5407158.513504116],[1708423.7324197602,5407368.875514434],[1708674.2105244475,5407618.856103145],[1708988.8136181398,5407727.777875225],[1709563.2904180405,5407853.0991565045],[1710107.7068018108,5407892.251884916],[1710553.9169321489,5407904.987903178],[1711239.5837729431,5408007.583148959],[1712048.7532371804,5408142.446459479],[1712717.0465354675,5408213.864729972],[1713210.567752679,5408344.438133103],[1713678.6130343198,5408572.293697902],[1714172.0877432476,5408806.996374606],[1714621.6432408951,5409004.174506463],[1715170.650323311,5409227.264119366],[1715749.6401539613,5409432.391608972],[1716353.8911797157,5409748.991740677],[1716703.8269825305,5410024.376996612],[1717015.19648579,5410447.1661263285],[1717588.4535504018,5411278.516924456],[1717900.9546483278,5411701.276138677],[1718317.4661503104,5412125.129971451],[1718765.330297273,5412530.519628015],[1719221.696587506,5412702.864613583],[1719561.242686948,5412819.120859231],[1719950.917589324,5412842.978734458],[1720470.028359586,5412874.789831951],[1721089.8827922444,5412828.893540924],[1721791.387894232,5412568.511125309],[1722424.2216984895,5412473.4684565365],[1723038.9660826584,5412242.637188989],[1723419.0192946468,5412002.249387509],[1723816.037203467,5411897.649595807],[1724264.3167397869,5411701.124878071],[1724702.5947439638,5411738.176530427],[1725098.034183269,5411841.829603386],[1725630.2508462577,5411824.977962309],[1726245.1274030686,5411594.597980435],[1726904.4589736902,5411296.6044754675],[1727296.085542993,5411111.665487328],[1727543.8816219987,5411072.059045781],[1727920.8275551866,5411145.528607239],[1728529.0582619088,5411645.590245247],[1728950.8324035604,5412149.311723697],[1729645.9507855084,5412619.276420759],[1730149.6938472898,5413118.706779675],[1730818.7394226731,5413686.927431746],[1731273.1698393223,5414068.513374181],[1731660.623051469,5414405.718421092],[1732696.9977951145,5414783.15681321],[1733270.0726335826,5415012.077680463],[1733886.821669282,5415278.516795518],[1734504.1042314656,5415440.834500234],[1735093.6252314192,5415307.7565199975],[1735702.170358543,5415100.722615195],[1736255.350186179,5414801.659600231],[1736889.4538136367,5414601.945643509],[1737452.2603881601,5414566.12164363],[1738069.5393876936,5414728.435625106],[1738772.8901062573,5415069.926328388],[1739438.242749937,5415349.576517977],[1740011.9140980213,5415683.115107064],[1740498.50843637,5415836.990505232],[1740944.0856341955,5415849.208123355],[1741384.3890186602,5415781.611555193],[1742022.3520329287,5415765.833272834],[1742639.7558227712,5415927.643284194],[1743116.1566977417,5416026.514013486],[1743694.5023549332,5416335.243962744],[1744210.7455286682,5416784.528154884],[1744417.9049736983,5417205.703749328],[1744575.9886462523,5417509.051215574],[1744641.2629142103,5417865.791675155],[1744743.0450396556,5418284.855608979],[1744904.9959364529,5418877.70436641],[1744993.284572896,5419449.487257682],[1745069.010456097,5419966.762135365],[1744985.6018261493,5420389.429597647],[1745029.8645052884,5420925.129581978],[1745026.1651848634,5421342.517969778],[1745052.7876455633,5421951.111924038],[1745091.0189005062,5422511.062207916],[1745013.5474002317,5422908.847187879],[1745038.815824299,5423517.379601926],[1745078.8235559268,5423972.693534681],[1745155.5921060059,5424489.809652397],[1745299.6154039823,5424946.701892366],[1745389.996147952,5425310.113640406],[1745609.692770264,5425681.973105489],[1745922.9418393744,5425894.919119565],[1746682.0085804197,5426224.198742911],[1747133.747244044,5426316.229828052],[1747622.6342658459,5426366.008204692],[1748099.3092698173,5426360.3292800775],[1748631.3831018645,5426343.050618772],[1749041.1951988689,5426293.009324143],[1749499.6122588848,5426256.169594156],[1750143.1077473485,5426215.189420602],[1750590.3201276085,5426123.378775974],[1751048.736835312,5426086.53157474],[1751580.298688847,5426173.311997574],[1751932.0678511611,5426343.50501197],[1752369.9622536944,5426589.704016837],[1752719.8450841235,5426863.970397326],[1753089.1143899735,5427169.382786957],[1753347.7232472752,5427394.4184456],[1753630.000526281,5427729.873874203],[1754022.5789953028,5428146.685491536],[1754206.5269992244,5428456.222058763],[1754339.3666963663,5428961.661093413],[1754458.6210561323,5429411.638373357],[1754614.778615153,5430028.444114862],[1754838.7975336474,5430688.086867714],[1754953.9038411074,5431058.762144723],[1754931.6582347066,5431549.810490525],[1754935.2128754274,5431838.622440636],[1754894.713637805,5432298.496569239],[1754915.3030485944,5432931.520495705],[1754972.0352160742,5433521.786918314],[1755000.1579500576,5433920.934236954],[1755040.5098836368,5434376.4922313765],[1755043.9565005193,5434665.250220827],[1755208.6934480222,5435048.0384796765],[1755521.7394032183,5435365.421416993],[1756008.179464322,5435832.757320684],[1756476.0899607025,5436163.9537798725],[1757482.9897978308,5436453.650003595],[1757828.987267258,5436544.071955605],[1758182.1526861861,5436610.199303148],[1758695.955919444,5436561.852428799],[1759180.3956065276,5436426.437542375],[1759609.1967918945,5436303.593000906],[1759931.6148623766,5436178.6431994],[1760385.7006172517,5435957.136610582],[1760826.7059531305,5435784.703110911],[1761266.8453111527,5435716.285737925],[1761736.4808699558,5435838.962949114],[1762241.7941075095,5436232.9494520025],[1762751.3038724929,5436810.672915633],[1763019.9459418457,5437299.0832143035],[1763158.9152725784,5437780.008631391],[1763112.932982517,5438264.537157843],[1763126.5330343833,5438817.184321384],[1762995.4065787068,5439122.700332149],[1763245.4418641531,5439580.8987206435],[1763805.3199555275,5440066.739382589],[1764247.7492283864,5440600.513018788],[1764474.5919861344,5440947.345712788],[1764985.629265785,5441420.94942112],[1765583.6313970385,5441759.561725891],[1766114.7401475073,5441950.848391855],[1766560.9619597644,5442067.159437641],[1766969.5025611657,5442017.229889641],[1767454.0247758133,5441777.389102914],[1767934.586420461,5441353.339817846],[1768331.1486840276,5441247.482796601],[1768729.6964532216,5441038.610418403],[1769189.0635829857,5440896.375043306],[1769572.4498159264,5440944.564389119],[1770135.1454645183,5441117.419976712],[1770523.736549763,5441349.314361668],[1770843.4836753623,5441641.863965],[1771183.3220968284,5441756.561668098],[1771666.1681814415,5441830.1565122],[1772049.550338308,5441877.848305904],[1772520.0777884247,5442001.005977071],[1772810.5559359952,5442102.504620625],[1773131.1568272938,5442291.052310212],[1773415.597485957,5442416.834780927],[1773698.941213519,5442647.60291334],[1773712.4944740592,5442668.355324353],[1773925.2949190224,5442994.443766748],[1773917.0918606492,5443332.182669125],[1773932.122268089,5443884.734885345],[1773836.8141991945,5444252.46305728],[1773699.0310600179,5444478.225280871],[1773528.842687742,5444930.361294871],[1773338.330759548,5445560.289282227],[1773173.1282246863,5446196.53287682],[1773207.3448723946,5446781.078079359],[1773252.38083969,5447315.563527643],[1773386.8665289578,5447716.077663995],[1773569.5136099206,5448234.721389604],[1773801.8534261654,5448661.118053891],[1774108.9879365573,5449107.053560343],[1774601.1954841325,5449548.397803945],[1775070.1944801987,5449879.933045843],[1775304.4645717987,5450097.916612707],[1775669.499081626,5450218.946045556],[1776207.5030717314,5450280.9964080835],[1776822.5850337325,5450153.708988391],[1777411.2293602012,5450019.082838381],[1777950.4368606203,5449976.682676809],[1778452.14425575,5449976.477719369],[1778812.2325053003,5450018.326608817],[1779195.4963336245,5450066.0393897705],[1779832.6269624196,5450257.430001083],[1780642.3953577226,5450494.764897035],[1781272.164913221,5450815.366919291],[1781839.930230995,5451276.74924275],[1782271.229118423,5451754.41731814],[1782354.3172500667,5452246.60841246],[1782523.9855365613,5452918.1488114605],[1782723.925798304,5453675.67142851],[1782992.9043024667,5454268.14002987],[1783200.2933237657,5454792.502608694],[1783451.0144728036,5455354.311490613],[1783758.3866212685,5455904.536961441],[1784003.0319090418,5456386.1753994655],[1784507.3543970955,5456987.675180925],[1784909.2648747654,5457275.313612971],[1785565.0712766568,5457497.795722512],[1786312.8837462012,5457666.046352423],[1786795.8076318295,5457844.068705076],[1787804.6784825467,5457923.388985608],[1788586.3995091913,5457969.807152077],[1789694.2992975528,5458179.418168351],[1790536.6182246697,5458293.417692409],[1791162.0807467697,5458393.284763784],[1791322.0451022466,5458418.984091969],[1792066.5853663487,5458403.166374463],[1792711.342309665,5458257.04457311],[1793337.758986038,5458184.7067423845],[1794323.26228217,5458153.231238259],[1794862.3809358263,5458214.283839993],[1795505.3869122472,5458277.466535735],[1796056.187692854,5458498.311712443],[1796575.404829023,5458737.571321311],[1797081.878295333,5459130.269948079],[1797420.6226654635,5459453.750407734],[1797659.9551069818,5459855.241784895],[1797819.472324927,5460261.936107963],[1797985.0262801799,5460644.851683082],[1798416.5887048598,5461017.4792553615],[1798951.25218738,5461540.66833778],[1799070.7965953064,5461657.532290923],[1799551.7356453545,5462043.839792735],[1800008.1867839817,5462527.683995624],[1800723.8276966754,5463131.382159172],[1801192.039955266,5463670.576558569],[1801561.4653508298,5464079.970977246],[1802024.2642266946,5464434.642022841],[1802624.7819558014,5464773.525970772],[1803311.2640678533,5465081.951215616],[1803904.928944197,5465340.218894291],[1804480.439596739,5465567.87741108],[1805315.510466939,5465914.399670265],[1806002.421680392,5466118.4437969215],[1806596.0906098357,5466376.706260615],[1807431.8861839075,5466514.967616579],[1807691.444106499,5466633.833671664],[1808174.0168639934,5466811.826429735],[1808471.0599133025,5466888.52291558],[1809308.1969543071,5466817.534171612],[1809693.5606535256,5466656.498417006],[1810599.8602385316,5466316.156007586],[1811177.1436777862,5466230.657430552],[1811740.570412374,5466298.067725069],[1812098.9774082932,5466442.828345162],[1812705.0653410968,5466651.584809373],[1813528.1345080498,5466943.230742176],[1814301.841914204,5467221.681111464],[1815267.4701583465,5467575.6846603425],[1816015.201068942,5467951.670330635],[1816405.0715250205,5468079.01073521],[1817012.8364389015,5468183.869908602],[1817918.1941505831,5467947.391484736],[1818765.5668260923,5468244.393045711],[1819093.3118369516,5468616.319939133],[1819531.3331190955,5468965.123503851],[1820138.6426319361,5468965.599299616],[1820642.2843607967,5468755.668995108],[1821287.3280140709,5468400.310331873],[1821742.2796351684,5468100.477239917],[1822083.546163472,5467874.235589785],[1822692.3312731944,5467352.704170215],[1823108.436800585,5467068.29582071],[1824183.060671206,5466588.687994773],[1824685.8354392662,5466378.672170539],[1825337.322385247,5466207.239787174],[1826075.3775788625,5465797.4765273435],[1826491.3859246753,5465721.340240528],[1827067.608717504,5465739.670538927],[1827587.3940941973,5465873.992558388],[1828236.3789338046,5466224.135728799],[1829002.6941958666,5466735.2000483405],[1829354.4789289844,5467113.557302832],[1829731.696289742,5467498.256856069],[1830219.6410285863,5467963.728413907],[1830527.298485871,5468408.520167538],[1830853.9892652454,5468884.412304388],[1831304.2980627785,5469496.439481655],[1831443.8602483638,5470185.681094021],[1831435.7561916672,5470731.415874641],[1831396.964881834,5471296.527079384],[1831579.9782688823,5472127.025005432],[1832022.41242901,5473180.706874548],[1832096.0733542794,5473617.735138042],[1832168.3894442343,5473949.401915279],[1832327.800325555,5474669.541195679],[1832610.1543893532,5475316.545030882],[1833024.1979027505,5475971.505104862],[1833604.3946047088,5476590.795170246],[1834148.431222089,5477044.017702061],[1834730.1945188553,5477455.07771325],[1835379.2571402253,5477805.0904090945],[1836166.818435088,5477929.6410574615],[1836966.165500885,5478004.701136972],[1837524.093286879,5477991.52131396],[1838224.1198268542,5477937.326557413],[1838974.8765477664,5477895.327152321],[1840108.8990975963,5477900.542621926],[1840964.021146157,5477859.177812477],[1841849.7032007878,5477904.7543529365],[1842445.052623303,5478057.612846946],[1842791.5862567704,5478146.493504131],[1843318.3923700093,5478360.410241765],[1843980.0770825227,5478870.136087151],[1844294.3079519195,5479499.1830645455],[1844367.1505434543,5479936.122005268],[1844440.09556718,5480476.403933839],[1844614.114611576,5480706.780373359],[1844815.8965330506,5480939.040867508],[1845046.1527070072,5481155.384283804],[1845213.50693935,5481275.007953735],[1845386.0129344387,5481424.283822105],[1845870.3348571092,5480974.697983776],[1846286.3295627688,5480794.336285913],[1846845.5610297602,5480468.599465363],[1847422.7198603149,5480068.60566585],[1847795.5585603204,5479537.698455604],[1848102.0319235888,5478859.587347973],[1848170.5407606831,5478381.065177439],[1848235.64497557,5477510.771519932],[1848242.916178756,5476964.138090838],[1848294.3752741844,5476142.280330155],[1848346.0046123187,5475633.040677611],[1848407.9005591937,5475179.161193856],[1848254.828105493,5474643.860371151],[1848020.8134456684,5474113.269787616],[1847508.274736119,5473642.48896922],[1847087.429772898,5473220.868671746],[1846240.6663176466,5472611.66945128],[1845616.2752261953,5472059.1016952265],[1845084.470699377,5471557.177373772],[1844485.393913441,5471010.9334289115],[1843954.5137693847,5470404.56707617],[1843417.2388752452,5469822.457722595],[1842898.165139389,5469479.799001416],[1842193.1647054623,5468828.465047536],[1841519.1120001855,5468471.978040611],[1841073.7123416988,5468148.3520458015],[1840597.7321042141,5467843.144804142],[1840109.8457156965,5467273.675591423],[1839375.039884086,5466640.209144235],[1838936.0027564187,5466396.728323561],[1838100.338524557,5466051.173886551],[1837333.4316379873,5465748.43958027],[1836740.2211002223,5465387.19075521],[1836153.1646826845,5465001.164841604],[1835510.1446739477,5464521.775917236],[1834632.6377271311,5463929.843156895],[1833970.7938017023,5463523.766319662],[1833353.6516678445,5462946.745415313],[1832662.6082515449,5462351.156070845],[1832144.2535343806,5461695.0466598105],[1831638.6575901962,5461094.322102339],[1831274.358303584,5460555.9623548975],[1830436.4562861053,5459608.808952527],[1829819.7972678544,5458927.222455239],[1829314.1132921337,5458117.467375953],[1828648.7369573459,5457422.638100271],[1828192.4812062671,5456939.478002906],[1827673.1768692678,5456491.697105825],[1827143.7165748894,5455884.978957894],[1826742.232825158,5455389.211940252],[1826280.715276978,5454930.795270285],[1826109.613664557,5454790.264388041],[1825867.1038652288,5454588.581388127],[1825323.267423826,5454134.408810572],[1824897.0980602028,5453841.758134944],[1824519.9590047402,5453665.813051359],[1823969.4468513005,5453445.4239807855],[1823390.5778454153,5452929.449390978],[1823187.8488033917,5452589.421856806],[1823104.2619111717,5451784.347247418],[1823151.6528936997,5450777.632826463],[1822963.0091699543,5450075.387772885],[1822999.158988904,5448908.57430276],[1823477.3929169436,5448483.703461972],[1823597.9889143496,5447808.939322417],[1823805.3644571623,5447209.129523108],[1824132.0006491493,5446352.660612832],[1824263.8842455081,5445837.3062716685],[1824476.9785425158,5445317.658130786],[1824653.3890465337,5444631.607724665],[1824712.4556230607,5443888.475715129],[1824777.1006692096,5443225.576343148],[1824873.346128453,5442544.677465632],[1824974.6864562347,5442048.122120599],[1825182.1292446698,5441448.031260555],[1825276.6657991281,5440871.151543103],[1825124.8183719527,5440230.751582819],[1824892.7818588833,5439595.5947476765],[1824585.8658791825,5439045.983392059],[1824180.8694271527,5438470.459164898],[1824004.1059059103,5437718.509114606],[1823723.6119298525,5436966.433662822],[1823688.4168756423,5436487.081649332],[1823647.1810722256,5436031.539899591],[1823650.495618195,5435404.72339865],[1823615.311198037,5434924.823538156],[1823420.1138537289,5434351.812316433],[1823162.7265899233,5433814.242486458],[1822770.4921730987,5432980.603532253],[1822342.1346118315,5432085.570397404],[1821852.339511429,5431016.631949405],[1821213.6466167956,5430015.2019417975],[1820988.6543874769,5429460.014204402],[1820923.6907248506,5428789.0670594815],[1820875.7306634802,5428358.143741468],[1820867.3002443556,5427780.687413548],[1820776.7977015385,5427312.696068708],[1820351.030283931,5427019.717035541],[1819963.2767319633,5426683.414971605],[1819773.824634682,5426294.695267919],[1819767.26657169,5426227.241937965],[1819726.267518371,5425759.008776281],[1819741.6555731704,5425292.020315602],[1819960.5110007336,5424747.263427731],[1820136.428529347,5424269.650993744],[1820354.5157490699,5423933.777182903],[1820573.6055322783,5423597.888516922],[1820692.7290614373,5423340.816759821],[1820699.5788449743,5422790.399625583],[1820848.0722719438,5422258.228764604],[1821229.754260056,5421231.684057353],[1821616.319190394,5420831.478133688],[1822372.1830850786,5420104.054690211],[1822948.885832948,5419567.965276732],[1823652.782372475,5419271.584002258],[1824410.2476237111,5418753.534718793],[1825053.98221439,5418051.233930913],[1825242.6655700426,5417706.34613147],[1825453.8957590258,5416950.215305183],[1825111.931592833,5416084.700212076],[1824963.930361103,5415292.792093111],[1825024.1957182682,5414395.152293808],[1825514.6321389445,5413786.126879703],[1826094.2910317248,5413563.08379896],[1826971.4137219132,5413307.935581357],[1827817.5766461934,5413072.773568681],[1828822.4107751176,5413266.051707185],[1829907.2780610656,5413557.817689216],[1830669.0721417894,5413665.732247339],[1831343.5836893697,5413596.703835081],[1831929.7936405672,5413349.239709155],[1832248.5436332927,5413009.560913502],[1832394.4373201982,5412732.727535083],[1832355.5266191007,5412462.171065334],[1832357.7405779127,5412020.041525753],[1832390.098059287,5411454.561085384],[1832423.7100650826,5410889.052790996],[1832487.26241516,5410409.836715406],[1832657.0062677616,5410033.967201587],[1832995.2770520411,5409725.899482103],[1833545.9315570109,5408869.304422728],[1834006.8305345536,5407835.6470870655],[1834051.7176965727,5407220.734749023],[1834201.1542371693,5406500.956988087],[1834492.5664620076,5405842.11779969],[1834971.4346152232,5405385.666871358],[1835506.403013162,5405021.383997467],[1836339.9122006863,5404729.275077489],[1837173.124691175,5404542.526585901],[1837837.556868879,5404078.674250532],[1838569.761639264,5403553.835780651],[1839130.2318459314,5403300.193406113],[1839525.0008637444,5403083.1028224435],[1839936.7612092767,5402688.44644687],[1840606.6454325742,5402200.094257212],[1841470.5295669853,5401889.792150481],[1842309.5548979756,5401677.536190115],[1843005.3766833975,5401195.944443838],[1843654.3588800598,5400363.485212641],[1844130.907591764,5399697.3738593785],[1844409.4291802554,5398878.49121041],[1844799.8748002306,5398244.032349942],[1845021.8962748393,5397437.7562123425],[1844936.1260887133,5396816.445744878],[1844848.0873628603,5396533.854016351],[1844675.4030582143,5395839.809137804],[1844391.5985165378,5395274.6073119035],[1844196.7323418425,5394783.580280606],[1844056.6917918844,5394383.804998956],[1844016.4117311966,5393904.441567326],[1844093.5465155684,5393480.2132062595],[1844001.9307063036,5392988.135396688],[1843870.55806594,5392773.354105648],[1843616.933208165,5391981.0380333355],[1843391.7840477084,5391612.963716481],[1842164.3958126423,5388885.740064813],[1841787.1439164632,5388167.521119383],[1841496.8216642232,5387522.501592497],[1840950.5001657691,5386423.341006452],[1840618.1800263287,5385742.13766364],[1840538.2077015743,5384991.465070757],[1840686.7047406344,5384270.979149594],[1840792.9673955827,5383618.365350977],[1840927.2399606768,5383286.165555952],[1840837.648456971,5383003.366653471],[1841119.0071511704,5382498.167850962],[1841289.8829992502,5381469.264176534],[1841142.1609549492,5380675.90571494],[1841137.184412781,5380153.1444450645],[1840985.4726851578,5379698.325939498],[1840784.5518706117,5379231.298867939],[1840443.9635908508,5378364.623536982],[1839874.5678698062,5377468.694143206],[1839037.6445477786,5376376.387704897],[1838643.9702735492,5375731.4811523305],[1838435.6300276234,5375184.713760936],[1838081.5710044256,5374158.047085877],[1837631.51121812,5373421.215138231],[1837012.984210793,5372616.981326773],[1836329.3030527218,5372084.039861253],[1836009.8102720003,5371562.155250193],[1835702.090721072,5370782.155514697],[1836060.6279493745,5369955.318504923],[1836220.9780546592,5369081.131635856],[1836326.8059394252,5368323.767590032],[1836304.0959509844,5367768.832555606],[1836212.8616867852,5366963.600914537],[1836154.8386255177,5366661.443705186],[1835655.4152834506,5366017.270867402],[1834898.1590080103,5365570.277868743],[1834260.398267346,5365492.9088621875],[1833653.8799777674,5365291.788270089],[1833048.8699172516,5364438.341548559],[1832846.0980135342,5363761.65233758],[1832698.87014103,5363072.682943715],[1832600.7504563953,5362291.719419092],[1832264.365575841,5361842.938259006],[1831625.6339412448,5361556.247541694],[1831014.3831673684,5361693.565410856],[1830403.274464637,5361726.707780003],[1829686.2955347092,5361759.910021395],[1829036.2682961894,5361626.786379909],[1828459.2717626323,5361302.388986436],[1828092.6242078585,5361082.535909181],[1827665.4829443768,5360898.889627497],[1826809.1032397435,5360427.932260005],[1825686.7214040426,5359865.171798439],[1824992.480891277,5359485.554173954],[1823835.106902821,5359280.343150676],[1823513.6955569265,5359201.297048063],[1823122.3831822968,5358974.586735482],[1822695.1051196312,5358896.09990082],[1822200.1816777827,5358670.433150897],[1821977.3098169463,5358615.2892282],[1821487.9562009096,5358471.33354936],[1821438.1041289975,5358456.645514323],[1821035.3970552254,5358280.333055703],[1820605.9526452476,5357782.662537992],[1820118.7704902464,5357087.890967392],[1819758.133445507,5356633.697157704],[1819450.3593236157,5355852.694095412],[1819172.2407540302,5354948.362419126],[1818853.302440988,5354321.403235408],[1818535.4385416224,5353903.813286419],[1817976.3432291686,5353504.958894],[1817382.4939911738,5353359.057769215],[1817028.905921771,5353089.72389994],[1816669.112030597,5352844.352142699],[1816439.7781863671,5351847.392002571],[1816537.766330325,5350695.532695708],[1816483.1270532273,5349740.88609933],[1816434.763942412,5348971.169894842],[1816325.9623327542,5348448.113178073],[1816007.635236478,5347716.210598888],[1815279.8408008812,5347040.868272671],[1814350.0631888018,5346550.65262183],[1813797.3556634034,5346127.709059499],[1813278.2638366583,5345999.851918142],[1812841.1777198738,5345317.4042535415],[1812043.0333550065,5343971.479887359],[1811767.1289600881,5343276.114335532],[1811536.0026109922,5342826.9135771915],[1811466.2434214682,5342470.109118477],[1811667.6740015256,5341544.070767833],[1811675.769461814,5341502.119123706],[1811826.1363469742,5340676.085416086],[1811791.7070736925,5340066.572346619],[1811703.7073571796,5339783.653450963],[1811834.0715564764,5338821.410956935],[1811664.0442661464,5338230.543702594],[1811621.69095631,5335291.863069138],[1811767.3096209809,5334700.103711074],[1812240.277472574,5334162.881361056],[1812934.4691891014,5333679.292263102],[1813864.4537662931,5333202.330552578],[1814481.6213491962,5333039.604092014],[1814819.6549161777,5332835.015551626],[1815399.5567690602,5332611.582654172],[1816020.0265268644,5332110.336250597],[1816425.856637982,5331739.5874297805],[1816979.8618400658,5331300.082221278],[1817495.4747878844,5330798.86284443],[1817815.194967843,5330563.86573373],[1818121.0015709004,5330168.16432399],[1818587.4245468148,5329655.185414933],[1818992.2180578061,5329178.986150623],[1819279.2402453076,5328543.148020667],[1819424.6506075813,5328160.287679666],[1819560.1765294378,5327931.7848697435],[1819702.1898645998,5326920.659927403],[1819821.0197640124,5326112.879855924],[1820142.1296510808,5325014.67731131],[1820360.0120994223,5324230.688072243],[1820616.3366487862,5323613.776591339],[1820682.6122666532,5323342.137475948],[1820755.3982993995,5323150.8843134595],[1820906.6134147584,5322533.539899973],[1820839.765613383,5321627.68652078],[1820758.7616234026,5320456.061229607],[1820519.9994411715,5319716.998019769],[1819875.5485367374,5319244.63374867],[1819125.8249688686,5318667.953158215],[1817932.3060851889,5318401.190667265],[1817599.2523120982,5318371.678704536],[1816734.4931055417,5318367.796238095],[1815868.6539271304,5318050.623280869],[1815253.0089393898,5317244.777098575],[1814917.8410311749,5316796.032993683],[1814803.310509391,5316087.617287513],[1814761.7719082055,5315397.231323419],[1814469.29597919,5314775.27715338],[1814125.330107795,5313931.707596393],[1814129.6334116915,5313697.279665373],[1814386.8389628255,5313184.447436803],[1814599.1771528425,5312529.913791219],[1814664.5904174477,5312048.6737528555],[1814804.3712133449,5311585.970047818],[1814875.6239027865,5310975.1995286485],[1814487.5951844507,5309989.736404873],[1814182.3533372423,5309417.171736293],[1814223.3933232815,5309034.475700673],[1814325.6985839182,5308510.414058531],[1814303.4235754558,5307745.601563957],[1814163.9732187842,5307135.463541807],[1813969.9793068387,5306537.636427705],[1813823.931282558,5305847.493733876],[1813364.7810961863,5305262.742236411],[1813054.6147917272,5304820.083358974],[1812910.8556604946,5304444.410755124],[1812609.399224579,5303931.672950615],[1812574.1837336035,5303333.779992329],[1812876.2337927215,5302716.794860999],[1813228.6190173354,5302322.034644612],[1813503.1803732105,5301893.728805301],[1813771.9533727001,5301353.405295396],[1814082.6652331778,5300885.824695059],[1814278.8193076611,5300386.921744982],[1814356.4829721632,5299720.15850991],[1814476.6851392733,5299016.58409705],[1814466.6085710863,5298306.783688408],[1814134.0925513078,5297308.784557585],[1814004.1989730382,5297093.463317974],[1813938.9807817822,5296291.866520947],[1813928.938775189,5295581.9514912125],[1814073.7222648994,5294884.050609072],[1814059.4464406886,5294409.282105586],[1813908.2904553562,5293847.789229477],[1813659.3621842226,5293367.4583341135],[1813522.404175009,5292966.983258768],[1813776.2491409245,5291929.478216572],[1813882.632415996,5290960.394706731],[1814058.3646535538,5290244.072418279],[1814284.280563328,5289644.521112166],[1814313.0904419569,5289416.0957803475],[1814101.718205654,5288787.248842513],[1813833.777976681,5288275.876887138],[1813670.7432814843,5287660.20146523],[1813486.3586168515,5286697.7250089785],[1813650.9206189753,5286030.345163626],[1813790.060344145,5285462.22712169],[1814187.7620498051,5284904.446980381],[1814815.1524160176,5284378.2128886925],[1815318.8414208898,5283925.848304712],[1815988.4771724856,5283330.689122525],[1816479.737359406,5282822.771804268],[1816705.0708577281,5282328.070470137],[1817029.9248359993,5281857.743227025],[1817139.1344565165,5281517.500909751],[1817070.3733027386,5281159.873324022],[1816927.010318741,5280784.1940471055],[1816453.8970260639,5279829.181127156],[1816186.6560401428,5279317.548887488],[1816110.079112027,5278879.293831798],[1816206.1209067102,5278169.426317376],[1816152.9591706675,5277421.929362863],[1816334.7224212748,5276680.878413941],[1816349.155841001,5275766.553725892],[1816843.6231504905,5274604.537978957],[1817265.2081607145,5273528.579903614],[1817611.9856863564,5272643.9409529865],[1817558.2985238691,5271582.009933084],[1817599.0451802139,5270779.4673616635],[1817668.1145998521,5269642.932853168],[1817731.85993429,5268950.903164425],[1817686.6945031763,5268389.378854188],[1817697.9078259508,5267920.1839588825],[1817745.142083762,5267407.627318129],[1817741.4278241023,5266672.346098825],[1817535.47264396,5266123.8598991195],[1817212.21660361,5265518.9984613815],[1816858.9473181022,5264934.374278868],[1816442.9416485874,5264280.979864508],[1816193.7460225679,5263590.345540364],[1815735.6130265729,5263005.374839104],[1815402.1401393516,5262871.260336891],[1814982.2681379667,5262662.529381056],[1814691.4885633413,5262564.721808106],[1814389.039088597,5262411.344986618],[1814085.3471277724,5262047.912413359],[1814109.0183201854,5261844.20306442],[1813799.9046692476,5261400.576866884],[1813310.5138919181,5260833.820800032],[1812759.517259798,5260199.776322846],[1812319.2777857922,5259540.901563658],[1811997.0127040236,5259041.665245488],[1811790.2616910564,5258282.388379191],[1811695.497155933,5257708.3659590855],[1811707.5133573897,5257449.028374533],[1811841.3919619247,5257114.63605462],[1812011.7332879466,5256318.107565671],[1812040.8636125538,5255983.903451646],[1811737.1645380093,5255516.049173885],[1811569.0411660909,5255133.023518235],[1811505.8768516525,5254644.951942159],[1811636.4195638706,5253470.890839774],[1811725.6264740073,5252470.0856759455],[1811594.4199613312,5252043.60575242],[1811679.7264719706,5251592.552476212],[1811597.8861669423,5251284.102653525],[1811312.8786943872,5250846.6160062505],[1811052.902357961,5250414.965808825],[1810774.1015804168,5250163.041056634],[1810650.237536149,5249922.085681086],[1810470.9746631277,5249798.904374835],[1810598.3250113449,5249279.779148142],[1810589.914307759,5248464.554041935],[1810490.0542851915,5248125.070269805],[1809704.5911372053,5245674.872632139],[1809732.1764549783,5245493.531030418],[1809832.0091001512,5244839.975851279],[1810051.2440083367,5244264.34859955],[1810256.8492232864,5243213.026368352],[1810409.8090443385,5242804.427071576],[1810969.1533810203,5242443.663132383],[1811560.3146218315,5242169.994054418],[1811966.572485216,5242217.838888505],[1812480.3360843142,5242790.4259057455],[1812980.1241652644,5242992.700674866],[1813861.1329145194,5243235.963394864],[1814895.9580682616,5242966.199441544],[1815338.5513635231,5242655.4095971575],[1815953.2148757742,5242282.160407015],[1816456.7541266098,5241934.27243726],[1817034.0942414189,5241394.099299149],[1817512.330200184,5240934.414815001],[1817714.5003277727,5240538.411682121],[1818205.0649869607,5239714.63839557],[1819015.2991890446,5238969.366158812],[1819375.2127215008,5238034.954439962],[1819366.9980406605,5237533.923501391],[1819261.8354704378,5237324.294100146],[1818852.7467841816,5236750.7900912445],[1818537.300865213,5236331.760457132],[1818104.4386145808,5235752.377500518],[1817474.463362937,5235125.180837465],[1816664.6418590746,5234479.170336777],[1815850.7255409302,5234172.646912747],[1815369.7313026343,5233896.88116518],[1814875.7146656248,5233565.462537226],[1814652.778851556,5233194.938896127],[1814639.0950986966,5232719.452836433],[1814717.673512341,5232502.435351099],[1814814.3714702015,5231896.061507189],[1814979.036924916,5231332.8701919075],[1815532.3196731587,5230891.922065506],[1816190.3694209028,5230555.679889047],[1817064.6959985676,5230508.18051019],[1817378.3377725196,5230611.899621476],[1817928.6641757407,5230931.897345035],[1818354.4628561137,5231325.621307841],[1818822.664847293,5231335.803809126],[1819134.9039647474,5230914.141299394],[1819121.4898834387,5230438.059437542],[1818884.2852980713,5229487.388339741],[1818734.5888400492,5229030.34254834],[1818793.020344101,5228256.801664683],[1818841.6982881967,5227743.023287592],[1818906.7804566966,5227050.260339164],[1819243.4579277348,5226529.825615436],[1819623.8122768719,5226151.237194562],[1819783.7659318529,5225927.994638086],[1819991.0357908967,5225506.438657644],[1820482.9129085727,5225102.38141844],[1820771.035458877,5224779.69343961],[1821066.037716175,5224537.346248625],[1821133.1319110068,5224264.505836693],[1820755.8080221855,5223882.864534122],[1820354.58145442,5223494.8620240595],[1820038.5990672319,5222971.04933642],[1819501.463697926,5222497.096153679],[1819100.1176936857,5222109.074597293],[1818908.269096253,5221930.575738422],[1818285.8783660014,5221803.48541035],[1817799.5274632683,5221762.334754577],[1817238.5993088558,5221492.569378123],[1816948.4961593188,5221394.695673689],[1816738.3998755966,5220975.103118696],[1817216.7829731384,5220620.794518454],[1818016.4335765895,5220345.022320652],[1818207.1847316644,5220207.918799395],[1818391.6780410323,5220095.989134068],[1818494.857481877,5219675.054163727],[1818075.8589312374,5219467.053098933],[1817828.469508381,5219090.414852923],[1817543.434819612,5218547.67570672],[1817407.4449841676,5218146.072630366],[1817515.6609142818,5217595.373454388],[1817562.456078704,5216871.689814994],[1817296.72144481,5216253.85001655],[1817055.2386705186,5215852.983862548],[1816426.6141170627,5215645.509354761],[1816088.6545406538,5215851.107034474],[1815746.4744680792,5216607.165487407],[1815391.296330146,5217307.487775895],[1814857.0306093032,5217989.996137576],[1814223.8307642078,5218227.379579664],[1813712.4628175255,5218075.337101686],[1813187.8817631393,5217551.449749608],[1812890.1291920315,5216742.388432692],[1812943.5504512135,5216099.093830187],[1813015.7446624415,5215486.298451002],[1813068.196456116,5214737.395648221],[1813003.0458296982,5213198.02164378],[1812521.317270767,5212606.339408347],[1812186.5202061331,5212050.755712612],[1811840.8310029686,5211545.519139316],[1811088.3911928916,5210992.015239769],[1810619.5563263213,5210454.990946063],[1809952.6883036261,5210080.336235451],[1809410.3432363523,5209735.92149947],[1808652.3491625118,5209417.247897809],[1807833.4238778932,5209031.141247775],[1807130.5072399462,5208700.483562321],[1807116.185599312,5208684.500593424],[1806618.1473640068,5208127.037293942],[1806394.4315395528,5207440.796092865],[1806355.8075473127,5206853.724695572],[1806354.4944264037,5206222.604738421],[1806464.9899702547,5205882.316417414],[1806808.184882642,5205441.203582501],[1806979.773096603,5205063.221721877],[1807593.7339931952,5204478.717208816],[1807835.3137852943,5203982.988716659],[1808059.6418093587,5203543.20585184],[1810055.8017435614,5202118.707706946],[1810572.562094934,5201825.548125669],[1810940.9049281557,5201496.275455196],[1811744.6569876324,5200879.954054009],[1812474.7951405135,5200035.739573241],[1812799.7780062198,5199248.389580681],[1812797.5870289647,5198512.301723744],[1812696.5483558537,5197435.781949874],[1812570.424191263,5196248.181183686],[1812236.2281849557,5195481.809403498],[1811599.8572113444,5194562.723518829],[1811210.3336425372,5193599.435158256],[1810678.3505810918,5192469.092350715],[1810233.7059808206,5191412.514105391],[1809928.9734833227,5190417.225965363],[1809916.3408275098,5189940.632764124],[1809999.9967946815,5189172.824962944],[1810071.7391269512,5188243.981218521],[1810298.7564430246,5187853.576597152],[1810439.768329758,5187283.5907497],[1810524.3293973466,5186726.1093838615],[1810449.373242099,5186076.704387519],[1810362.2480616972,5185686.674545036],[1810447.6298244593,5185444.833628244],[1810569.2823934904,5184844.205372685],[1810524.5937775366,5183860.145960362],[1809749.435590535,5183720.670602597],[1808845.351457644,5183997.111290985],[1808310.1976816733,5183943.374361795],[1807509.7647288856,5183798.549660869],[1807035.7803426336,5183602.335862638],[1806666.315136241,5183195.334710584],[1806166.1997859601,5182571.811241772],[1805937.089903978,5181910.406137332],[1805997.2328057417,5181241.182719315],[1806168.9064250512,5180758.406530493],[1806494.2696731074,5180286.497220853],[1806813.715916911,5180049.8131826185],[1807151.1884148032,5179633.6880124295],[1807665.1945195755,5178603.712570152],[1807425.1958612099,5177992.116243389],[1807000.105431844,5177702.815450684],[1806758.7079652196,5177301.251982437],[1806641.01179223,5176509.336244453],[1806577.3540931484,5175599.592547567],[1806391.1181899186,5174764.322999874],[1805929.710850494,5174518.597727109],[1805468.4705434695,5174378.161606041],[1804939.9397668734,5174510.789160206],[1804417.6907511782,5174933.023708339],[1804117.5241400988,5175306.143724307],[1803705.79280451,5175914.860638097],[1802980.783698034,5176524.5003532795],[1802312.0909584218,5176805.767038994],[1801603.7489004552,5176709.068311237],[1801099.1851095853,5176426.926363756],[1800656.0958462828,5176106.019210569],[1800155.992467312,5175377.552369574],[1799927.317052137,5174715.947249757],[1799767.1722369532,5174308.174003331],[1799657.714176135,5174103.004760829],[1799956.420922454,5173644.7630510675],[1800190.088513682,5173334.625173228],[1800361.4754553917,5172955.951021493],[1800109.1379194087,5172814.86400833],[1799709.1787804284,5172741.941715162],[1799401.8431724375,5172823.450476293],[1799155.5708599084,5172762.416568652],[1798934.2432292306,5172497.155156184],[1798858.992555881,5171742.05941765],[1799055.0034909127,5170948.52330726],[1799391.6995135734,5170322.119561255],[1799593.960636852,5169714.890532447],[1799316.9843536243,5169251.509497037],[1798652.5116110318,5169086.958244205],[1798092.2607717204,5168816.275768128],[1797920.1240185709,5168563.177439152],[1798164.2978515453,5167992.353892725],[1798458.8687547026,5167328.891867849],[1798623.7821838,5166659.374734329],[1798677.881464441,5165910.081389847],[1798830.8725692267,5165289.490070476],[1799052.1409643318,5164607.850454341],[1799413.5105786857,5164303.0738204485],[1799979.8703327335,5164443.20523907],[1800748.3160535735,5164502.089914974],[1801117.308454538,5164488.562003546],[1801632.7424714884,5164195.137534686],[1801773.8194473411,5163624.95983011],[1801619.2335382833,5163086.364622367],[1801194.478103394,5162902.762954563],[1800752.1802820233,5163003.079659542],[1800063.2506658584,5163043.369461054],[1799854.4896510856,5162623.150129679],[1799914.6622443213,5161848.93155825],[1799735.5380364184,5161199.090975523],[1799697.2950834846,5160610.612271871],[1799862.446332722,5160151.550938184],[1800717.3637021657,5159969.24858776],[1801226.765122861,5159595.617115921],[1801502.991509201,5159216.29133323],[1801595.096623006,5158843.983147801],[1801422.472149853,5158485.398687076],[1801016.4492307492,5158227.509991447],[1800585.271171474,5157962.7630374385],[1799915.1801574552,5157296.082699993],[1799515.0661159682,5157013.431852173],[1799298.3714469257,5156301.218257754],[1799187.469688837,5155695.5303617455],[1799087.365287576,5154933.922155421],[1798736.7282802623,5154135.485863152],[1798385.4642489387,5153233.143436094],[1798507.4105293374,5152842.330335511],[1799073.9085008262,5153193.269619374],[1799547.1137144894,5153704.819605019],[1799910.2646308527,5154137.073566832],[1800690.593734834,5153725.295746931],[1801341.278033865,5153413.394723275],[1802564.49335535,5153426.64609306],[1802896.3526793595,5153140.013002899],[1802988.2300290938,5152662.671790714],[1803319.5742362987,5152166.217092242],[1803896.516604174,5151414.038746887],[1804135.2964299335,5150867.350536374],[1803876.680576385,5150435.179870885],[1803427.3755377592,5149718.561202254],[1803058.2218618174,5149415.904842477],[1802608.3318582557,5149120.463111206],[1802085.993133776,5148806.948840928],[1801618.505904728,5148690.7236282155],[1801361.0328763986,5148364.442350725],[1801372.589719405,5148103.548670687],[1801709.7427942927,5147476.771432184],[1802483.9647356814,5147299.904638021],[1803232.906583721,5147011.746340164],[1803681.8884056783,5146781.031053791],[1803822.3346107088,5146308.669609036],[1803959.4418542509,5145845.905583007],[1803465.2718226945,5145505.386928306],[1803109.750104916,5145722.738941425],[1802624.6604595035,5145926.5215702085],[1801910.762363462,5146296.6478532255],[1801130.090240087,5146626.438803086],[1800390.9228330643,5146540.186601129],[1800003.4142506372,5146171.558811316],[1799951.9628423557,5145630.65380659],[1800613.941163177,5145111.113571102],[1800909.4241988559,5144570.851545143],[1800611.977848675,5144283.1892001415],[1800063.4686724127,5144512.72912146],[1799426.9859940442,5144333.306128214],[1799319.8430621433,5143947.709368717],[1799746.556367118,5143464.3645678],[1799697.1981059893,5142944.562421339],[1799511.2148209654,5142323.948972105],[1799688.6088303137,5141616.044803516],[1799976.0396451682,5141337.393596155],[1800239.5694870239,5141016.292278247],[1800585.3192263972,5140647.0674551055],[1800746.1653166234,5140418.897969969],[1800772.374270916,5139908.981727118],[1800727.9137589678,5139708.493838868],[1800714.3982616465,5139490.839830755],[1800455.7386329183,5139385.23775338],[1800278.3654382725,5139357.691782747],[1799960.633705837,5139447.382176349],[1799641.8989029499,5139537.076258742],[1799299.2593506754,5139618.643540544],[1799023.9847745004,5139481.132782224],[1798738.8894741607,5139287.936845199],[1798551.2535208834,5139470.662687552],[1798228.1371044433,5139664.854603972],[1797885.3750530567,5139747.423843981],[1797789.571849941,5139450.976504986],[1797900.428321143,5139084.9399114065],[1797878.4642293584,5138811.08574245],[1797817.1414988383,5138578.939244541],[1797631.6432361265,5138229.216995931],[1797415.4444006376,5137895.895993278],[1797119.3703318408,5137564.996613055],[1796888.5570962604,5137627.979271146],[1796378.1186812422,5137739.457323907],[1796056.5678918432,5137667.17323261],[1796024.5415428919,5137337.8717789985],[1796213.8805469344,5136888.3773616385],[1796088.5894229054,5136343.0590377115],[1795864.988365308,5136035.009291698],[1795586.9379024517,5135816.245173242],[1795190.9777042826,5135988.868518506],[1794930.7452667737,5136149.25891603],[1794638.4409084755,5136326.818839844],[1794521.1523984561,5136104.201862236],[1794542.4465362597,5135683.837515345],[1794530.2710732082,5135199.642352788],[1794139.8212099322,5135267.487920405],[1793825.3155913635,5135171.421102895],[1793439.503029131,5135133.483641815],[1793432.3875607299,5134811.009663495],[1793622.8935933078,5134442.47340387],[1793766.970487548,5134059.166857685],[1793551.8187714657,5133806.549088148],[1793219.0487048808,5133597.813875019],[1792722.7458076575,5133312.695318828],[1792223.455094152,5133213.615746891],[1791905.9633511424,5133302.824514926],[1791473.7453893013,5133331.145366642],[1791567.365602631,5132852.591074846],[1791741.020155748,5132452.106605649],[1791731.1401148196,5132049.101169503],[1791163.4396679914,5132088.400545061],[1790676.3716034377,5132126.776584643],[1790508.6316618735,5131808.121945693],[1790374.2434284638,5131554.0566669945],[1790189.5226819965,5131203.732889435],[1790034.22226709,5130755.976429174],[1789594.7797349172,5130461.5259583285],[1789131.739984212,5130506.776341411],[1788636.7483273325,5130568.44363186],[1788043.3728215676,5130520.617755674],[1788191.606231556,5130031.462810306],[1788398.0993075876,5129615.010510312],[1787852.7770573208,5129580.925213707],[1787357.5384585075,5129643.10369113],[1786951.8737003414,5129759.558421449],[1786288.7802563286,5129503.054719647],[1786182.5957545245,5129416.850207756],[1786089.8534952034,5129201.796403867],[1786074.217934204,5128903.5580862705],[1786321.7734390527,5128872.722462339],[1786761.0371246394,5128820.349424622],[1787046.0644939519,5128667.273059543],[1787040.244761303,5128425.488332914],[1786438.5251114378,5128053.855701992],[1785836.5624437744,5127683.230728354],[1785644.5621229243,5127357.659648536],[1785884.7837947484,5127003.741007887],[1786180.862484625,5126641.014848659],[1786500.9678734976,5126284.64386893],[1786506.079585802,5125832.683134439],[1786451.4631619463,5125575.363114294],[1786419.9837433705,5125245.640449566],[1786076.9227057316,5124980.626812605],[1786006.5743406382,5124691.616841009],[1786006.1703297812,5124344.703103323],[1785655.9404872982,5124103.982793805],[1785344.8322489688,5123822.025938208],[1785430.715437968,5123367.823393172],[1785718.7631378763,5123028.317116387],[1785746.032928906,5122503.376689763],[1785704.876997844,5122116.616442255],[1785597.933764206,5121683.685405866],[1785054.7534465722,5121730.920938019],[1784621.8906533103,5121678.4946817085],[1784573.4416184577,5121316.7835885035],[1784966.7970844803,5121063.227948935],[1785255.9824862632,5120724.427670239],[1785763.9355508732,5120533.02724327],[1785755.2510710699,5120209.850188303],[1785526.427977761,5120006.9648402445],[1784858.2025795714,5119855.756416874],[1784218.9004578155,5119526.005738251],[1784197.76664036,5119332.480374733],[1784683.457568065,5119214.23950867],[1785074.0509924479,5119147.056301436],[1785457.7231170007,5119104.425008722],[1785299.096316773,5118842.092002107],[1785024.2292461344,5118704.491205724],[1784454.2545240081,5118663.328027167],[1784012.9678366142,5118635.2232888425],[1783953.7152973479,5118483.682844202],[1784113.9760315185,5118132.534731922],[1784154.1091396217,5117824.318653652],[1784472.622638292,5117387.715080347],[1784658.053462516,5117125.491939549],[1784798.0584739314,5116926.538584532],[1784654.5343266884,5116615.8118889],[1784346.8511779339,5116147.5881183],[1784940.4855656505,5115848.550232838],[1785342.0361654784,5115571.33627467],[1785202.295289629,5115074.387053301],[1785146.9551505055,5114736.613863034],[1785017.2872179684,5114377.236607577],[1785088.0030929917,5113971.436489818],[1785240.234501887,5113643.758879214],[1785563.1642065134,5113368.938385045],[1785625.586695876,5112987.690430644],[1785743.993092215,5112596.864967045],[1785753.7242019933,5111958.859277943],[1785312.7831512184,5112277.406168193],[1785016.5104353128,5112640.946856044],[1784643.6377806996,5112740.114677265],[1784556.8873529695,5112152.963619731],[1784540.5604870308,5111773.883899475],[1784497.3308247891,5111307.102981926],[1784442.6675293518,5110702.962402497],[1784311.0063400678,5110181.578127659],[1784308.6619755153,5109753.323658526],[1784591.3551936296,5109519.716987399],[1784914.9251315088,5109324.668334605],[1785250.3418131508,5108920.040400099],[1785400.84605006,5108512.178816709],[1785272.3269829392,5108152.433561661],[1784927.8177254961,5107806.406391288],[1784942.337972156,5107410.299965817],[1784958.48752498,5107094.533622433],[1784611.4334871962,5106934.7613405455],[1784300.5064021638,5106652.872544926],[1784527.2259931795,5106428.544647954],[1784762.1250665807,5106180.132723349],[1784330.564103161,5105860.855885505],[1783958.2333795885,5105693.460263429],[1784037.4199044579,5105343.517792899],[1784187.0092658012,5105202.223677747],[1784704.1279663579,5105414.121431572],[1785148.163297913,5105603.648038139],[1785434.2419449384,5105531.185663898],[1785456.9514051424,5105110.448282526],[1785278.7714065316,5104655.284912651],[1785150.1460886553,5104295.727578628],[1784965.292683844,5103945.494833279],[1784824.31290944,5103714.938850181],[1784496.4195734551,5103400.808655782],[1784215.960266849,5103021.055972728],[1784646.9520905341,5102992.57802561],[1785182.9781224781,5102970.01512986],[1785145.9116309998,5102744.87096497],[1785123.9505161217,5102471.317449766],[1784858.898849991,5102469.808817711],[1784392.3376530213,5102353.764489375],[1784232.5172395366,5102011.123795435],[1784660.269727426,5101821.397977415],[1785108.2352403284,5101824.866658328],[1785607.323501225,5101577.134569381],[1785199.1836958157,5101265.693641997],[1784727.6403154251,5100907.274384692],[1785181.0387306805,5100805.529949085],[1785507.998424088,5100772.624885859],[1785895.0033099772,5100543.790502528],[1785808.8889180587,5100303.369288853],[1785347.5139987443,5100081.864462708],[1785040.84355802,5099961.4052909855],[1785105.953533389,5099660.766926211],[1785082.2608576403,5099306.289536634],[1784965.0682368975,5099082.8111649295],[1784839.909481926,5098536.808644071],[1785159.9469590113,5098528.9808661435],[1785604.4675891653,5098718.280163333],[1785912.7551337772,5098919.8846736215],[1786165.392430895,5098783.196548144],[1786192.497331196,5098524.078257497],[1786116.0585559213,5098340.686905448],[1785775.5711530668,5098156.044585676],[1785338.1011512026,5097942.160050735],[1785267.101445125,5097653.035265653],[1785277.2369873635,5097362.193723306],[1785968.8401138259,5097521.0379788615],[1786441.0859405342,5097532.108714526],[1786269.7492865983,5097051.945664074],[1786385.5392151575,5096846.897148452],[1786598.922558356,5096752.250481895],[1786839.0714502467,5096745.610476631],[1787086.402790352,5096714.383960374],[1787491.0082397587,5096597.839316483],[1787854.2501656106,5096361.551034215],[1788192.2218928486,5096118.143342498],[1788162.4533228083,5095521.404710749],[1788166.5079776894,5094987.823551355],[1788460.3854598575,5094543.743033547],[1788855.4365030213,5094023.911740299],[1789123.9289687267,5093491.009145425],[1789431.924937245,5092997.951249275],[1789875.4429176021,5092759.373152379],[1790103.069249182,5092615.753149507],[1789906.7657060365,5092395.423862884],[1789699.4202266817,5092118.287052381],[1789573.2101165447,5091839.167006495],[1789957.8874503216,5091529.258483989],[1790152.8262584712,5091321.926262811],[1789915.651753533,5091061.729485247],[1789726.2835607566,5090817.0454150755],[1789575.1733093746,5090529.782547779],[1789749.804952619,5090129.374860249],[1789984.0115588189,5089880.4509266345],[1790291.1721052048,5089654.400834591],[1790542.4743253847,5089437.186812871],[1790398.300181293,5089125.310324078],[1790328.2130494236,5088837.310980318],[1790417.5153002224,5088543.097964913],[1790779.9140849737,5088307.180393541],[1791008.9245428373,5088163.248917859],[1790526.394892301,5087748.5998881105],[1790303.2192994643,5087439.419565313],[1790067.6766333163,5086913.042159746],[1790100.6303241192,5086629.670274158],[1790305.6186489952,5086478.348724696],[1790534.365196109,5086681.746030082],[1790736.9699120224,5087144.925618539],[1791049.1899644672,5087507.964720318],[1791400.075500948,5087134.260234888],[1791402.0706409737,5086867.855158783],[1791380.0404601165,5086593.819451333],[1791349.8260888222,5086343.885094889],[1791351.8238214564,5086077.472599482],[1791305.8941686263,5085795.795472046],[1791065.3846574018,5085455.624832517],[1790699.3740283318,5085877.315573804],[1790472.2305512526,5085754.854842565],[1790132.3893835042,5085570.141229869],[1789720.9517549074,5085444.250359023],[1789375.9283912675,5085017.718395555],[1789357.23292004,5084905.048462845],[1789280.5763115135,5084721.542620815],[1789227.5932356361,5084464.203482444],[1789147.4821353194,5084119.05523564],[1789093.2494221253,5083861.720249596],[1789011.4182560565,5083435.867403371],[1789221.6202917055,5083179.973265532],[1789382.7701138693,5082908.57120065],[1789305.6448362076,5082644.339234334],[1789131.7635011538,5082430.810243002],[1788822.165297056,5082148.647578124],[1788685.9537791403,5081812.818374429],[1788472.3339463603,5081560.164215529],[1788258.551399312,5081655.1790740285],[1788072.369842293,5081918.465738686],[1787769.5455427417,5081959.613468026],[1787547.2666723754,5081650.356195543],[1787470.4928168065,5081466.830240794],[1787125.0763549583,5081387.911526776],[1786959.506359494,5081149.501265824],[1786793.814355732,5080911.597659975],[1786653.2740954424,5080681.566856616],[1786669.0304984027,5080366.133881497],[1786786.8348377345,5080241.347391931],[1786950.7206057485,5080051.114476807],[1787127.0013262245,5079730.954666792],[1786747.52753445,5079587.808263129],[1786450.0382062406,5079523.6466269465],[1786119.8655335712,5079394.99152389],[1785898.9446466041,5079167.430114413],[1785898.990844515,5078819.723371036],[1786090.3950123189,5078450.823894863],[1785563.8019690157,5078182.699769265],[1785348.221226866,5077849.297800239],[1785712.4979726728,5077693.704666047],[1786069.7130792413,5077562.466354007],[1786413.4592277133,5077213.440453361],[1785963.7598368665,5077128.615753969],[1785527.211827221,5076914.850249383],[1785679.3530475695,5076587.265584275],[1785896.638325016,5076306.67407505],[1785526.948181647,5076219.86851504],[1785129.79954874,5075964.239318229],[1784898.8536235588,5075679.792804251],[1784620.9866508867,5075380.574592731],[1784213.8077983917,5075068.334983677],[1783852.7126029232,5074690.630397789],[1783375.055822114,5074437.227278439],[1782856.8431951576,5074491.709516389],[1782492.560695296,5074647.329415948],[1782420.1766454803,5074277.67857439],[1782373.6593414932,5073996.125652203],[1782446.6747246836,5073670.98242289],[1781963.9265502957,5073522.405086044],[1781762.290965339,5073487.755205738],[1781431.7521303834,5073359.335692554],[1781264.9897710069,5073041.384010119],[1781540.2360682818,5072831.1151652895],[1781922.2013725028,5072788.216805514],[1782216.130412418,5072691.42856616],[1782106.320954071,5072444.089070038],[1781997.885686221,5072195.975778086],[1781848.8078526808,5071990.495640668],[1781723.0369495016,5071711.143549425],[1781452.7081368458,5071467.760543749],[1781247.1030214673,5071538.703764665],[1780919.5435381841,5071918.80697926],[1780683.5693708693,5072086.968035931],[1780483.182322421,5072052.052268824],[1780294.9543118174,5071887.6786493845],[1780161.1238487838,5071632.447200362],[1780209.8731481456,5071300.148271341],[1780341.4415934673,5071126.835264069],[1780522.434016422,5070968.017201466],[1780487.5445800177,5070824.034251032],[1780083.6839953018,5070673.223793283],[1779885.1390673097,5070719.5523538925],[1779700.715538408,5070715.632664996],[1779425.4635416155,5070925.6701929085],[1779221.821984262,5071076.840163234],[1779042.9208747682,5071315.882170232],[1778795.62554906,5071694.498519881],[1778642.594050147,5072022.1449433435],[1778447.7310954481,5072229.672828562],[1778206.3585637126,5072155.380146118],[1777896.16547835,5071872.869489749],[1777370.214839832,5071604.684826032],[1777052.2626329334,5071694.338154681],[1776968.8727487226,5071882.64735595],[1776757.762667455,5072138.660055651],[1776506.7936286922,5072355.789474434],[1776068.8417740222,5072408.283338249],[1775788.1971440061,5072375.593460327],[1775285.953255155,5072462.064776521],[1774822.8524955928,5072506.927417815],[1774313.6695262059,5072617.498744254],[1774074.0148473214,5072624.43542839],[1773925.6148695573,5072765.972494559],[1773962.3529693792,5072991.16201664],[1774050.231891128,5073311.569850816],[1773891.6778494152,5073396.750952522],[1773662.895246079,5073540.764821423],[1773334.4498610874,5073493.054495383],[1772923.7795522443,5073367.104195293],[1772732.4236958604,5073388.287657169],[1772512.5421871413,5073588.406866176],[1772259.982215088,5073724.271218006],[1772036.418236653,5073762.692737275],[1771573.4474959262,5073807.535080827],[1702485.4415248209,5080447.25261765],[1702173.3522461345,5080473.089346456],[1701807.7043551593,5080568.634367863],[1701502.693028361,5080795.900503555],[1701049.1717271737,5081331.289440206],[1700758.6183698259,5081629.964574693],[1700482.9900590496,5081727.28448625],[1699986.7693468782,5081888.855594452],[1699569.2247973192,5081976.7193625895],[1698483.1798094243,5082005.607585446],[1697949.0709859887,5081771.862532672],[1697243.3450390575,5081590.588718439],[1696585.510084079,5081761.0548245255],[1696472.5070889434,5082328.968842944],[1696348.0758065043,5083007.925998956],[1696119.782430679,5083693.519319788],[1695646.7236619785,5084594.656308365],[1695492.906729245,5084878.228097858],[1695261.5381588656,5085018.110061659],[1694780.7604274598,5085112.257410756],[1694262.186701915,5085277.724050855],[1693926.9527290065,5085424.511715526],[1693706.2838636795,5085930.246705564],[1693523.5368781541,5086364.388965921],[1693257.0132704114,5086835.088280019],[1693034.0940292312,5087209.894595377],[1692786.4099179439,5087580.596589184],[1692530.6567071045,5087715.841763449],[1692098.0316752212,5087689.275882492],[1691655.1707255493,5087582.683684518],[1691270.5691337932,5087434.43094072],[1690865.62765762,5087256.776220034],[1690415.8338667226,5087044.863407365],[1690083.1755355082,5086620.740638105],[1690017.5193135564,5086271.524279172],[1689905.875769983,5085757.903232591],[1689789.6834371837,5085269.328465108],[1689608.1347637596,5085002.4065042315],[1689233.6864886314,5084518.691159107],[1688840.5282348816,5084135.452553517],[1688490.054414549,5083942.172520777],[1688071.8370191457,5083839.416142372],[1687744.0801624728,5083805.934454222],[1687504.655010488,5083710.570318938],[1687347.5013779078,5083448.2394523695],[1687287.4072640382,5083073.658411655],[1687351.5191294225,5082721.3172583375],[1687577.1375233135,5082191.483186743],[1687621.0402434655,5081809.208698874],[1687593.953588976,5081259.667174543],[1687464.3777946804,5080846.177383561],[1687300.6107686895,5080192.821179234],[1687153.7615003958,5079594.413540196],[1686940.59997737,5078932.571858071],[1686673.8575836283,5078286.317521565],[1686537.1209045711,5077767.663421679],[1686310.6880363887,5077180.966924642],[1686124.677446738,5076653.587196231],[1685990.443686917,5076265.587383191],[1685889.5863571174,5075831.797277283],[1685897.2774716676,5075365.002419328],[1686056.2665375124,5074640.819928268],[1686179.2712906252,5073832.198346917],[1686347.258888025,5073057.056398681],[1686509.3646157596,5072592.712929268],[1686593.357270797,5072270.617329243],[1686752.520875373,5071961.802882048],[1686584.680331992,5071619.513828725],[1686255.1898478698,5071455.572409004],[1685639.5988423738,5071446.984678573],[1684842.8985732207,5071588.071901531],[1683981.7473422154,5071794.926062362],[1683615.93556375,5071832.066476888],[1683126.2799831484,5071976.432111308],[1682766.38624002,5072118.971093997],[1682439.9886578158,5072214.9570475975],[1682058.1508661215,5072197.85667784],[1681574.261037637,5072031.135313188],[1681033.9269893183,5071750.830298396],[1680734.3841099436,5071566.663743006],[1680497.4157737016,5071315.478912746],[1680222.8480117905,5070849.145429175],[1679638.420263208,5070535.304490994],[1679296.2478441712,5070576.5469111875],[1679001.534283762,5070782.782365646],[1678731.584686609,5070993.109829427],[1678462.8493456389,5070918.183360304],[1677900.6622504562,5070691.14896936],[1677906.937677276,5069881.621345853],[1678038.0005444435,5069307.49966776],[1678103.6381660549,5068670.161912287],[1678065.2872628386,5068039.222018657],[1677957.453832177,5067369.885042737],[1677827.5660525085,5066540.602842778],[1677728.2361582005,5065821.065981053],[1677555.4662463295,5065218.212697549],[1677444.6978043206,5064704.125501375],[1677483.020568702,5064217.631207239],[1677609.4405168947,5063668.674757171],[1677935.8311945389,5063286.5294991415],[1678522.58906506,5063030.226277601],[1678924.5400060771,5062946.959490847],[1679315.1218373498,5062914.637148404],[1679760.79304227,5062865.91597201],[1680087.4501915812,5062769.609473927],[1680347.679908917,5062609.3375183605],[1680675.4534313905,5062227.393625475],[1680959.8458852756,5061655.795545292],[1681095.2785132169,5061056.574613261],[1681206.0758031572,5060452.983916156],[1681174.8154902703,5059927.726559925],[1680943.9393339597,5059365.910968404],[1680597.2363834833,5058730.656617892],[1680122.7793948713,5058098.472996859],[1679677.400939309,5057445.028527676],[1679009.6543675154,5056465.20892873],[1678696.2228290706,5056070.51929103],[1678314.4329447509,5055636.663946978],[1678105.246527117,5055234.764362358],[1677994.0366219485,5054720.940780149],[1677781.3101539519,5054057.874191189],[1677652.737700853,5053644.89768451],[1677388.0136017974,5053128.524560714],[1676904.3446381746,5052546.142056307],[1676525.2583370802,5052087.14871586],[1676318.7938488023,5051815.521390621],[1675959.4567494714,5051255.860243377],[1675405.8232858523,5050635.29693118],[1674903.2960072348,5050153.25637833],[1674292.0909179102,5049703.506331977],[1673920.1569999596,5049349.705285622],[1673787.6186823507,5049091.353684662],[1673731.0328228753,5048560.74026393],[1673628.4506754212,5048282.635357226],[1673373.1290218031,5047715.698560205],[1673041.8220110957,5047005.338065877],[1672708.4770574744,5046580.547465217],[1672371.068546308,5046180.339308503],[1672063.4934699622,5045760.889944327],[1671510.5457629946,5045555.6528155515],[1671021.7592475705,5045414.183421086],[1670593.382893836,5045231.698777396],[1670196.4518298572,5044873.495346778],[1669743.8588868803,5044400.556030283],[1669364.6166846477,5043811.031331921],[1669081.689731875,5043395.386860816],[1668763.817986693,5043310.959888914],[1668508.170103151,5043160.431119149],[1668509.8480203643,5042874.556671727],[1668653.3550047067,5042511.018475576],[1669064.7601597384,5042092.040545397],[1669535.3252239006,5041632.037607664],[1669970.3772896652,5041217.647978681],[1670146.0352043537,5040963.952441529],[1670100.5676797638,5040513.840710704],[1669950.980602645,5040069.914545215],[1669704.2781249904,5039738.988667528],[1669134.7053538268,5039478.909376223],[1668615.9132703482,5039227.513824426],[1668158.2172837208,5039065.756872184],[1667787.0694968977,5039128.149253453],[1667514.9800446066,5039208.445671493],[1667293.4154677615,5039297.935086091],[1666951.347981073,5039339.566991136],[1666658.1210153277,5039259.484220155],[1666065.0356147531,5038994.782086733],[1665599.5240116385,5039013.646875042],[1665088.2997609011,5039414.266893099],[1664696.642467918,5039732.837433445],[1664275.8474138912,5040201.549491558],[1663788.7000633806,5040476.081291263],[1663264.034238606,5040536.447532967],[1662791.2678954222,5040449.509957777],[1662227.3875940258,5040164.309524011],[1661738.6742005406,5039892.653718757],[1661029.649720301,5039554.474865775],[1660453.6419551556,5039475.488245002],[1660009.646202428,5039654.183594215],[1659665.704325257,5039851.02986439],[1659293.8127222452,5039912.8875267245],[1658885.6440080437,5039759.819399971],[1658550.5806136937,5039490.41670037],[1658316.44963647,5039083.174111596],[1658097.5157361957,5038601.096917211],[1657850.6956832823,5037854.362323578],[1657400.6402110676,5037225.2933511315],[1657135.186785477,5036994.789421442],[1656621.5929914354,5036718.50108845],[1656192.8601289543,5036535.9579952005],[1656007.9475674436,5036424.052909137],[1656027.4040032995,5036037.431941776],[1656030.8008414558,5035465.8026185],[1656043.640520699,5034974.112457932],[1655972.8779864323,5034389.4009356955],[1655831.016300654,5033765.002278721],[1655810.7191916697,5033318.886571392],[1655731.0112605204,5032914.29749481],[1655612.842408904,5032580.440083083],[1655446.202716184,5032367.810321364],[1655085.8956839398,5032093.988735115],[1654495.5944045938,5031673.160293609],[1654266.6052595216,5031527.1605075],[1653931.156014809,5031673.605837653],[1653710.766773307,5031893.551191685],[1653474.2450856292,5032057.903992611],[1653212.0354188592,5032087.970858685],[1652861.4873228148,5031763.407841],[1652550.5862133924,5031498.536577467],[1652141.0029822248,5031214.990057929],[1651760.1308230858,5030911.1883853525],[1651182.8261629874,5030700.986529191],[1650833.2105333884,5030506.852630118],[1650274.0506133516,5030195.929805022],[1649881.5294290578,5030097.903813682],[1649337.7105785706,5030258.004271518],[1648934.7162966533,5030495.947545083],[1648482.499600496,5030854.868587962],[1648183.878702736,5031086.350218603],[1647857.1888205644,5031182.0447188895],[1647441.206092963,5031209.847197882],[1647049.9885169545,5031241.995141668],[1646772.649709318,5031217.217036864],[1646303.1259638607,5031390.846634034],[1645945.1268722874,5031247.18749137],[1645519.6356735756,5031324.703758417],[1645155.5398493272,5031622.061594605],[1644772.250118461,5031889.936334553],[1644196.1242240774,5031809.899298193],[1643621.9583681426,5031444.143436041],[1643175.3743041616,5030945.8680821555],[1642863.171818728,5030550.310189254],[1642576.910046616,5030289.784660114],[1642288.8834115686,5030184.288007314],[1641782.6112366193,5030143.679490742],[1641389.090950062,5030045.140620671],[1641028.5399453447,5029770.7941227],[1640583.1420470525,5029402.675388592],[1640320.1699098188,5028885.859873269],[1640254.807762785,5028405.886757008],[1640370.7492995134,5027776.959109525],[1640504.3714213134,5027333.293994976],[1640834.4282205736,5026796.01738277],[1641069.4062491325,5026500.946310961],[1641304.8591954184,5025919.84628296],[1641112.9227054745,5025572.6032936275],[1640737.0113735322,5025243.365587067],[1640429.899330192,5024822.5932900375],[1640181.8285125843,5024360.783414787],[1640038.0486784386,5024022.237561641],[1639634.7899136893,5023427.683271824],[1639223.190801477,5023013.588421347],[1638628.7370364503,5022617.997378232],[1638110.9944430783,5022366.688597118],[1637634.5528602842,5022304.81129723],[1637283.2178484246,5022396.185066187],[1637025.2003713127,5022400.631318896],[1636764.2248120643,5022144.883443459],[1636462.1961690534,5021698.686897035],[1636066.72778765,5021339.668075024],[1635185.1809177906,5020969.266780844],[1634379.2167430078,5020742.4040139485],[1633956.083263335,5020534.625686757],[1633595.058851815,5020259.685151128],[1633328.4806833179,5019898.556751088],[1633174.5389437275,5019479.9686827175],[1632638.6051379428,5018912.53502871],[1632158.626098583,5018832.432528145],[1632410.2144358212,5018064.264509752],[1632407.1043579257,5017387.156233679],[1632409.6050664168,5017101.273639698],[1632494.5363334774,5016779.211932043],[1632624.922458722,5016490.722222107],[1632907.7162284493,5016497.213352535],[1633106.4952068536,5015695.176634006],[1633300.1241738552,5015340.49425177],[1633496.4093955937,5015116.054987675],[1633881.1570463388,5014978.9876904925],[1634334.6150981009,5015167.026192165],[1634892.8489557952,5015477.608532069],[1635332.4691791548,5015741.03537522],[1635695.392268413,5015859.882968608],[1636075.9432570655,5015747.683724845],[1636631.0884641334,5015382.075690129],[1636973.265599991,5014924.728770418],[1637191.7884505424,5014574.617558256],[1637517.5975227754,5014062.127027785],[1637788.1626584232,5013435.768036541],[1637898.1206545345,5013117.727224479],[1638105.9748913192,5012687.056765034],[1638387.5967781611,5012140.660440555],[1638811.2041632724,5011932.485445064],[1639519.5258461174,5011984.766578695],[1640026.9516063442,5012156.379977729],[1640570.186725158,5012412.611158664],[1640874.063199176,5012572.774058174],[1641223.3958861707,5012766.769289289],[1641475.0685159704,5012657.142165855],[1641804.0628534402,5011989.143229742],[1642086.215021389,5011572.749883484],[1642361.4996983293,5010920.882244562],[1642671.3416983031,5010353.375052107],[1643026.5173707972,5009820.449525032],[1643384.4690588473,5009417.805501304],[1643828.9265430637,5009369.884396019],[1644158.0682913666,5009117.825672909],[1644568.4738248494,5008568.659566087],[1644751.720099634,5008134.006127665],[1644809.9040053596,5007676.328038003],[1644858.2971838044,5007138.8466413515],[1644913.4131119864,5006706.782446135],[1645032.169118167,5006338.068444983],[1645292.7696182989,5005761.447294201],[1645566.6832954038,5005395.685672137],[1645843.9196279505,5005004.020654049],[1646323.2918534442,5004909.85723034],[1646969.550631297,5004196.19991981],[1647260.6405915455,5003729.307529745],[1647608.2582385107,5002960.351981319],[1647995.88295382,5002251.126066448],[1648263.3501896998,5001780.075240224],[1648611.235215049,5001010.522623181],[1654475.1768356524,4986841.148036574],[1665484.763883674,4962263.463675228],[1668863.999679643,4954656.291371288],[1672570.6307499055,4946379.974359456],[1677168.1173495513,4936025.321681322],[1676616.1438496425,4935189.824611573],[1676078.4769380426,4934487.510335313],[1675040.2338823373,4934204.716453228],[1674510.46911704,4930470.27351821],[1674869.494210993,4929422.578840961],[1674021.1464316193,4929011.457327751],[1673816.9520271765,4928289.269040636],[1674374.1573129,4927534.605978062],[1674418.0640973267,4925915.763494815],[1674747.3313309401,4925033.612311243],[1675437.3334786582,4924473.829687001],[1676519.1248480987,4924071.169570956],[1677137.6179876293,4922984.766151662],[1677589.0427866725,4921439.8280135],[1677142.9982524998,4918361.335822128],[1676334.7974931155,4917272.348198346],[1676197.1796566355,4916647.4750798615],[1676798.445515873,4914272.956000453],[1675216.9445369702,4910987.057277248],[1675627.7515009665,4910119.315449201],[1676180.349310358,4910305.770156424],[1676550.8734568811,4910116.227337137],[1676875.4490375076,4908804.240816475],[1676178.2079080679,4907563.7596968],[1676005.1153441556,4906675.819264706],[1676319.1275477686,4905875.847878289],[1677587.868683072,4904907.563086085],[1677582.8072505284,4904478.040579612],[1676921.262177015,4903500.474019795],[1677078.9051592469,4903100.93480397],[1677515.6877149432,4903009.020342819],[1677815.552640272,4903663.485211925],[1678272.9372373815,4903917.8977901125],[1679008.4604395484,4903109.61699706],[1679021.7736059113,4901655.259672343],[1678218.8966052306,4900995.215898325],[1678000.4564495415,4900355.179615864],[1678223.9799464508,4900053.559434548],[1679772.0365573966,4899392.113845862],[1679848.2844768255,4898977.9999429155],[1678852.4934921064,4898453.594576761],[1678699.8071115685,4897911.734722506],[1679915.7968694419,4895390.547436453],[1681636.631906517,4894247.21261775],[1681904.7093840484,4893695.752851333],[1680777.3441038255,4892976.298027939],[1681396.0523006048,4891889.070424632],[1681496.9352545827,4890878.54007973],[1682232.1965435843,4890069.981831893],[1681180.639358593,4888935.655296754],[1681006.9428830526,4888046.793745665],[1681168.4701775913,4886704.548768113],[1681376.8495760192,4886485.492647303],[1682534.9275324952,4887039.293305844],[1683149.119111799,4886893.46628849],[1683523.532945131,4885761.4252821095],[1683380.7355495952,4884707.151731249],[1682975.0470394942,4884633.156658876],[1681878.983890359,4885119.371737238],[1681472.1714678092,4885045.639900744],[1681141.661631812,4884556.519845141],[1681196.9267937334,4883795.288917615],[1681800.42031866,4882790.3944458645],[1681886.822301069,4881863.027201985],[1680225.9775599805,4881303.958858005],[1680272.4173012204,4881055.347117458],[1681591.58161901,4880266.373941921],[1681452.851704302,4878268.888869472],[1682092.8598250193,4877528.149363365],[1682762.307903056,4877993.08594565],[1683395.8674908127,4876822.069213147],[1685162.6746675898,4876800.543132728],[1686231.527461758,4876140.105320509],[1688220.4700574921,4875179.302621206],[1689113.845892176,4874604.470706121],[1690834.739220869,4873834.515757233],[1689963.0226323758,4873424.645314384],[1689355.0599305392,4873237.896681018],[1688213.9503642158,4872750.362287441],[1683499.8453833647,4868610.869579081],[1681105.1044684798,4864797.837759817],[1679118.8701541023,4866930.525426598],[1678408.5130921341,4868031.3106424585],[1669624.040891868,4871482.311162567],[1667624.9647981818,4871366.97605589],[1662272.9115171994,4865494.437990789],[1658266.60089438,4861841.149715231],[1652779.391170507,4868580.287586168],[1645598.2643212676,4872462.132366985],[1640428.712377968,4873067.212450341],[1639497.2714870616,4874574.063297066],[1635863.9406157967,4874874.983726259],[1634997.129327588,4878898.474453952],[1628843.699183369,4877661.867256364],[1626807.5188826495,4876833.350021106],[1622085.3416621473,4881191.986208235],[1619298.19435522,4885946.277364236],[1619243.2155661036,4888415.855429752],[1616588.2990975352,4889252.292529095],[1615127.9838301975,4893012.737326103],[1608963.6881569163,4902229.910653072],[1609250.1726537442,4904940.723457842],[1604779.2860044674,4909367.507609907],[1605763.8049810152,4915356.289930418],[1604380.6082188247,4920328.920604023],[1602333.8229225385,4919766.008691077],[1600966.391232973,4917764.647892683],[1601104.1924600198,4914671.047847832],[1597760.2716758377,4911282.927457423],[1598048.5675515307,4907787.458830314],[1594771.5116692954,4906790.553719332],[1592663.7033485486,4904252.932337535],[1591711.0481849848,4898815.595279649],[1589614.0991707058,4897661.959054557],[1589186.3349935063,4894456.05584039],[1586628.5127130095,4892724.419457848],[1582773.2950857868,4894259.51763654],[1580819.063125005,4896756.817857943],[1579816.0975033108,4905551.856059157],[1577063.1990013458,4907645.806237283],[1577853.6618095343,4909246.460963253],[1573368.4491217,4911626.205127201],[1572443.3321352203,4912052.608969599],[1569921.0609921596,4910746.040246769],[1567034.3191221843,4906910.279871932],[1566269.8066846498,4908497.521285762],[1563765.5017274234,4903278.78843731],[1561188.384400706,4901803.523349301],[1562768.4515860328,4899971.55146334],[1561864.2055261566,4897437.438471163],[1562930.918743272,4895618.326708172],[1562748.8336840437,4894490.254231435],[1559807.6090391562,4893471.715872175],[1559808.0005970544,4892037.318397129],[1557118.148003028,4892055.077353752],[1554142.3195768096,4889803.714944881],[1548939.7594265766,4890417.66733206],[1546469.611647753,4888490.470311786],[1541028.3430188487,4888147.628939715],[1539007.3248262485,4887004.8691593995],[1537615.1900778196,4883625.55412725],[1535406.5801661713,4882240.236699789],[1534891.0840527616,4879825.8227235135],[1531903.168597708,4877361.330586962],[1528275.2755217354,4878331.910613803],[1527798.9259533084,4876133.197283264],[1524377.9611054128,4877662.420239142],[1522153.5147774704,4876508.0129470555],[1521252.824447152,4873684.848306772],[1523615.5751952084,4865779.743993564],[1522859.3302771454,4862720.319821105],[1525965.5236625746,4857087.281254818],[1526328.3783184243,4853495.917520694],[1524103.0191527258,4849781.268301591],[1520656.9533827186,4848747.447520003],[1516778.2101910107,4845703.000650758],[1518773.9990196389,4842560.053619779],[1522602.392681186,4840606.1158794295],[1524915.9858942719,4833834.550139572],[1529698.2437306785,4832546.873259702],[1526924.1745609092,4829621.007444945],[1527206.987014348,4826614.1163176205],[1526154.3349472668,4825929.374759796],[1523898.9627144581,4826388.503426278],[1521586.2457283007,4828300.697784426],[1517089.7127565606,4826712.376041031],[1516130.770207141,4823509.410543361],[1516864.2097110997,4821418.668683126],[1522849.6298848342,4816843.976485792],[1522154.769210994,4813164.5300956415],[1523376.1077379396,4810769.130975016],[1520900.9059936942,4806901.0390335815],[1520466.7423934988,4802195.483296037],[1523756.0192069863,4798965.963888603],[1532412.7673553247,4798003.496872006],[1534265.7601832934,4794516.550780771],[1529959.1520315546,4791314.309229143],[1530059.4477487397,4788899.893483454],[1532021.0586393902,4787079.698990213],[1532138.1407720908,4784432.267693175],[1529075.519481032,4782707.419025426],[1522039.1125802288,4781055.97639613],[1520079.698115406,4783425.895801183],[1516959.1666975631,4779466.041548459],[1517325.9731755839,4777988.171063542],[1513959.4051094714,4776390.793483541],[1514056.6679570507,4772300.365012781],[1513127.5544841927,4771924.175512946],[1508461.7839046195,4774567.333206694],[1508214.4791989145,4770257.9743012255],[1506405.2642947987,4769384.034389894],[1510229.9732387709,4762742.95997458],[1507624.6706095706,4758768.470750477],[1504651.730633445,4761375.432135339],[1495862.2111447034,4762099.598027683],[1493317.9806566031,4763317.347249863],[1487729.1611970707,4754067.214149612],[1490517.6807081506,4746950.912315712],[1493876.9037368533,4744046.8552208515],[1496963.5026502018,4739522.977541638],[1500070.652963738,4738012.866341356],[1501713.2497324497,4725344.836031767],[1504998.815235286,4721560.911505422],[1504768.878218981,4716595.2273293715],[1508224.2206371867,4713993.982286814],[1510202.3672992552,4710943.607043836],[1508040.3720435684,4707358.675811396],[1508173.2245378268,4704919.749111247],[1512012.4720082455,4703015.452648096],[1511396.699373861,4701332.779373975],[1505389.1649453563,4700960.793605831],[1500124.4925727376,4690946.666074534],[1493179.6983195338,4689696.856987111],[1491154.6248256585,4687759.554687013],[1489875.9767048603,4687922.095992999],[1489586.2848699838,4683021.22781903],[1495649.8056177692,4677979.693078237],[1498735.4790339204,4666979.015966776],[1498344.778268174,4667141.523597116],[1489875.0345246901,4665373.129802869],[1484032.6015492354,4665152.6791303065],[1476572.6141513775,4663477.813459138],[1468074.518646643,4661863.2296925355],[1466963.0271537937,4660499.968860162],[1465940.5003193882,4659271.844050519],[1465020.6202443514,4658559.695016578],[1465238.0619478659,4657803.1024569515],[1467179.52907725,4656675.94472474],[1467987.6020678224,4655991.588969304],[1470762.655111321,4654475.1438500695],[1471279.781739767,4653809.723763992],[1471325.4151172698,4650849.295314488],[1471725.533795197,4650385.4837418925],[1472974.1213910063,4648638.633617513],[1473226.4592030433,4647738.6442976585],[1473260.1738812146,4640851.980077795],[1474427.480240472,4639089.953337346],[1474834.686403425,4637356.900706236],[1475569.444304517,4636116.319100682],[1476552.4576275004,4635784.183600411],[1477638.2425518685,4636246.368696146],[1478320.1506353114,4634392.745719365],[1478983.9278088599,4632190.800941049],[1481044.99685995,4628785.888144733],[1481526.6348423762,4628445.760838773],[1482932.901865212,4628537.081460237],[1483719.9655253293,4627909.694643819],[1484311.1751980993,4626986.415789117],[1484793.1963855377,4626645.992686525],[1485537.155133477,4626699.449584248],[1486111.9350835762,4625859.034883475],[1487972.6856280034,4626208.376313919],[1489210.7943604444,4625406.502837605],[1489938.1936233582,4625543.106932981],[1491129.9918509275,4624991.45065844],[1491229.6271216688,4623114.109464929],[1491913.9017966415,4621690.8324821],[1492462.268931178,4621449.106038947],[1493801.8682756429,4621442.017940326],[1494201.0896272028,4620654.8399248235],[1493663.0475449043,4619950.620614864],[1493690.2528484084,4619352.490324159],[1494076.3405101784,4619080.243827877],[1495323.2901811197,4619572.45442148],[1495548.0960101036,4619269.965341482],[1495522.8735609709,4618058.528331546],[1496130.1054188448,4617051.942860477],[1496173.1418235826,4616370.309976177],[1495862.0944369843,4615794.81978668],[1494547.4062018683,4614772.934161351],[1494441.690512041,4613546.229359363],[1495531.0137627022,4612198.871061579],[1495608.6183186753,4611782.6297344575],[1493982.9100464878,4610184.820004017],[1493663.4069914112,4608314.522693287],[1492102.5389254221,4606814.903787315],[1491530.6121223147,4605845.685487366],[1492004.1192577686,4604210.646710815],[1491892.9253212335,4602120.907346374],[1492481.7719446442,4600765.861405624],[1492120.3962309016,4600008.062315168],[1491602.5009493025,4599652.515179385],[1491092.7832332836,4598349.955094378],[1491180.8474459639,4596986.491097782],[1490609.0859177052,4596017.029025766],[1489331.1314679224,4595691.038672649],[1488585.015825974,4595206.6006155675],[1487981.9786612818,4594403.310320612],[1486998.2599248302,4592063.151553004],[1485944.5358174124,4591434.143084947],[1485444.7294707934,4591426.613381291],[1484154.7904991617,4589373.637241326],[1483443.4657567658,4589153.458906235],[1482379.788889778,4589470.871552486],[1482174.141823705,4590122.464160167],[1483289.2294091524,4592659.716049201],[1483226.5443527014,4592992.666588744],[1482694.9635313475,4593151.347323223],[1481755.9146826146,4592802.560313693],[1481349.5770008375,4592295.333036136],[1481371.9751441968,4590833.591314698],[1481110.848366296,4590439.594241129],[1480756.3738046326,4590545.298882978],[1479505.5260946162,4591862.311849048],[1477790.0994351571,4591194.928567888],[1477619.250551127,4592111.311169678],[1477596.1159824561,4593572.731761262],[1477229.0840858577,4594193.455253997],[1475705.345209886,4593389.630117851],[1474728.3609047597,4594585.13942316],[1473743.094895273,4594485.740236427],[1473519.0112448623,4594788.649685365],[1474077.8404201437,4596273.158876442],[1473806.6608349928,4596825.47029828],[1473257.1247624839,4596636.049659565],[1473015.0779987643,4594348.773025952],[1472816.7473528334,4593621.622123459],[1472444.569374613,4593379.4795229845],[1471019.0573912242,4595180.495875097],[1469647.0632486297,4595353.190366108],[1469204.9434133961,4596822.237532042],[1468302.5997110384,4597169.44426293],[1467446.0819026413,4596835.974447596],[1467726.1659176445,4595336.931875511],[1467353.4898404314,4595094.025313141],[1467301.2315893837,4594480.65039058],[1466391.0874810056,4593533.013011868],[1465340.1439183631,4593335.453325422],[1464600.1998407918,4593713.459136894],[1464042.2747529363,4594901.304914244],[1463541.3633049717,4594893.1844438985],[1463195.0506156262,4593621.268631332],[1463967.52696323,4590835.047017244],[1463626.7562142161,4590426.144862834],[1462883.5501264047,4590372.09871398],[1461066.91195565,4591582.115701665],[1460420.5474990893,4591459.9580724975],[1460271.707506022,4590914.373228643],[1459848.6704567731,4590490.085757911],[1458533.2094984713,4591707.91653062],[1457886.8470418346,4591586.006049123],[1457625.5904332825,4591191.747169343],[1457018.0379923296,4589525.1865008045],[1456690.5859551087,4591274.089505245],[1456319.9315688685,4591462.955250017],[1454638.3405293876,4591059.649937259],[1454395.6731269762,4591013.961259314],[1453102.8289068858,4590769.843285977],[1450703.6687978911,4589282.552313402],[1448702.3004451892,4589249.627091246],[1447745.704416049,4588551.765065713],[1446218.0038587835,4589556.574981537],[1445701.5290870303,4589631.628952591],[1445409.8759822224,4589404.056359032],[1445456.5983123975,4589154.107705484],[1446791.2465793514,4588285.468558727],[1446950.258075537,4587883.932198534],[1446251.7791254495,4587148.508755058],[1445428.949044223,4587079.726309602],[1444139.8971935727,4587698.18348444],[1442534.2103406591,4589119.890628511],[1439913.8993389534,4588365.821897821],[1437528.9929793219,4589036.090419894],[1436757.9399603573,4589580.154617665],[1436134.1128564312,4590669.794951174],[1436068.7695999804,4593243.723257521],[1436021.6781912677,4593493.632583113],[1435667.2402044726,4593599.450204423],[1434223.1675723349,4592377.620534493],[1432964.4053771044,4592398.396334993],[1432416.3043735477,4592639.567509803],[1431608.0654094727,4592486.718483671],[1430569.8363201946,4591772.908554058],[1430281.7146852084,4591977.335953052],[1430077.7945027992,4593059.673066901],[1429496.6468474339,4593035.754841],[1429233.3527475114,4592209.736285635],[1429207.7836850157,4590566.396671376],[1428508.5511385466,4589830.727130485],[1427943.3494106364,4589723.582271452],[1427025.865760167,4590153.5140005825],[1424906.1094977823,4589407.454934007],[1424376.8624206495,4589997.163384791],[1424044.9682567827,4591313.765560534],[1423531.2987469146,4591820.733492996],[1421219.140631356,4591209.984478769],[1420774.317895328,4589573.533578535],[1420271.0301156729,4589133.487243433],[1418738.2473881643,4589274.072710733],[1415499.1695812533,4590471.094723199],[1412880.1910848774,4589715.55333641],[1411978.0549523488,4590062.146269361],[1411802.6285224275,4590546.016794765],[1412063.5130589923,4590940.564749314],[1414023.6359046581,4592088.180923317],[1414513.2718532342,4593043.668134201],[1414048.8689127513,4593731.36648297],[1412736.8551123927,4593790.260406721],[1411903.8657046326,4592685.083974971],[1410460.0828458252,4591921.838021035],[1409850.7214144988,4592508.3246703595],[1409940.698826268,4594033.852917606],[1409624.9102113154,4594141.791315948],[1409470.9331107747,4594060.725385024],[1408511.1366294476,4593801.982327109],[1407979.0052418266,4593959.812466583],[1407676.6332643186,4594678.817048092],[1407386.905033491,4594882.6622420335],[1406821.719968713,4594774.929294484],[1406026.5302360738,4594106.789962046],[1405137.561180445,4593938.374120379],[1404670.5003270183,4594194.564797588],[1404239.7998720577,4595147.468966428],[1403885.2581684366,4595252.669996056],[1402489.0265698212,4593780.30212713],[1401792.589277255,4593475.55150468],[1401606.840575419,4594906.175914019],[1399359.4320509501,4594393.248168552],[1398843.5052570337,4594467.574723461],[1398281.6808712105,4595223.441459707],[1398349.9281888315,4595753.735038117],[1399658.4916175725,4595916.147799582],[1399951.1421051405,4596144.253734315],[1400102.3863583312,4597552.2759763375],[1401174.0455186302,4598532.181424419],[1401455.0052677107,4599706.2208226295],[1402200.575879038,4600192.999495024],[1404125.0813593117,4600644.133721659],[1404400.9204800802,4600955.150166844],[1404225.9045187645,4601439.6084180605],[1400929.9545598694,4601158.831801941],[1399720.4027761773,4601360.02576211],[1399237.6731876873,4601699.30624705],[1399020.613069985,4603296.450241547],[1398634.2075470765,4603568.218556884],[1396759.223825144,4603298.302496796],[1396260.9395973608,4603720.982243223],[1396474.5345739496,4604364.93400141],[1397237.9965953394,4605200.0627487125],[1397273.271933503,4605896.052853354],[1396742.2927838988,4606054.005602163],[1395110.462237899,4605830.354846066],[1394369.2914292363,4606206.697548509],[1393148.6143752078,4607354.25476092],[1391969.339181541,4607388.733821621],[1391113.8430764012,4607484.928795857],[1390599.766458941,4607990.430265637],[1390864.8516142373,4609248.073247919],[1391596.7089867326,4610249.174004138],[1393148.8964226788,4610457.934251943],[1394237.743242441,4611785.884807978],[1393950.2649537276,4612420.778823317],[1392091.2336149805,4612067.653897613],[1391543.2107053497,4612308.448457874],[1391260.674957069,4613806.207954934],[1390716.8518193944,4614909.845273495],[1390737.2332027194,4615689.534637512],[1390497.6890420907,4616075.158007564],[1390062.543690029,4616164.792682202],[1389835.454426525,4616035.612895164],[1387136.1370164522,4615694.65961498],[1386637.7728930216,4616117.113594453],[1386968.1064778075,4617473.545804887],[1386857.3472154485,4618055.519540439],[1386584.469679021,4618176.252102991],[1385047.856372967,4617884.034061098],[1383516.5882881861,4618454.536426381],[1382124.9542790097,4617845.167824598],[1381041.8997372366,4617811.541891731],[1380449.2213786046,4618733.251223137],[1380696.711953676,4619642.520885223],[1381428.8654687048,4620643.621721507],[1381159.7249139342,4621626.995633504],[1379333.44849066,4621538.054341993],[1377826.9648203382,4620647.667563146],[1375418.48895781,4617430.662821996],[1374795.3717935896,4615415.3383915825],[1374728.1524365733,4611781.777556454],[1374141.8622674923,4610894.2093347395],[1373333.4394569886,4610740.048913365],[1372850.1335624764,4611079.103839488],[1371487.0613244928,4612974.759475887],[1371051.676074216,4613064.34276174],[1370694.9462731963,4612737.694333352],[1370654.8019030876,4611178.525537406],[1371207.499556318,4608697.129698268],[1371348.762427366,4607947.965579492],[1371120.087909697,4607386.993149378],[1370585.9209242666,4607113.08207418],[1370150.283133221,4607202.176403759],[1369200.472453279,4607797.421898908],[1367192.8189828892,4610001.10213933],[1366130.5716779216,4610689.293179859],[1364981.9693177212,4611528.83293565],[1363346.7825268894,4612384.61879924],[1361977.9688358859,4611923.58734851],[1361448.0166757933,4610907.7834619805],[1362088.6791202095,4609633.7521494245],[1363174.8957062669,4608992.385772004],[1364484.2769519247,4608943.610409219],[1364822.0112345729,4607508.812036597],[1364245.2661158412,4606195.448240199],[1363576.9271427908,4605390.48134812],[1362808.7088331687,4604567.13659244],[1362679.0769175296,4603598.083105632],[1362558.6127219377,4602578.280745262],[1361804.6438162902,4602518.903067789],[1361111.1570455825,4602129.196004485],[1360749.5805485696,4601589.920987043],[1359930.8042576537,4601046.358724641],[1358956.2374199328,4601077.670252484],[1357926.9990996819,4601545.412026342],[1357203.4348127984,4602016.756042145],[1356538.6269317153,4601185.440114772],[1357006.709549089,4599879.755172535],[1357035.9220033204,4599018.634406287],[1356737.872907993,4598281.310982046],[1356167.884562542,4597204.835079294],[1356265.8080014456,4596251.7573198695],[1355198.8313385872,4595950.49421529],[1353932.5617888907,4595482.149237457],[1353371.380604962,4595063.888015737],[1354247.5249548194,4594174.071673574],[1354681.1888027014,4593334.814098933],[1355206.6535090276,4592275.901280694],[1355447.586871342,4591374.6022370225],[1356462.4743537828,4590562.8324313555],[1356920.3573815827,4590147.749020082],[1356765.2504067433,4589042.276992748],[1355771.4839703187,4587783.533066641],[1355248.5520935426,4586873.465032583],[1355039.5938720056,4586081.339984231],[1355030.1201445195,4586043.112098556],[1354827.0254131025,4585272.7723333975],[1354847.6918025918,4584042.362612563],[1354742.0560577784,4582525.818072119],[1354907.2523596652,4581479.14603131],[1355327.91100824,4580715.815984595],[1354573.3272502092,4579815.947861968],[1353986.4585147863,4578841.4687877055],[1353573.827921008,4577609.955035637],[1353219.792927584,4576756.729560214],[1352811.067414705,4575499.90739613],[1352588.688984885,4574487.226035732],[1352560.579266825,4573667.44881271],[1352781.1087232775,4572736.287761922],[1353091.3135843182,4571453.652170613],[1353403.673213257,4570302.400811799],[1353763.557061814,4569449.095000406],[1354545.5413027427,4568431.575272326],[1355801.0172752596,4567550.097186223],[1356263.9074577955,4566430.754730097],[1355904.9588114924,4565671.754817688],[1354853.0096110369,4565039.330019155],[1352299.3995843634,4564378.620078785],[1352010.798114612,4564582.239246441],[1352093.4471638866,4565029.673032541],[1353521.4363369315,4566769.312293648],[1353395.1162010925,4567435.281390164],[1353106.5149689945,4567638.884008633],[1351990.7841772623,4567339.458979925],[1350497.6074509793,4565500.869421523],[1348505.9966609222,4564084.644840726],[1348454.7425498764,4563470.700777141],[1348949.5342987317,4562185.023418529],[1348689.5591813498,4561790.144997643],[1347090.3107782356,4561398.123423537],[1346507.074457913,4560940.8685707105],[1345705.9231432492,4558544.642181611],[1343884.767046963,4555348.342961505],[1343576.7552780234,4551233.909357048],[1341227.4165090371,4549058.353201162],[1340812.0666967484,4545958.4754241705],[1340354.8469788146,4544835.234674694],[1339222.6873684328,4544186.968110636],[1339713.974272422,4542037.286335721],[1339595.9887191623,4540892.263336234],[1339222.022018049,4540216.844096991],[1338040.6474969068,4539386.1738217985],[1335924.2549937542,4538635.172887414],[1335173.249765855,4536420.220963154],[1333669.5009856941,4535527.546441226],[1332533.907733717,4534015.044289023],[1332532.0563779797,4533583.26196027],[1331202.33075048,4531774.558690742],[1329859.8506698846,4530912.72686771],[1329036.2400946224,4530840.742494041],[1327470.903086575,4530713.008161536],[1326985.7913318598,4530188.0462238435],[1326919.0265147104,4529657.428321523],[1327270.1338066836,4528689.055500802],[1328477.2397126935,4528057.331699462],[1328926.783780821,4527453.425144943],[1329148.066473655,4526287.111720786],[1328836.2489993633,4524846.510066592],[1328415.0655816654,4524420.561695379],[1327768.4158514463,4524296.208185321],[1326415.8776172402,4524813.445293044],[1325931.860838346,4524720.55214385],[1325753.3121263774,4524340.780669519],[1326297.237575521,4523236.835116252],[1327629.4495968285,4521506.934212313],[1327609.8300424428,4520726.703785666],[1326946.890243952,4520254.264751466],[1325078.0298474384,4520844.569329143],[1324545.3027345387,4520569.760550482],[1324316.9245064452,4520007.796456186],[1324861.3694438573,4518903.989209893],[1326066.1768010438,4517840.42153877],[1326160.1139010913,4516908.904757293],[1325480.5222582829,4516087.53952794],[1325172.4698401764,4515942.265696241],[1324608.4488751888,4515834.126888685],[1324090.3123201937,4515475.436192266],[1324278.8977133597,4514043.7651427],[1323287.8718180303,4512213.31543745],[1322785.5759706255,4511771.241401729],[1321979.5466783661,4511616.626237039],[1320851.829059782,4511831.560638094],[1320124.8040581418,4511691.666527865],[1319509.6394153729,4510969.038716898],[1319297.2357412989,4510323.847003939],[1319583.9968073093,4509256.433834605],[1320892.6921175336,4509853.678587755],[1321714.930938631,4509925.453771738],[1322745.1264960552,4509346.075062601],[1322903.1295575877,4508513.230857029],[1322628.1321700513,4508201.44861506],[1321386.1609828463,4508135.353289863],[1321078.6115701213,4507498.468494034],[1320746.7987062277,4507236.667913541],[1320289.6583682115,4507271.7973908195],[1319931.156884469,4507316.065737465],[1319640.9606297498,4507444.72560185],[1319401.2707473354,4507577.815950778],[1319183.4348847677,4507739.300024911],[1318940.9682726106,4507898.1749991765],[1318740.0668391907,4507879.670181015],[1318505.4438785987,4507701.997184148],[1318353.2834793213,4507454.000480771],[1318205.0535092598,4507154.954290777],[1318222.3776866824,4506715.252276983],[1318172.0203412792,4506191.661608927],[1318117.7381216916,4505719.88685013],[1318014.086081051,4505476.84354118],[1317811.4211368274,4505224.404821755],[1317481.8411478836,4504986.013754979],[1316871.2939238967,4504773.394035508],[1316117.9179330217,4504729.046514544],[1315477.801598951,4504824.59215114],[1314737.9202532328,4504911.259079885],[1314476.9074040365,4504990.692896788],[1314207.0382699508,4505172.754751568],[1313972.389843296,4505514.232813149],[1313839.157417138,4505838.805916107],[1313866.923604499,4506075.07060102],[1313778.519144291,4506455.909429127],[1313782.4100701578,4506689.813325053],[1313847.0535834534,4507059.450071879],[1313804.602900723,4507496.279999137],[1313769.4855648736,4507856.263941452],[1313616.939965933,4507867.966082929],[1313385.858150512,4507898.16730263],[1313276.750939014,4507732.218406784],[1313146.3200811155,4507512.360408617],[1312951.4828637387,4507182.823739863],[1312846.1765995186,4506965.567354216],[1312606.2516567216,4506839.202239392],[1312244.9772830044,4506909.237091535],[1311880.528120819,4507030.830797119],[1311520.503092632,4507100.854494],[1311209.861928872,4507175.319040813],[1310950.2244433525,4507255.243805287],[1310752.3531301566,4507210.677634495],[1310564.4590041174,4507063.481191037],[1310394.8759205318,4506736.282156522],[1310283.9042816935,4506310.900887768],[1310249.4423389193,4505892.544394808],[1310044.388032666,4505406.435914917],[1309864.0869803524,4504922.416217805],[1309591.0907504081,4504611.089855001],[1309351.1779258726,4504225.516328421],[1309172.7670408404,4503975.415301967],[1308938.5215588198,4503797.712565368],[1308500.5997406037,4503627.022689214],[1308264.9786227192,4503449.58888655],[1308012.6834694853,4503192.42877323],[1307790.0723392672,4502886.042300411],[1307542.080374872,4502577.564649184],[1307292.06415934,4502294.614202481],[1307158.9829959043,4502100.517980772],[1306905.035835727,4501869.389634205],[1306671.694460122,4501665.642557583],[1306271.77106009,4501628.064593385],[1305921.2280707608,4501595.449140129],[1305629.0082406849,4501749.364972103],[1305436.0507747335,4501913.199599986],[1305218.4656203692,4502074.419972223],[1305060.8559335733,4502397.165160005],[1304993.1517013856,4502831.685764991],[1304860.7945925957,4503156.5120482845],[1304792.3554401086,4503331.569163787],[1304732.9943285447,4503429.762307543],[1304540.6614278313,4503593.8377642],[1304265.3699321751,4503827.204359196],[1303862.9123681367,4504074.865995398],[1303614.3982070019,4504285.05360177],[1303352.7383960038,4504390.492114469],[1303224.82276804,4504404.28122924],[1302946.7653469173,4504403.975506675],[1302679.186592263,4504301.288924287],[1302489.1456289608,4504179.860311927],[1302371.9600999178,4504090.745935313],[1302111.7115292104,4503910.953703902],[1301801.4673803814,4503466.486416008],[1301691.374113788,4503040.808643433],[1301543.5307562437,4502482.517424279],[1301395.9262385617,4502182.909605348],[1301115.9786523257,4501949.4343289845],[1300905.6105967464,4501773.814999577],[1300358.714535408,4501436.863056428],[1299970.424724662,4501270.844568051],[1299610.2930820605,4501081.119989123],[1299227.5574020098,4500864.031147748],[1299009.9861023517,4500765.514007249],[1298492.88424911,4500639.052574032],[1298257.0145452414,4500461.594615814],[1297972.0160262394,4500279.172726951],[1297785.1322702705,4500373.628004449],[1297781.6879498733,4499699.330640811],[1297420.8332825967,4499111.749400721],[1297013.0032082114,4498492.375166686],[1296373.0618428586,4497691.109485522],[1295773.7976824434,4496971.917628293],[1295278.56719186,4496238.889867513],[1294996.5404136544,4495842.529594351],[1294472.6587747077,4495131.903947212],[1293946.663133558,4494655.794579714],[1293438.7062736233,4494025.149338017],[1293240.644658607,4493559.973209547],[1293025.660216573,4493015.054146609],[1293101.71263946,4492373.943581801],[1293317.9842928515,4492034.630913916],[1293999.7144784678,4491827.1748521095],[1294725.6501277154,4491676.525737866],[1295623.4488240632,4491571.478695654],[1296205.0515825045,4491352.28693271],[1296643.5685274408,4491064.803303108],[1297040.7900803315,4490694.447642454],[1297304.1702552813,4490386.383032788],[1297440.633990381,4490089.780560447],[1297507.6462362772,4489733.497210424],[1297578.1867368685,4489351.660380374],[1297629.9371317937,4489123.348791111],[1297584.8324807407,4488858.544257667],[1297110.6603202522,4488803.835949133],[1296811.255515554,4488769.185697702],[1296349.069739743,4488612.038585991],[1295778.0431568737,4488520.833147883],[1295433.8846624189,4488480.917970714],[1295278.7454046572,4488463.2526705945],[1294714.7727802563,4488320.430035228],[1294202.0845755711,4488157.03374696],[1293618.291020939,4487960.259957679],[1293192.4697938818,4487703.025674114],[1292861.8520409134,4487508.84720393],[1292383.2480818375,4487271.6760917995],[1291908.7976114724,4487009.207384153],[1291543.2203936053,4486888.798591446],[1291109.974629937,4486916.951808628],[1290565.017017776,4487244.587582285],[1290217.9248063192,4487620.684126708],[1289729.7790899922,4487902.432600903],[1289154.8898258752,4488278.518765562],[1288707.1341640376,4488435.145842133],[1288310.252919763,4488363.471483263],[1287735.5440904081,4488089.013152121],[1287190.4855902654,4487558.08912307],[1286882.80586922,4486950.268815743],[1286661.6204158892,4486248.612200627],[1286752.2260446115,4485686.925860965],[1286891.186792061,4485156.757174407],[1286854.6627627758,4484814.526433196],[1286874.8244823823,4484426.92910711],[1286715.7570224104,4483628.26811765],[1286613.2842554837,4482991.991145299],[1286468.2661257135,4482507.4007476],[1286206.5697495723,4481930.805235559],[1285671.6312457377,4481530.926379419],[1284988.9880600162,4481530.643523507],[1284008.0994848257,4481703.437222486],[1283344.0302493088,4481757.114039491],[1282701.1572241625,4481630.923143272],[1282288.9823363468,4481479.454610571],[1282107.3815350404,4481302.449760068],[1281729.4181469574,4481076.431767581],[1281469.2516053081,4480708.860860655],[1281140.26185547,4480280.553573915],[1280788.8003952883,4479823.829296946],[1280527.983076347,4479247.18586083],[1280204.9256780623,4478768.283738637],[1280116.0961354496,4478237.51465903],[1280107.0808475525,4477664.516321707],[1280158.1804564404,4477228.11797958],[1280116.9311651064,4476286.993349149],[1280095.5291527305,4475608.120110678],[1280038.0379413518,4475237.648018078],[1279770.9498620555,4474920.620312143],[1279269.0021683346,4474888.531255872],[1278516.2844570996,4475061.849348172],[1277970.7914616386,4475181.222460113],[1277600.5379913112,4475112.362336623],[1277311.474361053,4474766.916066658],[1277066.5828955926,4474270.24541962],[1277071.0856456435,4473802.52478795],[1277321.3826887594,4472531.01237125],[1277649.3928902883,4471892.515891145],[1277871.0910372196,4471293.641799898],[1278010.069469098,4470763.312642361],[1278028.8696756798,4470375.6110508805],[1277838.6663348938,4470067.401824582],[1277582.18687545,4469881.741792139],[1277178.8503760428,4469653.056130024],[1276549.4888370833,4469632.159889535],[1275977.2386690762,4469982.295729502],[1275439.971888694,4470466.704214998],[1274868.1254231473,4471024.637862126],[1274415.079387109,4471440.720383654],[1274020.6267353154,4471785.110133145],[1273721.627409328,4471958.988763806],[1273347.8463558224,4471915.93285806],[1273044.3951787844,4471698.723205149],[1272537.6200513353,4471276.042566607],[1271933.4685118024,4470607.738262446],[1271746.691781031,4470482.298036405],[1271302.3125269595,4470170.428957638],[1271002.0131358288,4469927.654929232],[1270639.720863167,4469781.353034215],[1270178.5725914026,4469832.661142828],[1269307.9565743124,4470355.862141946],[1268735.589700401,4470706.214775707],[1268288.2348418487,4471070.3988117],[1267787.1940459914,4471246.586695311],[1267273.1429629037,4471317.175666011],[1266830.8175576748,4471422.446984373],[1266411.5650790983,4471113.439628367],[1266068.070709176,4470813.554658387],[1265851.6122521108,4470502.476109842],[1265562.6486887452,4469948.907019479],[1265579.2400152807,4469170.350448112],[1265816.5702875738,4468443.185787142],[1265947.9875768127,4467964.226689278],[1265695.7707695535,4467311.025429521],[1265354.1560002677,4466776.9676220715],[1264797.6328957744,4466348.476618377],[1264096.5294105238,4466085.008887653],[1263605.5766771238,4465950.140652108],[1262906.5032587838,4465660.861784718],[1262026.9825587883,4465403.094683054],[1261131.5726435536,4465273.361217432],[1260500.8463731771,4465252.408075596],[1259989.9244049876,4465089.080688294],[1258983.8246046728,4464192.1479871115],[1258267.187953249,4463614.440327994],[1257438.5298886811,4462920.132350271],[1256925.1625592054,4462132.240292741],[1256217.340469468,4461269.469912773],[1255202.918145947,4460215.468057601],[1254265.15314125,4459378.163420171],[1253446.3383428422,4458606.838367241],[1252602.0215639218,4457832.368631917],[1251374.3475444708,4457091.190615191],[1250253.1362952546,4456518.754198596],[1249089.104946666,4455889.1695158575],[1248142.9054550515,4455336.82412569],[1247396.2213250138,4454807.729876767],[1246781.6231470446,4454450.26154483],[1246267.7885638578,4453870.35281638],[1245887.7793638962,4453019.217423514],[1245654.2521202625,4452211.651093863],[1245467.4280522917,4451227.753401293],[1245568.4269604227,4450797.148778804],[1245872.8599357025,4450572.128540506],[1246599.790787339,4450422.823719761],[1247147.0599368575,4450277.934136904],[1247953.3064322788,4450085.619297961],[1248625.8337642995,4449955.867021171],[1249112.600565437,4449465.861651046],[1249650.8597934665,4448773.937007198],[1250173.7348874179,4447976.115198913],[1250190.004045327,4447405.379456175],[1250149.0568264336,4446906.596017683],[1249620.3354289173,4446454.9444352705],[1248737.0281205645,4446013.909142],[1247587.041072232,4445906.188234546],[1246631.6676631582,4446289.444140178],[1245838.0500459718,4446587.6832585195],[1245072.4671498646,4446862.707238372],[1244330.4765661384,4446724.278038341],[1243702.2484326863,4446260.846495482],[1242922.8369028769,4445155.381108902],[1242289.174313668,4444743.313176264],[1241456.1262611113,4444308.487751961],[1240364.1168649623,4444128.998084021],[1239607.747630736,4444327.311965977],[1238929.306432304,4444716.606341111],[1238632.0739696026,4445097.902361754],[1238529.6804974766,4445320.390695861],[1238481.0867411566,4445730.971848449],[1238492.229785265,4446278.773930137],[1238396.9125214645,4446658.028605987],[1238030.2376318409,4446979.556800185],[1237540.1715521016,4446844.555010101],[1237258.435142438,4446447.199016289],[1236838.0209004392,4445513.726576423],[1236388.1703445413,4444186.323805093],[1236038.8433730837,4443079.085432788],[1235649.2459402164,4442096.777812372],[1235312.9489166597,4441303.083427524],[1234740.0090998074,4440377.80972015],[1233964.1359849807,4439246.354849651],[1233413.3102904295,4438557.429479124],[1232830.6444868492,4437500.863091096],[1232093.192516451,4436894.556673273],[1231249.5346549698,4436119.399082421],[1230425.5838346598,4435606.967073997],[1229620.841003944,4435357.013790963],[1228684.642741659,4434935.334530592],[1227610.54323943,4434185.362703287],[1227098.495643535,4433813.119236069],[1226745.4176621018,4433381.948979075],[1226448.0311254233,4432904.618147935],[1226055.9348936093,4432156.406001788],[1225953.8805205864,4431311.733456084],[1226154.1223799684,4430476.539083987],[1226291.6209418578,4429737.867170643],[1226292.3449633562,4428671.111061966],[1226420.257114404,4428009.391493168],[1226378.824932266,4427510.426761726],[1225896.831872784,4426881.107124898],[1224984.994863018,4426045.978517838],[1224355.058936428,4425560.636734731],[1223988.8142196308,4425278.926400664],[1223158.3025575022,4424609.509221102],[1222517.4637983837,4424040.110277413],[1222146.5864404012,4423762.815440067],[1221400.940099389,4423441.0343151465],[1220730.6730089623,4423128.655861472],[1220115.5965802318,4422770.372054868],[1219345.832938782,4422654.211116003],[1218551.9550184556,4422743.168217879],[1218323.6521130276,4422534.300400317],[1217421.5371699417,4421622.07718571],[1216879.5736742702,4420856.141597184],[1216409.6991090009,4419916.392080868],[1216046.2789817813,4419145.268585445],[1215586.6384717121,4418544.796432741],[1215466.9289564616,4418062.159491644],[1215422.097530451,4417588.421179638],[1215651.2821436527,4417147.405098657],[1215652.669221035,4416496.711222788],[1215670.8463077266,4416134.1719391225],[1215387.8762978865,4415528.516998969],[1214841.4832302174,4414813.891759252],[1213989.1403767252,4414115.5830256855],[1213336.8111646897,4413648.8702045195],[1212485.223206037,4413158.320964946],[1211811.4301291495,4412871.437314818],[1211093.5665726066,4412318.542675579],[1210503.7396359025,4411755.2426277185],[1209901.7510333103,4411330.138124046],[1207204.1423715819,4414402.328051934],[1207152.1511404365,4419023.039176071],[1207237.2378507813,4419936.451437946],[1205554.3933979175,4420631.208348879],[1201220.0719632593,4419823.646837041],[1200102.8993640915,4421453.918271527],[1198970.7594826024,4423066.439537191],[1195745.7366588004,4424178.5275578825],[1191728.1840913827,4421892.675061769],[1190306.2417888779,4419321.679700354],[1185618.3294440035,4416948.760446362],[1185997.8515398104,4413683.192228812],[1184978.8223248932,4412473.523814238],[1184957.82881704,4409197.618292695],[1186155.2525068328,4406083.626307515],[1181279.234060883,4404653.902465644],[1178049.8050566944,4408493.072867708],[1175564.9108109542,4404369.230699729],[1172864.5205137904,4403370.360542217],[1171473.3874610034,4398332.244098917],[1168494.9429600418,4395202.619194163],[1167534.779396808,4391476.744780489],[1168715.5561943136,4388543.534921391],[1163151.0021037927,4388036.628662526],[1160953.9551952286,4386510.687683953],[1158954.1836152275,4387965.665583807],[1157276.8662742784,4385992.995429081],[1154546.2327357675,4385327.92786823],[1154335.4546253572,4386284.375168038],[1151894.094971725,4387034.825764203],[1149661.418441858,4385089.3610569285],[1146262.174871941,4384024.711028669],[1141607.2876755986,4388562.530764664],[1141605.9452124545,4391040.345292528],[1143627.3648417003,4393524.741513894],[1142825.382364363,4395951.030935998],[1137679.108954081,4398208.36136902],[1135330.4163159663,4396807.497091912],[1134786.0193793667,4393108.541927284],[1132327.3815424028,4389010.154481553],[1129921.5300889397,4388633.27833592],[1125588.86809949,4384933.606884151],[1125482.2100990603,4382324.209138763],[1123308.9409535595,4383215.86682011],[1124551.1024396638,4379925.094769733],[1122517.2273064002,4379608.073437869],[1120938.23681386,4377262.592142431],[1118200.544598845,4375633.202612092],[1113084.514089261,4377344.119101237],[1111695.1128448464,4375813.093456321],[1109644.6331728308,4378351.892583887],[1107659.0526906769,4377804.6784932045],[1103038.0740706325,4380391.275778514],[1097738.9673568555,4381641.880660704],[1095904.7282448653,4380822.4462335855],[1093415.686630633,4376304.263491532],[1091640.167433814,4378322.236979976],[1086340.285898519,4380117.080571472],[1085018.580941762,4382384.578456964],[1085394.7367693724,4383978.764343567],[1082962.344164318,4384428.091590382],[1080111.9266153867,4390347.691192006],[1076243.865212278,4390819.249188988],[1075803.8600300928,4393870.351086338],[1073100.4651051566,4399282.779174754],[1073817.3028830695,4405507.216667056],[1071334.3336011854,4407014.620063492],[1067855.496878516,4406793.857104514],[1067340.6983022592,4409553.066767235],[1064620.2083858324,4410884.179921498],[1060484.5618752057,4415175.631072964],[1061511.863943176,4418936.954637179],[1058705.7148668081,4417192.661903593],[1054577.7345469776,4419015.330805311],[1051371.3567592744,4417779.115425534],[1048479.5264842204,4421692.490134827],[1043420.0767633717,4421919.111321777],[1037863.868666021,4418901.735619662],[1035534.3365575215,4421671.478465216],[1032311.0582477008,4422979.358666373],[1034301.9648113198,4425869.869836516],[1033451.5914653535,4426855.328858531],[1034024.5783415504,4436421.562985883],[1030612.8403654239,4443116.88233319],[1021570.7293206623,4448085.160065913],[1020313.0966919804,4445159.977873864],[1018851.7991907198,4444632.075589282],[1011111.5906688621,4445459.085791026],[1006576.4826021267,4447290.434575708],[1001900.6947367366,4450849.0600877665],[1006126.1805978186,4455927.387550224],[1008455.5121090116,4455290.208054384],[1007901.8296985681,4460733.685609182],[1012536.4700818688,4458086.220205933],[1012567.5889248837,4459777.418737252],[1017018.0657657803,4459842.181402357],[1020593.984049711,4465022.523326412],[1017890.4768516765,4466949.167246093],[1016928.7151729973,4469377.902025018],[1017573.4551584403,4470009.823982917],[1019637.4915452644,4468178.882219479],[1017853.4748287209,4472088.131226818],[1019149.8184632149,4473534.777916031],[1017365.4188691716,4478607.754490982],[1016202.8522488342,4483179.222503898],[1014679.167162395,4484277.0558468],[1014182.7434610463,4488152.568843412],[1012135.4037370504,4489258.018479524],[1005280.5294391554,4490791.547469009],[1002123.1533709122,4491635.08040542],[999830.0767852681,4490300.932019649],[998534.351504286,4488093.122516146],[998660.5361948883,4485299.390339786],[996906.488540832,4484607.822717166],[996229.011613386,4482570.582353943],[994232.7711945248,4485386.429368225],[992032.3234388913,4486225.066808883],[985619.8937275101,4484237.566733017],[983820.4619772031,4487286.365257782],[982076.1705371661,4486608.247149677],[981487.020054145,4482471.708134891],[977238.5302600777,4480826.242200303],[975444.8188103052,4477719.029442896],[979571.960937988,4477541.286143191],[980889.8883605034,4475900.22167979],[979074.5799305106,4469880.9623199655],[978069.482881174,4469215.810754787],[978864.3713281053,4472801.971086483],[977197.587262076,4468841.424323689],[976159.034345576,4469125.503330306],[977534.4905827262,4471238.553695222],[975698.4590886445,4470662.80766655],[978315.5236103642,4473473.284587759],[977867.402067549,4474154.721495882],[976180.1865419906,4472866.630684175],[975232.3909331998,4470770.844585928],[975482.241966741,4475495.975793562],[973580.8706113702,4477042.529551367],[973539.719329252,4473740.9799580155],[971724.1812968324,4474204.923583484],[972470.1749904979,4472593.453585018],[970804.4715140894,4469853.190486693],[971141.9464670988,4467550.379039336],[970036.9764305896,4466996.628064616],[968079.405764117,4468354.956245103],[969008.4780311054,4463723.632822573],[973005.0917883052,4462182.968709037],[969768.7529400595,4462216.800312836],[968646.7867779005,4463556.768167824],[968613.3581286147,4462151.434724043],[972361.3610882093,4460819.098680548],[972280.2845927636,4459148.774751017],[969745.2784074206,4459981.465474293],[969643.5480340306,4459244.009174967],[968721.5224181424,4460604.117940552],[964481.7774689955,4459341.044447772],[963983.5553370294,4456070.051126943],[962060.8323339992,4455614.166035565],[962154.4101811635,4453961.553648715],[961194.9368188523,4453473.882250318],[960287.7083293098,4454679.876774556],[958766.0362942272,4454731.087915394],[959123.4908589614,4455444.215873798],[959086.4079931066,4455803.771837867],[959046.9937739752,4456189.118115926],[959017.3380254932,4456480.314661736],[959067.0070824281,4456578.440398983],[958667.3625570606,4457916.484701462],[958329.0326386133,4455311.394373184],[956260.9495572867,4455775.034108271],[957956.765690928,4458935.175435788],[957050.3777658758,4459647.421183741],[954610.9132915497,4458566.833924875],[953960.0935541167,4460967.495809624],[952761.7670431589,4460092.020187828],[952181.3286967479,4461564.868720929],[952045.8890444207,4460174.62026449],[949336.0658875674,4460987.939238395],[949661.9576716527,4459047.724363557],[948723.7160510197,4458587.980613625],[948229.5094365857,4462173.0084887715],[946252.4033570271,4456828.574773189],[941073.4499740989,4457830.552675263],[942496.3712656659,4459949.719540036],[940654.1394951408,4459449.50187659],[940743.1003956052,4462029.3770823935],[939627.4390378935,4458876.634869231],[938666.1788601719,4459635.228225971],[937798.3154426549,4458481.436754177],[939389.2450111243,4463890.324803634],[937043.1849994009,4459442.527279005],[935758.3835280945,4463102.099601787],[935263.614391201,4459311.654207254],[934382.3060419641,4464441.268633542],[933615.548002997,4463790.97206231],[934127.8531979367,4461506.7699563885],[933229.6715044562,4461647.921425312],[933865.844950415,4460128.974405808],[932674.8134191908,4458941.718804806],[935825.4734941304,4458512.6551038725],[936537.6369853938,4456507.758132404],[935158.9718513567,4456651.834513709],[934043.3855040495,4458407.297267366],[934563.7268329045,4456539.233156153],[932484.899320025,4457597.903028373],[932808.877652214,4455683.410051662],[931988.882064238,4455547.262110137],[931294.7063500475,4458852.001768508],[930113.5364245761,4456835.005486791],[930067.1706573592,4459738.795274671],[928396.6274463162,4457073.738994707],[928775.5396727526,4461735.375410863],[927381.173792999,4457618.716305235],[926659.0007000769,4458739.0684160795],[925862.7817391577,4458137.552008078],[927899.1529967184,4461905.2092826],[925540.458062408,4459792.619205812],[921462.806814676,4450594.5336678345],[917800.4203801469,4449125.903727109],[918843.1954624355,4444895.608661808],[917994.2949329945,4444314.581477264],[913064.9528644022,4444117.840714504],[913330.9228576241,4446430.622250234],[912512.878614639,4446034.998789989],[912500.190257343,4447384.332649202],[911845.1216903813,4446641.465218049],[910998.2630242608,4447947.901234085],[911039.3390251996,4447664.598440455],[911099.1576895188,4447046.828203507],[911156.7735253674,4446454.327398303],[911381.7225461944,4445956.131980554],[911642.4284759905,4444438.116148397],[909281.2359233169,4444064.694564039],[910033.781769116,4443388.827925374],[908971.5325777577,4442915.832426752],[908532.7527645763,4440324.745169115],[911022.3434182795,4439156.336883306],[909876.5763456937,4437580.036151147],[906296.2389821467,4436794.303361582],[906563.0973471764,4433236.773881451],[908580.2640206147,4432042.575911337],[912366.1023135228,4433525.045243225],[915091.0512089527,4431832.108243974],[909916.2677426942,4430596.59868638],[909150.7434204897,4428724.844288235],[904239.7013137339,4426657.966198292],[900031.3111079071,4426325.738068067],[898965.728975598,4424686.51752567],[899698.4695853557,4421978.830863437],[897579.5527108801,4416848.84024631],[895723.2347750899,4416968.179929375],[893989.7495076719,4412501.271172346],[888795.2536837596,4409779.226213583],[889805.6775439747,4408792.968767793],[887178.3204083613,4407116.974848066],[888483.2810635032,4405719.590267409],[887904.9227671099,4402307.154130296],[886171.3805937066,4401737.215632395],[885026.0094399911,4403281.296875358],[881791.7276807799,4399436.838284055],[883178.8587798715,4397008.28688092],[881970.5871669883,4393816.211360135],[878728.0674746189,4393686.307477694],[878430.9909873237,4389263.833506248],[880000.489522029,4388725.648105586],[883176.4496580925,4390225.731249729],[883503.2393717493,4388778.765666249],[876712.20809176,4383705.242642238],[876888.6525032487,4377875.980182756],[874685.5906293937,4376462.814423236],[877668.1374545866,4375722.528881738],[873642.0615506624,4368103.06343443],[871086.1458656423,4367446.08318116],[871706.9531835231,4368992.583110511],[870931.4168403904,4369171.199531757],[870572.4758660793,4368016.605725554],[866353.1146398146,4366379.846234331],[867950.8154316038,4368236.390645772],[866289.6354780976,4367231.103839378],[864378.5054400514,4367654.548426396],[865065.4470651222,4366442.568614334],[861544.4411144182,4365070.902238928],[859275.7586374906,4361662.36036093],[830771.009819691,4346069.974593325],[830601.622001821,4341798.114053353],[824855.4068794309,4339888.236550905],[822337.8598913692,4338473.6652614325],[819560.8115876297,4334813.995865998],[809429.9226873559,4331721.656245559],[807040.3969502973,4328605.86074306],[805732.5544896917,4329399.006670536],[802804.3793227434,4328294.512785398],[800738.6512788531,4325925.45572098],[799405.8224106444,4320573.590643537],[800949.5447956865,4317100.40488355],[796594.4690579197,4316702.437083765],[794045.795139545,4315156.224650236],[793451.488863773,4315115.692723192],[792155.5959982418,4312799.200204327],[790805.279374336,4313485.681817543],[791128.514781056,4312081.340851918],[786706.0415287612,4305430.177858746],[786317.2333903235,4302370.003986335],[784862.4386745438,4302037.804873221],[785641.8334960054,4299471.853027794],[783666.2416378529,4290417.329014439],[780147.2264087284,4290230.947863105],[777413.7314081332,4286674.318227802],[779047.4738602245,4285514.605881185],[781342.6306798618,4288885.511531198],[782664.0511704437,4288975.237751625],[781096.5555731999,4276400.469330044],[783069.1467479035,4272954.980932986],[784722.3656073639,4273722.279729423],[786435.4987691597,4270374.28796044],[783251.6493606309,4267901.770053631],[782343.4557006174,4269448.608953399],[781615.6835966198,4269088.030081746],[778938.2335866813,4266183.0852202885],[776958.5968026699,4267268.0582477385],[777554.6308064343,4265181.038682491],[775250.299326075,4260874.196806128],[772892.0258834313,4259494.648712168],[771889.4953162307,4256261.75502549],[770125.6243957456,4256063.918050282],[770622.9553474764,4255034.268314717],[768582.316193773,4254480.410958228],[769148.5671962774,4253532.888946993],[767123.6647995345,4250956.65387729],[768465.2244425904,4250399.061711612],[764396.9216845126,4244440.54028053],[763229.5924924553,4245736.183432078],[757772.2725795864,4243185.079692332],[755472.8186241834,4240615.773210598],[753081.2872279969,4240789.905484175],[753933.1626596665,4245466.7973166555],[751463.9534043419,4243534.489499472],[751086.0810636453,4239953.633061988],[743620.7098460903,4236045.086903809],[738437.0094208693,4237118.134983391],[736666.4225781648,4241270.705582874],[736559.414808155,4239273.807612136],[731086.135059,4240196.688641282],[724157.3085174063,4236054.981826529],[719441.0549797948,4230861.729289537],[710252.6081504563,4222938.859417766],[705453.1950856866,4221726.992432442],[705408.5014316917,4223099.051275345],[703504.6704826776,4223824.791572535],[703072.8438310457,4222471.504723847],[700280.2250901194,4224459.6873040255],[693840.6071424951,4235278.817690076],[690196.3459352152,4238250.184763009],[686109.6287004376,4239507.912269296],[684740.1926313929,4240075.255376032],[684015.6544344295,4240414.238166846],[683340.7586055814,4240574.67818382],[680926.7381315023,4240175.002899073],[669881.35759588,4236972.829482671],[661852.2850673137,4230444.076574462],[655906.6220866863,4223392.3446932975],[657734.3824223583,4220171.448903786],[657414.2512975514,4214361.052899299],[660097.7968382634,4213586.801000573],[660880.1367602604,4210993.828752151],[653775.8661520757,4212681.413709145],[656222.9287340607,4208126.710735608],[648882.3337215922,4195313.2449566275],[649422.3887178556,4194026.917482173],[647237.1111613881,4193044.57089735],[645540.3691569071,4182795.423799822],[645068.7481759317,4177524.454664238],[642991.4340411591,4176081.640724903],[645022.3145064196,4174976.783130318],[644901.9260921885,4167695.0542390086],[636686.0126136151,4167561.22976749],[631013.7717918855,4163970.2278058995],[621674.93724088,4161023.024488194],[618292.5645037222,4161943.2201454975],[619818.4727875594,4165400.428272046],[617555.0067377142,4167317.8330620434],[610093.6190617802,4164398.4560092483],[608325.1228345641,4162068.4405070487],[606682.6069148593,4162336.8696368746],[602325.9735040998,4167087.690870976],[600969.3789657302,4173204.294425098],[597947.4342335307,4173521.9129952975],[591472.5742557462,4172110.97126236],[586817.4050812928,4173396.2895352617],[583365.5287791567,4177654.305598598],[576088.8346939168,4177128.4743876383],[575345.1645770869,4172476.3613038193],[578179.7064579395,4168582.484160194],[577648.0171432033,4165949.0727292206],[573091.7360618726,4164214.0258692596],[570873.172041806,4161885.689908944],[568671.7882707888,4157458.488350438],[569009.2001221697,4153745.517622603],[566039.1418979911,4147745.7332762443],[564180.1024701785,4146615.381358141],[567701.2062076349,4144211.0527942013],[566581.8462567178,4139715.2343872413],[564398.5396886402,4138136.36131954],[562740.3111828,4139958.1492664665],[561112.1517761864,4137840.8698443472],[557647.9520549539,4136316.6296857856],[557150.42803432,4131543.4239763226],[554255.824783829,4126647.636112878],[554472.9739998534,4122546.6055321805],[558107.9143241505,4120710.277531605],[558331.2857075155,4116358.389497025],[555933.6322716259,4112774.3284771834],[553642.5379941505,4114769.5662706513],[550049.6983211987,4114591.093623003],[545014.4755706643,4112074.7993625123],[541488.5817050054,4112910.423628181],[540463.6599079098,4111141.098896835],[540235.1053141649,4105943.4363360293],[535390.3218913166,4102296.0812639277],[531592.6181269038,4102182.702785544],[528523.5101359711,4099414.9562418647],[524796.0394222825,4098967.5435163863],[521339.11865465227,4095552.5577264335],[522280.8007237949,4094082.934027629],[520332.4448692479,4092308.6816990133],[522394.2644348002,4088722.1961804293],[518813.25888603413,4089836.2551000006],[517464.9737085732,4086725.452495441],[516118.75932558574,4086207.226794798],[514193.4420492609,4087496.8498042524],[510524.07843739196,4082541.532212138],[499701.6333590758,4079525.5356211625],[496482.59535149037,4073902.928729832],[497196.6501041093,4069084.1145341173],[488996.54176917125,4066133.29258834],[483194.4366672416,4067405.979788512],[481085.44188265695,4065365.11585363],[481891.28113267996,4061807.583981525],[479650.01606613415,4060303.762613017],[474977.39828951424,4061951.7137712054],[470920.85743540135,4061587.059760429],[469929.13712058123,4058806.780933691],[473008.05933589936,4057896.1804178953],[473997.877260445,4055023.910654038],[473542.75664133567,4054245.6057784855],[469365.2850840183,4055118.296357248],[464247.23461958737,4055904.102971833],[464033.8977940845,4053966.767879743],[461225.2376928736,4052788.072588796],[458684.602925797,4047060.8573171366],[456988.4290108094,4045274.119333679],[455260.81905425165,4045305.0694931448],[455241.8726651144,4049034.178846346],[453965.5944910397,4052432.944847921],[451541.9376366027,4055348.787598515],[446315.0242792177,4057863.352414144],[444840.28498769,4062157.4623436965],[440818.2416886662,4062851.1353857834],[438520.0639262876,4061520.7876975425],[438758.6569885934,4057462.7723053694],[435581.98773695587,4055327.787272265],[423568.5156718458,4052843.8087294847],[417493.7502182805,4047654.6773725897],[415074.9246220781,4042425.7169672903],[412268.5407732443,4041219.460795626],[408916.3494498737,4041770.7420024388],[407385.5817602645,4040017.3031527717],[405533.8230739464,4034511.098529907],[399567.34311981703,4032847.6726670116],[396367.25303383224,4032557.2804136276],[389714.48670828727,4034942.191630315],[393947.8296647298,4046247.5752632655],[399363.68763321976,4047345.1463358775],[401707.24418113695,4046822.2539303657],[401626.38803680945,4050615.313647682],[399022.3003491466,4055000.1247004606],[398714.9766612067,4060799.847192008],[397415.44541259855,4062476.937085571],[394680.0594036271,4062186.2471699994],[392359.99935873144,4063812.8287783116],[390727.36140688014,4067839.1008106824],[387341.09374200716,4070569.3604970463],[387055.1670458032,4073961.8502319213],[389376.4217707228,4076431.963016238],[385550.98170158203,4080770.4698330984],[380498.40427338885,4081444.1944934707],[377798.64592032525,4084807.8697136845],[377108.3187814637,4088007.709975265],[377233.7126500742,4093098.148488162],[380540.3966226676,4096851.1363622267],[381260.7532153656,4100758.9408350047],[375822.8620605311,4110167.489221012],[380783.39031555364,4111387.2587729543],[385599.90344055794,4120936.1017402783],[390207.69331304455,4124714.7569309697],[395457.35502607125,4125239.3259344846],[398394.6736750135,4126790.9000795595],[399076.40573128074,4130796.3267881162],[401435.94550642144,4132115.216184253],[401613.4692147785,4133113.268335676],[399910.61215762375,4136734.746101441],[402510.8047862391,4136762.0471063703],[407618.18416643556,4139714.142170893],[411537.4033002186,4139423.039406907],[417026.68881438434,4149509.2247433458],[416376.4335609994,4152062.3479413576],[413425.9043389903,4156266.5129006505],[414089.87305900664,4158587.481571406],[420684.02957515966,4158387.2261776365],[423688.30242711277,4159656.4591047987],[425416.74247346533,4158774.7791304793],[425680.57781482063,4155990.9209981244],[426487.5650349404,4155469.0239990912],[428166.1239568052,4156710.4879539497],[429988.52561181475,4154667.934228573],[432324.0703373228,4154243.993316017],[429934.6721500086,4160264.2175659854],[428977.0948785235,4167179.75522111],[429257.395193239,4169218.483094532],[431561.09958064294,4172181.820385568],[432174.38663725706,4176172.2975089755],[434516.915491442,4173421.238554068],[437671.76326981984,4171691.9947289545],[441570.0830914644,4171380.5351794157],[445783.10436034977,4169314.8109306134],[447589.04872761044,4170316.1143358164],[452346.10396486503,4171142.630351914],[453783.530489329,4173535.541450562],[458183.3373831325,4176596.428922223],[458530.9381049263,4180479.237820234],[460663.38478059974,4182524.016704904],[459850.5454694792,4185715.4468425456],[456849.98945036,4189916.9250674825],[456997.63187374314,4192517.318446895],[459152.6821525315,4192463.993347075],[465754.2116866047,4189616.994081095],[467931.89954417665,4190031.8535101153],[471512.69754267554,4190011.23128392],[474444.08716315497,4189951.605912719],[478030.4667050843,4191978.6395367216],[482516.3224425869,4191881.798665799],[485450.87574946525,4187934.6102228705],[490226.23629320157,4187441.8537284564],[488641.4336408542,4193696.51244854],[490395.5681866386,4197139.694253704],[491432.4413658112,4201078.473142242],[489922.6273250915,4203007.440900968],[489865.9437099212,4207149.163754966],[488287.86036363215,4212564.988989392],[485051.01362946926,4212684.717778513],[480952.1672249628,4214722.080544805],[475661.7490917205,4213139.127847651],[469285.07784124644,4215170.308547502],[466497.05603166117,4217466.136008859],[463829.046168364,4218577.040482411],[460371.2225657764,4215210.717309225],[456264.2640693308,4216079.940119604],[453261.52164986223,4213077.29356326],[446796.53990578925,4211499.940727934],[445226.6222623439,4209670.0504041],[446036.08931236964,4206116.577608395],[444768.85329726146,4204253.195856653],[440069.7134530309,4206693.020141734],[437509.63790187537,4203404.4883716535],[429009.5097267113,4203647.627741974],[422424.05970119755,4210896.946045019],[418671.1268221904,4210438.680990886],[415075.0754020036,4208845.788123842],[411729.1631118549,4208234.651625343],[404312.02264093567,4209860.939333877],[400631.0077566545,4213266.559855295],[395043.1538098828,4213370.310091745],[388106.8162736735,4208313.644020358],[386093.50441707164,4202983.566886462],[381133.31994009746,4202191.353817621],[379419.4076048384,4199418.552475035],[375323.067105345,4202228.42134086],[370151.6194579403,4203314.550396867],[368777.7040094245,4204457.3098961525],[370251.57731087116,4206715.3016253915],[369788.5725461085,4209899.978015592],[371247.3026847911,4214031.044218533],[371917.52689031675,4214978.106358176],[374474.7763259146,4214485.295422111],[375806.8108148577,4215239.760234972],[377803.3406214444,4219169.15901063],[377570.71218784153,4220554.454028366],[374860.8238628975,4221089.876920149],[373805.59114429157,4222425.357766014],[373857.4926035953,4228775.944183903],[377839.1305397804,4235104.782993652],[377765.281264884,4241446.70603515],[379814.08433729096,4244912.2958797645],[380131.75121712626,4248453.8702387735],[383341.1551119383,4252610.882763774],[383876.58640891407,4257538.342024385],[383247.0657749253,4258872.953147068],[381213.459984468,4260252.038599394],[378860.36060482083,4264046.299687135],[373450.7571210032,4264495.839677046],[371514.5083546492,4268048.5618236745],[370865.81397694105,4281558.553165376],[373056.7251056244,4284746.41915825],[369323.813512502,4292416.01452659],[367597.0414353906,4293243.665101415],[362117.8928562917,4291461.560512226],[358976.2113233754,4293342.038343101],[355248.2998810526,4292028.171547188],[352181.19220815256,4295003.738313984],[343631.63255477225,4297068.7446437655],[339472.53969632095,4300491.231981207],[335617.94115973904,4299988.364710413],[334480.66722026566,4298587.677741786],[331552.45741322916,4293562.719543504],[330338.47853629646,4288086.702483665],[326140.10919997,4288105.716922966],[323449.9067169399,4287011.5375648765],[326085.3186064341,4284835.5548351435],[327594.5262538956,4279211.012784961],[331985.1911129995,4273734.11409608],[334751.13694127294,4267728.525871142],[334559.8854805202,4265744.6485265475],[333183.84508267755,4263781.937079328],[331191.38465228333,4265018.053381532],[329671.97829947906,4264808.5949323205],[328669.0840017903,4262535.075735415],[330237.0269506455,4258287.015525929],[331164.6207993853,4249377.983480231],[334242.3000322111,4247698.074551778],[335200.2300871165,4239827.472846644],[334518.6548134084,4236900.760684149],[329772.83307276195,4235072.575256947],[329609.26127345243,4232252.795756068],[335734.6673736456,4225304.811077267],[335270.89580832626,4218662.748230111],[333538.32512068615,4216016.146818072],[336091.5565669226,4204901.490855949],[333588.0159892234,4200583.3776118625],[329990.15022959874,4200557.432048118],[329264.78368496656,4198231.527152892],[323392.2369904356,4191835.918231422],[321395.3840486748,4191711.180387847],[320136.89632229425,4194204.336505685],[318405.9517629772,4195277.4002674315],[313460.6763100178,4193738.533345964],[312192.8701898143,4194273.23170007],[310224.12433464447,4199248.003359007],[307252.68116316246,4199351.806510689],[303366.3770244209,4201467.800642671],[301688.3422709127,4199897.262268666],[300502.02432433463,4195895.867730057],[295586.2590799942,4188700.5948539916],[293173.53493516933,4187597.3449477684],[285654.54075317015,4190677.9016908314],[279256.6425858279,4187192.5936589073],[279757.648217098,4181283.884583926],[275100.2849343633,4177349.219538929],[271627.04930161656,4178169.3247087523],[267888.59039638395,4174012.81496259],[261436.55293605354,4176179.976326257],[256802.7142880052,4173387.771905465],[256929.62225403255,4170385.7025751285],[252621.2116083961,4168342.8413944077],[252241.04288386318,4166914.1624470055],[256241.96238787193,4165327.3175360356],[258681.62687507118,4163059.004066333],[263802.0297920882,4151608.242885081],[261890.5231143605,4149786.1768187396],[258139.17418364636,4150274.404909393],[256720.6046514117,4147863.76806549],[254763.17178555805,4147102.458339777],[251582.75268055973,4147319.5118158534],[247729.55003406847,4150059.331154339],[244008.57572398623,4148991.5219003595],[240262.6770118442,4149765.240611283],[233988.0214764717,4147841.06537934],[235941.6614623147,4145194.515195444],[240891.38678492082,4144743.8700810187],[243753.81632438453,4141262.8361072913],[245213.78392245818,4136380.9335577786],[244296.980597598,4132863.060376158],[245416.69866617036,4128190.160652742],[248401.14661868298,4124922.2091428675],[248069.25325268385,4120562.5047087],[254151.55413679927,4117439.810044853],[251121.73536658374,4114884.335927779],[243756.78200221393,4112210.8915672656],[239356.02736404553,4105616.3230532147],[233592.94930331697,4104042.5657815393],[227271.40927854239,4104785.4625732265],[226483.36701286913,4101994.943048084],[220824.8354253103,4099863.6919012703],[219763.07555660766,4100691.172304636],[219193.1837688884,4103764.129194144],[216491.57508668702,4106904.1679679435],[215829.8150606859,4104414.084627522],[213545.8110302651,4103558.2772537116],[210892.67965991635,4104584.3473155033],[209458.81649530912,4108154.0093732122],[204890.33482616494,4106728.3188790753],[202775.43454877142,4107574.560848208],[199863.5117253491,4110915.573534945],[194577.50489128017,4111117.6202048697],[192877.66157890158,4110025.106501987],[192649.6734467147,4108509.861320354],[194251.88519961637,4106045.245195737],[190211.37409993698,4104621.384448886],[194126.99259097865,4096188.7902140077],[193284.41284028292,4093350.7657187656],[190494.7000031133,4091264.771045681],[192129.91253663227,4086881.84054533],[194398.68419178962,4085277.6930201612],[193589.96405253522,4082025.8892689347],[196051.07150141045,4081655.812907636],[198374.21265312072,4079613.8733241614],[200635.31723118073,4074061.620846363],[203799.21608671648,4073237.9592532925],[205389.81557798156,4076509.494867334],[207334.517631512,4077143.47737029],[206851.64376567374,4078741.606831081],[208041.70137749208,4078536.5508464538],[208564.82630683307,4081560.4250637274],[210601.7280004021,4084484.413348239],[216108.84538858035,4081421.598647708],[222864.49803504377,4082551.257789256],[227472.1842625667,4073840.1496798843],[234097.68314563597,4070206.1928047463],[235394.88228897206,4070323.982336782],[236286.92057123987,4071826.0629973393],[238661.0465062572,4071129.720001269],[238265.01413927245,4065542.232888164],[239475.00309705746,4063190.430905318],[236044.03992787594,4061842.3072675224],[232729.9998283703,4058895.230246177],[231157.5164009188,4053651.2198193725],[229064.3959072164,4052074.4490447696],[230113.60166099094,4048123.4835362453],[229369.007215271,4045536.229100948],[225072.22365992842,4039580.8325554654],[225087.81819167596,4038277.7991539147],[226651.97056204668,4036856.5265974514],[223362.71925571692,4034791.903588835],[223846.23400539777,4031283.6171959303],[225657.75457346757,4029527.368239509],[225723.08489209245,4025823.6143066734],[227233.97829054954,4023469.5199474916],[224483.2368959411,4022735.5247544516],[223882.99151508728,4021594.1628785916],[222745.17077497276,4020891.170301877],[218338.43705508363,4021378.0839353427],[216258.50122954557,4016961.3088598754],[211293.85837677395,4017681.51641671],[207456.63173474674,4015979.686574472],[205238.5412588539,4017382.9621135034],[201943.65130616285,4014067.8286942914],[199398.96543968812,4013678.1638845876],[195388.21723241947,4010507.0154685844],[195119.25304861207,4005506.100318551],[193562.896439094,4001639.5242814217],[185186.7493912897,3994053.6965433527],[183371.8101184941,3996668.9933586176],[177209.86706308895,3999580.7111539077],[175633.60625201635,3995168.921793174],[168604.45286574037,3991050.7584287766],[169307.39879853805,3989840.441879077],[168517.50916968257,3985825.0353812706],[168142.71262106032,3979271.022328373],[167589.62950910346,3975076.9679599553],[163358.4815583028,3970154.280702371],[162118.06941114314,3965555.2190266307],[156040.63252699355,3962286.169697022],[151079.7004932931,3961830.2903464288],[146862.79819592048,3961280.0471498165],[141491.3596090193,3956539.5399048086],[134600.47574113653,3960035.4013834503],[132886.93046771374,3957875.006472213],[136458.35262532177,3952235.255122293],[136106.07030506193,3951330.037212737],[132782.64884786343,3947937.4734180477],[124023.70041925902,3944130.6414377913],[122816.47943032038,3941715.3670480363],[123359.74707703818,3939504.4726561755],[127557.10336689139,3935943.6233279817],[130041.25234773048,3936809.782145569],[130601.52191433548,3938997.8725728393],[134631.66500849053,3937639.0802039374],[135420.6716849104,3936863.9692453463],[134265.58719845096,3935667.6775221787],[134584.46330189417,3934076.6732640937],[136776.71925009688,3930568.841065131],[146429.42197545525,3922465.5087500457],[143578.97882540268,3920779.23443833],[144882.29003295596,3918224.471620163],[144967.05955352855,3915503.4079038836],[142281.51456758037,3911440.7042012326],[146841.09964525275,3906393.1782570835],[146916.4738218932,3903827.765307775],[140422.20060878232,3900399.4148957003],[136671.30346806353,3905712.33846741],[129536.37940787054,3903587.654479785],[126294.23145634995,3904755.439237699],[121798.04046909751,3910689.1720704157],[119307.01219085668,3905990.5272345543],[121576.38781430629,3903245.7580617163],[122438.85939402872,3899802.5764272027],[120462.37539123931,3896751.2889194917],[121312.39447067906,3892761.556445187],[118659.86960567231,3889687.242976621],[118565.84478322176,3886059.196562959],[120692.981725826,3884900.636870045],[126231.70798273438,3884288.394514773],[130272.26389413212,3880971.196853237],[133135.0547841027,3874686.125344027],[134802.13497016544,3873793.9649259355],[137112.66880879298,3874506.09618574],[139882.96140906538,3872888.254360726],[139617.76376487946,3870168.4037210587],[137464.74402943032,3868974.710443197],[137585.4128136937,3867555.3935712464],[140265.9934901542,3866165.151583288],[144157.2982167758,3866523.5346740875],[145000.79562543487,3861495.4611143433],[150608.00489763016,3860237.607886741],[154687.80481763987,3862244.747194197],[160307.86863695254,3861895.6819702405],[160461.71978611956,3860011.4903305992],[160272.23994646626,3855791.843593629],[151306.51511541527,3849211.776775483],[150308.13184209474,3842101.4583853856],[148434.4764637139,3841166.5727467556],[147689.61954005566,3838376.6513030846],[146106.94364768636,3837734.7970247474],[146497.4607126066,3833736.80559681],[148204.29687409944,3833554.9888159726],[148543.7140446341,3832167.4707355946],[146642.0708979301,3831309.653480768],[141999.2990323732,3833603.484210765],[139732.33487644937,3833277.4049556367],[135631.74150123564,3828887.616845643],[132251.6623719902,3828115.0804284066],[129948.00592893353,3826442.7319869027],[127100.50174719177,3826306.3347615767],[126073.99763263518,3824596.449000215],[126167.28137076274,3821391.59191717],[124198.73632508701,3819392.603159031],[123762.2577489315,3816352.979158798],[121646.79414215012,3815100.0448900145],[119901.91043684653,3813530.3492199294],[118459.03857564091,3813465.444231188],[118119.06950334455,3811658.2605009116],[114697.18262188666,3811504.462636927],[114223.49217060578,3807066.5054531973],[112420.48345773225,3807168.598046927],[111875.19342203395,3804358.190216206],[113738.65394769667,3800184.578891808],[112631.50919725878,3798703.0695256907],[114660.72711968569,3796797.0855389573],[110446.77844046756,3791924.175177997],[107091.90144729732,3791100.2830377594],[104621.7949782608,3789112.8230262324],[96418.11853378416,3788972.69842742],[91781.16030137464,3786636.151926741],[91432.75561668797,3783029.971063111],[89342.80030522525,3779087.8702967353],[88095.76197882835,3778946.812142685],[86993.08969904864,3771929.558143547],[78316.28158650942,3762850.4674486015],[75742.07310990596,3765386.956357967],[69939.06936140447,3765292.197061496],[69469.13543040937,3769494.8484861124],[68297.0975990232,3770287.8431210276],[66047.0349936013,3770221.2384326775],[64141.17713963595,3768534.5936648007],[59503.43425464197,3768862.566308653],[58901.148649560695,3765352.4653784353],[59962.58143016067,3762331.282302346],[58621.25192429482,3761075.8593470138],[57447.74191150784,3761868.463310821],[56517.10340694748,3764712.4685225114],[49586.39274474288,3764661.660200868],[46526.311013063954,3768477.200611405],[42994.91412202237,3768605.1190736406],[40517.9474048263,3766772.6194250155],[38015.19584478704,3768809.842557192],[34393.915107352346,3761433.356487002],[31886.81319808142,3750029.13531656],[32479.118966356513,3746787.174359912],[30212.877175419042,3742839.72089711],[28876.533680117853,3737005.6556717753],[25941.53970005636,3734564.714748172],[24432.630695748907,3731260.807152098],[25443.126466240417,3724642.702032091],[25192.928186386634,3710408.8573766444],[22325.129206211535,3700210.4771936126],[23784.371081101905,3698158.771830946],[26080.579069156665,3692043.080580104],[27087.06227384391,3691066.470687067],[32713.523151474015,3691285.0493549053],[34342.24647844569,3690324.5800982267],[32821.91500879471,3687408.703185307],[33197.96650547147,3686514.640848426],[36680.33109435936,3687149.684510948],[36549.610489792736,3684636.5066506546],[33294.00237278623,3682884.1219422314],[32004.417670035793,3680621.0935167074],[36844.63999302227,3669590.421534829],[38356.30976095448,3668341.8122041225],[25939.801579460454,3666805.4259756375],[14835.75359509387,3670768.22653676],[10419.732785577367,3671076.9183862694],[5329.987449013456,3669503.5531401318],[4164.153764035795,3666365.19702648],[275.80315964920686,3663896.381296402],[2983.9479930214925,3658365.076762615],[2744.9377738543244,3657065.2113688868],[327.09110512333524,3656631.087972738],[1646.5427542484892,3648809.2493515946],[-3733.55537156492,3645908.295097936],[-4577.489370514253,3646555.5287013017],[-5102.582783761098,3650108.914277993],[-7986.4771662408,3648445.1249045376],[-10742.256613746937,3650251.587451393],[-11614.502452573184,3652863.2503053695],[-15475.69589810403,3654843.175337268],[-18655.858589507774,3652989.9603090975],[-18304.1085835152,3648423.214194605],[-19227.848540268496,3648292.5544843264],[-21234.557098819023,3651129.2925279345],[-22632.540544630374,3650958.388802765],[-23375.438154832173,3648867.476507891],[-22720.274195175607,3646844.4402354136],[-23231.448391635673,3643648.2548362743],[-20871.957194518753,3643434.161537245],[-17553.052348542762,3641127.7345814705],[-16935.734160435415,3639672.2914060466],[-20745.022255440574,3639740.1726633534],[-25331.488032768084,3634355.048437571],[-31216.544473772417,3634335.5283587333],[-33445.93350846339,3631605.8124546893],[-40045.4325008588,3629289.613319382],[-42644.980578188944,3619982.1910307817],[-36745.722726976026,3615891.644629631],[-37626.02706621983,3611418.6845320575],[-40740.082572046995,3609878.768791819],[-42723.75556233945,3606407.4120618347],[-45727.43642395816,3605387.3402311113],[-53386.176391374414,3604177.940664232],[-59490.933585970444,3606607.432418382],[-63639.34764803108,3605320.933150692],[-65760.57587709212,3607765.839937819],[-70511.72701618582,3608348.4602854513],[-72582.47908079436,3613560.4338592235],[-71983.03133222576,3618206.2684962563],[-75537.78820545618,3623659.2165675554],[-74977.9433326025,3627011.1905660722],[-77922.73511399116,3630284.843116801],[-79756.0260473284,3634134.33787982],[-73942.0462212156,3633091.6827795748],[-72154.34454923657,3634618.917570235],[-72605.01559793304,3636466.9738718346],[-75465.2639088863,3639407.5291330293],[-75959.32273457356,3641901.0677446947],[-79984.84727856418,3642556.7626527622],[-82384.90055735596,3644269.9839809146],[-84624.16311247915,3642781.0292932466],[-86267.46390162296,3644257.902603995],[-90415.9442733519,3642066.1119717862],[-104043.80450671887,3643057.0264900997],[-107377.38176730373,3645957.9860931356],[-108083.72033198594,3654443.8537522852],[-109451.875516622,3656885.76627755],[-115422.670700771,3655466.8337258175],[-119964.75102027731,3651116.9928489197],[-121718.20563749986,3652952.513086967],[-122994.93502535528,3652545.5558390766],[-124933.91060331858,3652344.4591602925],[-137679.75178591855,3648568.7268806994],[-139710.3776022023,3645930.6542191748],[-142208.34236086466,3646554.767532464],[-145352.89565306305,3645245.2791607026],[-148061.14470993655,3647233.240691144],[-153338.1891424811,3646015.671118237],[-156657.97194874354,3647493.896771757],[-159518.6438067669,3645857.2834231406],[-161962.72254650327,3647335.8194619026],[-163835.9621869227,3647150.615498217],[-167394.74422950187,3650044.08389904],[-169724.5337292669,3649147.296088638],[-176747.85882934136,3651445.970275866],[-180583.4389422975,3650659.0568266828],[-179537.39841499526,3646862.5517083835],[-180920.4941904113,3643278.4436587505],[-180691.7823375094,3640312.073936565],[-185419.41576214108,3629872.6160651054],[-187232.79052981382,3628476.4365402944],[-186582.71365283223,3622544.9284411725],[-189070.59189176495,3622343.428161556],[-193016.18996002595,3623785.679462148],[-195462.67738975835,3621045.4347639866],[-199248.2886032653,3623283.105348328],[-201905.9232518566,3621484.157788798],[-205393.35770759868,3623840.927428676],[-209160.418989538,3631232.0678125136],[-209944.14997033656,3639838.5153466966],[-211549.56012439332,3642136.702067526],[-215478.58147038083,3639875.2855493426],[-217659.7198155611,3639816.12504448],[-221102.81855040713,3645406.5181671698],[-223859.96830066983,3641876.774019506],[-227611.85850950173,3641420.370006077],[-231380.61188258897,3639385.41484195],[-233562.35721715188,3640491.3880189788],[-235918.79186580898,3643935.9036939833],[-239021.31076072584,3642855.8401223924],[-246936.00415857544,3644603.5211520568],[-250698.34913608426,3641583.650281189],[-254983.81572047935,3642926.811168527],[-261309.59732624475,3643748.7949578557],[-263870.10051330854,3638345.9691518955],[-266267.53883710917,3641429.033192668],[-266641.73454177554,3644371.6083840784],[-267959.38120582735,3645180.0747288615],[-270740.6293914894,3650947.8734732624],[-272228.3258272345,3652463.639896132],[-276578.93269402324,3653768.3665982634],[-277087.2939518866,3656483.6596843973],[-282036.81077911257,3659463.0043582413],[-284367.21158763755,3657701.015000973],[-291798.66460484033,3660178.112641316],[-294987.51731577195,3657676.5441629365],[-298766.0281317095,3659788.1496445127],[-302299.3791746624,3654609.6432527304],[-305190.1681074461,3656653.683810666],[-308656.99364048394,3655848.3793997634],[-309992.77886309614,3659144.6052189413],[-314540.6371828857,3660536.422083633],[-317664.792137545,3654977.436930001],[-319622.4077957113,3649852.542652931],[-319999.0798017157,3645233.3077057004],[-323488.7236539464,3641036.6010148246],[-330753.8514293935,3639284.3616007697],[-332474.7346065202,3640603.2128994334],[-333172.6386060732,3644130.5083216093],[-331352.73151446896,3647960.98173441],[-332790.8609970403,3654602.6354249697],[-336397.11922504264,3653466.1782967187],[-338226.10384239384,3647149.9392979518],[-342603.25144002575,3641567.5733345654],[-345757.33911055606,3642172.609452728],[-348398.96218723,3644205.424393242],[-351304.73501179897,3641924.815560678],[-353464.88044041174,3642356.7450611927],[-356441.9820287665,3645854.3478081506],[-360239.4802576201,3647239.097971225],[-366960.04245233303,3645985.0617119893],[-373430.5711659516,3644038.927441554],[-375854.99335675855,3645855.0467114765],[-379210.56224661454,3645898.973006984],[-382417.80219454004,3644175.5462407824],[-383103.384304292,3649074.4163164906],[-385201.32131837547,3650332.190121839],[-392373.02258622786,3646763.4506069794],[-394437.49941292807,3641985.614568528],[-396234.78223766567,3641572.418464277],[-398390.80068360985,3643791.215199478],[-401582.16614837793,3640176.691453796],[-402906.12291574513,3642198.001272822],[-402790.98706889636,3653924.270585755],[-403931.10884287924,3662753.9636915717],[-400952.68429505045,3665574.574628746],[-401481.0551995761,3668939.144697072],[-407166.0970527301,3669501.4982630108],[-410011.509656428,3677682.573589785],[-412938.42472864455,3680039.1902812235],[-422514.1109585715,3680980.7451980803],[-425934.9055666985,3682349.7151965704],[-427596.16085791995,3684417.0809722506],[-428563.2952371372,3690883.8766058646],[-430646.47032738564,3691908.330890823],[-437094.07706672617,3691649.83834875],[-438900.8587830528,3688724.7817513067],[-441371.3749065158,3687798.3266121335],[-448181.3739128929,3681053.9443438854],[-452599.4069956417,3681290.7333327383],[-452101.2837697168,3678419.9501056913],[-453421.24106239644,3676898.3650828674],[-465661.0712839584,3676530.4129845407],[-464702.80540782696,3667683.16805985],[-469151.8732119999,3665107.8691314887],[-469390.470350636,3663150.110111356],[-471344.7613988152,3663132.6744195204],[-472642.59858268173,3661558.4681961723],[-475274.5851696478,3660949.3352928273],[-477923.41281457356,3663344.380400151],[-481073.0755361227,3661825.6751365885],[-484234.575353922,3662275.7079171967],[-486769.9361857605,3657674.2515228],[-489353.04018520657,3659798.047603069],[-493597.52822012303,3658405.7640677895],[-494499.11556450796,3660103.1597109623],[-495605.3567842353,3658313.254396748],[-498490.43900062446,3661030.4782514106],[-500931.799089065,3661889.719889747],[-503887.3688157433,3666370.9433076754],[-503181.19349620113,3669836.2228804193],[-504577.0224805338,3673368.194008209],[-506073.80662472354,3674625.9697205424],[-508902.95927226223,3674103.248206349],[-510650.9411705857,3678687.2804982513],[-516267.2467118944,3679116.597055381],[-517436.7251493058,3675930.838804748],[-523829.75946041726,3679709.655745944],[-530610.1748450379,3676512.812842777],[-531890.2712744888,3674782.3216020856],[-532171.3222892324,3672981.954422541],[-530485.5518954931,3668142.2061508875],[-528323.0470320275,3665534.2524038646],[-528032.2269517255,3662517.394565465],[-528916.7286455099,3660096.4278302845],[-536940.5573450695,3658819.2513438314],[-538201.6827130939,3655301.3562175017],[-541207.1674248342,3652713.7766686864],[-549038.3477984021,3660723.5929946452],[-554383.9775875947,3669918.3664917685],[-558834.3562259884,3671227.945511887],[-562359.2926042677,3670295.499859689],[-566069.2018258942,3672452.5438391995],[-568298.1928315808,3671929.5114646833],[-569797.426604097,3672021.304423336],[-570156.4486274824,3675118.5420599915],[-566867.4698896838,3676942.0796048045],[-564317.7043772446,3681775.896637989],[-558776.9628440312,3687410.7946275156],[-558996.2211046937,3692496.350288922],[-560608.7321166912,3696149.848658802],[-560455.5410957849,3699526.8831427284],[-557258.0466485639,3699878.374398889],[-556052.6051801809,3701612.1037603375],[-554746.7904198094,3709946.391350573],[-551917.5107425048,3715442.351690475],[-553965.6366598586,3720557.067733934],[-552967.9344672385,3722637.3333042115],[-550799.9831617163,3723525.9516701214],[-542957.9283688021,3720823.778055012],[-539335.7548328944,3721726.259360932],[-538792.4758903523,3722660.4168106373],[-539099.4135400602,3724746.1203879192],[-542473.812658677,3726526.6711893026],[-542088.6018183723,3729514.0485907104],[-543525.2119961337,3732090.053087203],[-542109.4694061116,3734022.024309365],[-536829.6947384491,3736690.6338492204],[-536147.8731712294,3739017.979901986],[-538569.9256632959,3741947.950538993],[-543387.2169220963,3743947.4268636424],[-545680.1397734291,3748037.2208331935],[-549651.0588828854,3750491.8207068853],[-552456.861845814,3749915.4000222273],[-553221.6209718233,3749612.5437830687],[-554179.9360438443,3747271.4302787576],[-559010.4045602845,3752276.2442641985],[-559836.6375268928,3750629.1757401973],[-559375.6137311178,3747552.0550817605],[-560781.2441967712,3746914.3740410525],[-563209.629315331,3752435.430156065],[-566265.0513570611,3751870.7076682355],[-565081.0428030265,3753683.3128638268],[-562290.8392534655,3753922.97856527],[-562805.362626287,3756380.5182355475],[-570379.2321558704,3763267.8892062716],[-578324.2888303762,3769678.945862703],[-582285.6796989457,3771199.951003205],[-582606.9947427149,3769089.822219236],[-583964.8256773882,3768424.252393391],[-589585.2806027204,3770899.4032400157],[-594302.2378244895,3771236.4014849532],[-599250.7025763233,3775780.325691782],[-602042.5420036507,3782094.133902762],[-612274.9955610342,3781689.082953198],[-616520.9916720514,3784103.611437518],[-617557.6595465384,3787154.0265494157],[-624456.6356772702,3789581.37031967],[-625935.8261466861,3788973.104839349],[-626674.4921842802,3786492.7346076537],[-628746.1740267391,3786117.742021933],[-629471.37962822,3788299.941439664],[-628047.2348855123,3797484.3903290536],[-628559.1674542895,3803232.1000094227],[-631211.0151923749,3805990.8067969736],[-633827.5892259204,3804059.399929788],[-635732.4513918958,3804039.659466224],[-640031.7186711914,3810678.5679025054],[-645808.60403517,3813522.8745917194],[-648578.1171302476,3817879.8049868066],[-660314.6701394273,3820572.20102513],[-663874.4382584232,3823655.6987408176],[-667587.7466056147,3820192.9408895504],[-672278.8898728213,3811851.6577716004],[-673286.9027787297,3810082.766467644],[-675878.5355616828,3808694.415258467],[-679979.6293879828,3810376.9967964627],[-685122.4189024249,3810629.2012391556],[-687729.0600459581,3807324.6322667096],[-687926.6837421827,3804691.683126254],[-685664.2146527999,3800085.157800941],[-686567.2880011777,3798389.173486393],[-688794.5675369531,3797865.533699034],[-689065.1563109936,3796348.9355261773],[-683035.7317200083,3793079.1289098933],[-683176.6144598286,3789511.1061997674],[-679922.836445087,3787373.3518953733],[-679807.597320398,3780685.404103417],[-684990.7265866213,3779567.073754629],[-686154.0684141349,3776613.1774847545],[-688417.8145561956,3774770.4012432173],[-691045.956029807,3768307.2392329164],[-696457.1306417387,3768752.565569019],[-698013.7999729977,3767033.5131057277],[-705426.0704390275,3764303.2853421345],[-706704.0919337667,3766519.1602891255],[-706914.2543927633,3770103.1815759037],[-711136.738582541,3772411.990469521],[-713206.8191777414,3779081.9385906495],[-712766.5145177724,3782092.775165269],[-707898.5325078127,3782371.4548679013],[-707716.2301303904,3784694.4092414062],[-710121.8462626634,3789488.0518716313],[-715914.3824747306,3794547.7455972433],[-719035.3594579663,3802898.2572949473],[-720886.9701099717,3802783.5550119504],[-722741.984579114,3800298.318957545],[-726235.5162861155,3798662.499608662],[-726621.4857731347,3794332.1331627797],[-728894.907256538,3791714.968645556],[-731718.0572416851,3792347.6744863335],[-736480.9963187097,3790447.5094732083],[-738863.9468047018,3794262.9947090857],[-739259.6241252079,3797631.1250263844],[-738110.9452383465,3798313.9765486326],[-736420.2069277422,3797149.785867652],[-732046.2910008155,3798579.3589671273],[-731188.4969676376,3800136.0970346015],[-731480.895498393,3805083.4612943474],[-726263.527913646,3806792.934454296],[-725905.3127235937,3815204.458834134],[-726570.57128971,3817277.710193623],[-732603.6922575774,3820458.6821818203],[-734307.1847781413,3820056.228444623],[-735223.7479656669,3817277.8487780206],[-736290.138929859,3817419.530080676],[-738380.9681561667,3820167.8901859056],[-742576.0586260529,3819190.1532128267],[-748880.8863305631,3821255.17143528],[-750745.2666476213,3823174.139673719],[-753878.4231160096,3820040.7942517865],[-757252.7540913867,3822819.036475364],[-759909.8078294309,3821004.9203467164],[-761561.3567572252,3822584.9791113306],[-762634.0524456523,3822246.017889483],[-762877.693016564,3814852.0798145365],[-758338.3327271091,3805967.9721323103],[-759332.7069583246,3804785.959282445],[-769344.3025313573,3806387.7234783005],[-776181.0986809789,3810548.0717892684],[-781196.9509246035,3811155.2437253576],[-782998.2545791337,3813378.5879111346],[-787748.1566855115,3815594.2864965815],[-789031.9753886351,3814968.037835682],[-790753.6199820444,3816374.097016042],[-798295.9719072874,3817338.4509501345],[-805569.8302801867,3816942.153120462],[-807479.8011345838,3818892.0990202036],[-815791.059994217,3821434.007258663],[-818039.7055294994,3819465.527587045],[-828924.6534525957,3821164.9657738265],[-829563.2683639647,3819556.546815347],[-828712.3806382477,3816536.3247241694],[-820261.886159415,3812623.4273364134],[-810467.077249065,3806229.2371496744],[-808728.4327753288,3801773.427028071],[-809922.1086218084,3799782.084412208],[-813476.7469161495,3797633.101137748],[-819367.1139548192,3796600.18251949],[-823144.5587841118,3793853.100220777],[-829708.0937360311,3791182.525568465],[-833161.7839326529,3786494.9677370004],[-832807.4084113189,3783326.3167668767],[-828855.9092385541,3778628.9298456926],[-823308.9338230481,3774207.707605671],[-817284.2170201358,3772542.0621152166],[-813333.5618283444,3770162.5623794775],[-810582.0569241949,3765115.7779330593],[-807118.2204656968,3762456.9178983197],[-804409.6820463814,3761921.0056523196],[-802365.555515926,3758756.53454623],[-801384.6003419524,3756189.9136240575],[-801762.0702518164,3753006.023914445],[-799592.6365012355,3750477.502530044],[-800998.3996419288,3746480.4000944886],[-799617.5259339779,3741547.5818405803],[-800121.076152579,3739211.9235431645],[-802874.415315141,3739154.344987536],[-805132.4926447679,3733072.5382775273],[-808440.5509996859,3730894.171683112],[-812398.849399119,3733847.3051151857],[-819265.0187385039,3734598.848136546],[-819853.6939524548,3739410.1479937974],[-821522.1464045496,3741278.9772170093],[-827666.3743109425,3738766.435591601],[-830215.5273148925,3736391.8701044433],[-831699.6508996381,3737482.800449427],[-833354.4238630092,3736276.3365690447],[-834766.2886850009,3737332.9354377575],[-839495.3059042268,3737826.178682957],[-840495.5616014273,3739171.6535796877],[-842383.5277109875,3738123.30713794],[-844871.767885471,3741367.069360813],[-845098.6700238803,3744545.924747385],[-847907.5622704797,3745718.8373841066],[-853950.446161882,3753820.0736268684],[-866243.3261125421,3757233.3286573496],[-868679.7692065286,3760471.3910125755],[-868424.847203452,3764946.2786708456],[-879764.4922035406,3766629.665211091],[-887030.7613702257,3766335.7896176837],[-889082.0244185718,3761817.43341662],[-893596.020690195,3758820.615283696],[-902320.1668335471,3760891.3444557246],[-908055.1660892831,3763511.9065438453],[-912879.045002904,3763625.839097202],[-915245.4105543818,3765969.3175002486],[-919243.1547219969,3767520.6058338583],[-922397.6176299659,3771704.825365862],[-925491.0246667088,3773015.6348673496],[-927020.4162160148,3776456.353016667],[-932192.951674007,3777029.816823676],[-935455.7453880525,3779663.9353126492],[-938491.3515421342,3779353.2893578093],[-941681.7229415793,3781119.698285397],[-948662.0438252303,3792277.7135652676],[-949998.1077096298,3800696.276401583],[-954981.1877069792,3804319.57395887],[-957865.6895318876,3810528.8889119737],[-961229.1257311519,3812524.540600024],[-961753.1572390673,3814879.978086002],[-964981.997170504,3816103.613543613],[-966143.4003714386,3819239.26343794],[-959939.9159173596,3827710.593147598],[-955799.6472685671,3829893.409318667],[-956367.8346905044,3835666.4680723064],[-952295.3195723725,3842128.819358034],[-956000.672694122,3847785.8498800397],[-955297.1605262386,3848612.64242631],[-952147.5773814303,3848622.875312049],[-951576.6905273857,3851080.3570962995],[-953400.5911395954,3856249.8271372765],[-955757.6877320189,3856735.151272282],[-958830.7269022219,3856958.3794446886],[-961163.040953697,3855572.88289701],[-964943.5843943324,3857436.4934620336],[-966025.5862405297,3856811.809370449],[-972346.9499640659,3857862.107384283],[-975990.1133828219,3855202.785068279],[-978640.3159843377,3855783.6704875473],[-978378.638728288,3851870.675640298],[-986823.1231704988,3850338.492512932],[-989813.4452657301,3852289.083875848],[-992474.2062529618,3851307.8498155363],[-991418.2292250249,3857171.0949312206],[-993191.2810914348,3858765.7573146485],[-996083.6384720344,3859219.9038022608],[-997609.4558369976,3858466.3940607198],[-997708.8216965385,3854909.688367976],[-999136.9601942886,3852034.936900383],[-1002170.5659434791,3850473.367019357],[-1006322.1561045556,3850506.199649453],[-1009905.5225078269,3849194.074198857],[-1014035.4303889154,3845421.2380807884],[-1022904.0402913919,3844773.4249106348],[-1028228.4835064106,3848256.1175629646],[-1031960.68706491,3847378.1441060025],[-1035511.0731476913,3847598.849632468],[-1037590.9019105794,3849360.849066511],[-1038592.925952546,3848361.785945991],[-1039499.018886298,3848806.1026568655],[-1038905.4232183845,3852539.5455996767],[-1042232.3785666941,3853528.680569103],[-1046406.0402439379,3850583.3229229767],[-1046750.4242901292,3847133.2631569672],[-1051793.3194015163,3840605.305901425],[-1061377.2264925684,3841138.003546726],[-1062888.4947237275,3831943.0995321106],[-1073540.0158292032,3832396.0820539836],[-1076461.6120952752,3835119.395971317],[-1078664.783016312,3834187.284716008],[-1080816.4557675205,3836609.272977352],[-1088728.6448692726,3838893.209681349],[-1090690.841348204,3841630.622763917],[-1098049.2628446855,3842649.440030383],[-1097677.5525803117,3845730.132576026],[-1099331.961445745,3847050.1509549003],[-1101262.3644773893,3846918.7484331876],[-1102441.4652324456,3845706.520519331],[-1103508.3595864943,3840834.3220800944],[-1103371.3549016803,3834670.750397507],[-1104442.11734558,3833106.777496321],[-1106456.388392575,3833324.0369695555],[-1108585.964739319,3835091.843728259],[-1111298.6657786912,3834950.355801739],[-1121296.1717347773,3840195.1416730434],[-1124313.1344935186,3839621.838424381],[-1125529.8234720072,3841227.150528388],[-1129044.8142839293,3840748.0013165064],[-1130483.4648174397,3845472.1333153676],[-1132979.0393728053,3843585.543745799],[-1134431.6063023307,3843656.838523684],[-1138075.2656736001,3846024.150762975],[-1141132.1667452005,3846158.9069910217],[-1147354.858946379,3848655.1925712116],[-1152216.9825516404,3855311.275661718],[-1151967.4454667293,3859032.1907879636],[-1155538.4748872928,3864281.829046583],[-1158334.0225060936,3865947.8613562863],[-1160159.7984148704,3863980.3163165934],[-1160887.4853866657,3867115.639245676],[-1163014.9953316704,3864324.8058470115],[-1168305.4506745322,3859129.103526652],[-1170844.5553200045,3858966.580032034],[-1176311.6466290883,3854599.4316077903],[-1178750.0896260326,3851325.414885128],[-1183111.1586704717,3851513.4420820866],[-1192059.8023887852,3839856.585634703],[-1205170.110954469,3848289.29122559],[-1206444.2159741884,3850865.7401758693],[-1206918.5777326082,3856497.110400792],[-1216120.030542874,3855003.0405692533],[-1229953.897284553,3857271.6226652153],[-1230636.1115630402,3853733.4577917494],[-1236822.639364374,3850521.1364723835],[-1237042.541117847,3840649.8037003763],[-1240501.3774023408,3840181.5763969216],[-1248350.6226526129,3842561.260728186],[-1249286.5246979415,3844329.0627027787],[-1250537.322082725,3844578.7091472447],[-1249803.671246692,3834673.3968448583],[-1252973.973955674,3831577.4789494816],[-1254338.6338246483,3826221.193552492],[-1256843.0852491104,3825230.611694861],[-1258702.2728161216,3825641.677161852],[-1262460.4594888703,3829294.004881574],[-1264091.8784058124,3827869.8360774983],[-1265739.3397474524,3828539.653578954],[-1272403.144927793,3835073.2917369716],[-1279235.087181338,3839825.738932671],[-1283716.1335882398,3849956.433562191],[-1284932.4073856818,3851561.049634086],[-1289688.3705040023,3852891.3579513896],[-1290522.9646449534,3854522.194867093],[-1300617.6521502193,3858256.7535441015],[-1310674.9405487732,3869960.931688765],[-1319356.2676385546,3875907.65798009],[-1322503.9101617062,3879397.873113077],[-1327516.815174485,3879586.4489750005],[-1335433.8158905783,3884121.2957217637],[-1339033.7974860545,3881581.0183989797],[-1341821.2438169068,3881099.389761895],[-1345470.1879216412,3885154.535159167],[-1350073.7774973891,3885574.707474243],[-1353817.5391769097,3889852.5961129684],[-1364690.7725598677,3893405.683889333],[-1364135.1912113612,3896885.5681837182],[-1365886.3216381227,3900628.4778052755],[-1366703.0440779785,3909133.36379339],[-1372039.412265856,3910987.5154537726],[-1375812.2602736622,3910850.164714474],[-1379054.4131302922,3913646.6629100144],[-1382597.4032794177,3913163.90547272],[-1389352.6643333705,3916964.113573555],[-1392366.0996712793,3916853.231011212],[-1394378.1425809986,3919246.1485119443],[-1393173.4532202373,3920310.339975169],[-1395193.291293926,3920639.084796278],[-1397914.4263699057,3919546.6061900426],[-1401444.8450571313,3922435.026403904],[-1403864.4411445777,3922243.2490058243],[-1406575.845284528,3919763.7154660802],[-1411513.417537007,3920308.671921544],[-1413886.1925955962,3922097.291435009],[-1415519.358699742,3925222.7826621532],[-1421436.5351191524,3929979.900769081],[-1425445.3296136246,3930135.9632454384],[-1428729.3328014088,3931526.1539663244],[-1429766.5580652463,3933132.4309754595],[-1434392.2443421425,3934836.846743487],[-1436000.0163222486,3938324.851751685],[-1440504.3102407309,3937999.65582742],[-1442946.5278078953,3940189.42590072],[-1446122.9993430034,3939447.8316674232],[-1453726.9375405456,3944016.6081286594],[-1457152.0043191882,3941661.6085483134],[-1462783.2592442306,3944470.7876719683],[-1478717.4108694405,3947642.8644568957],[-1481961.758777827,3949681.41659729],[-1485468.4570425018,3950186.8956654165],[-1493786.1268871075,3953598.9700249583],[-1494851.1439693025,3957718.105548812],[-1496711.8301571645,3958652.2483455315],[-1499490.3811085387,3959319.524508491],[-1501905.1475795058,3957897.9483420793],[-1514164.4995799782,3964122.913613787],[-1535586.9639266273,3969116.4353768583],[-1547427.1804763733,3973453.5625542775],[-1551096.560922363,3976046.5444883034],[-1554416.841419181,3976082.028699005],[-1556708.2684942367,3974826.748342488],[-1559190.9686353651,3977074.3623610735],[-1564160.242467106,3977570.8107723016],[-1571541.0114344833,3980644.5191976987],[-1582655.4825387218,3987104.204650987],[-1590446.3436838915,3992953.0242238063],[-1594235.903012712,3996537.1421246547],[-1602290.6907942004,3995832.147871962],[-1605203.2068909183,3996688.9138071965],[-1620610.2793889958,4005930.2717667073],[-1626026.451093802,4005677.2307544537],[-1630915.824051458,4009668.596605152],[-1636698.9583281225,4009058.531805031],[-1642738.55851129,4011280.070892874],[-1649328.5455629595,4017541.4924407844],[-1659516.9098334108,4023936.471895322],[-1659161.2280863218,4019089.2007999495],[-1660414.2877332957,4017311.490895914],[-1663965.7934751436,4017568.970790772],[-1671648.9819190905,4020524.4299677834],[-1676891.8959176522,4013823.2247847896],[-1684531.0763169145,4013168.615349207],[-1688354.297644203,4018177.328254735],[-1689267.2687877745,4021886.300357919],[-1696526.2157866338,4028234.6198881753],[-1703975.9271185764,4029936.4771732558],[-1710017.28811961,4033440.9056082647],[-1714094.8356473132,4032157.969508657],[-1716996.8124374184,4032509.3308351114],[-1722556.7294938501,4035297.1689732186],[-1725114.474720562,4035587.840795014],[-1727594.3023877784,4037888.6569884755],[-1734591.587044029,4039718.4450549707],[-1737495.9474374775,4043486.038421102],[-1740302.5517916225,4044371.3796348255],[-1742679.9596928735,4046680.1351176742],[-1741258.7747458522,4050269.213631043],[-1747905.070364321,4053219.1895939223],[-1749582.6577546506,4055904.6140355915],[-1751465.7232793255,4056286.0761948917],[-1752032.5747289541,4055517.7120326124],[-1750735.1450315563,4052688.7262454517],[-1754013.111620127,4045770.5267714355],[-1755943.4102646767,4042967.3666218203],[-1761084.9466519072,4040543.143314345],[-1760565.1471622977,4037904.987586053],[-1761462.6386314144,4034854.0267430805],[-1763736.725050287,4037272.447325416],[-1769566.8369641977,4036916.2954062186],[-1779859.8090460964,4039694.613026079],[-1799575.0253351962,4051770.2111911103],[-1807717.7080806538,4062369.904284276],[-1815765.3846498025,4067931.858354641],[-1818118.6125521646,4072287.911471989],[-1823716.9758227384,4068455.9999169074],[-1828217.9093362878,4069597.781354107],[-1830278.195698853,4074092.8196203057],[-1834708.6803309862,4078174.9204053544],[-1841022.2967575463,4079988.7482697237],[-1843235.6415003894,4085721.4310189374],[-1848367.5563614066,4084969.0310044754],[-1851006.5756368956,4086143.9394766],[-1855818.9930029586,4082057.699195849],[-1858357.644836642,4081687.0065426044],[-1863470.5455493627,4090525.919452425],[-1868664.053028134,4094133.1677293293],[-1868209.9007116542,4098497.07367843],[-1870093.5783827538,4101959.2378111836],[-1871272.1468437023,4103004.1092043407],[-1878056.3967356463,4102747.05415792],[-1879602.6247417878,4107243.700157391],[-1884975.4099305582,4107375.380992826],[-1887476.2033763716,4109100.574504385],[-1892551.6937671541,4107344.620519297],[-1898875.6598703347,4110141.687780218],[-1901745.377030862,4108147.4943789784],[-1905093.7250378814,4109472.8678682167],[-1909842.6642414124,4107579.988429362],[-1922578.8752382342,4111700.711944999],[-1926383.3249053753,4108342.1248916183],[-1932064.1777855523,4106017.081063945],[-1934564.262600328,4107233.602082342],[-1940006.9628457136,4107086.8578135725],[-1945468.7962816856,4110755.4202458207],[-1960386.5455407912,4109263.0471899435],[-1968392.6551119853,4113357.5568381455],[-1968196.9272099223,4119464.44215299],[-1975742.1551793765,4120990.2559211105],[-1982340.4667776707,4116547.3540274575],[-1992416.5801592444,4117215.4344901387],[-1995795.3534863072,4115239.9912026674],[-1997544.2414038195,4112375.6924428977],[-2002621.701288512,4115116.76603416],[-2005947.8781841714,4114274.046730684],[-2010378.3336423757,4116719.367638305],[-2017289.708255187,4113898.4742592163],[-2019672.5876061951,4114044.0437751096],[-2021560.5277213806,4119233.572027482],[-2025476.0390972958,4118298.04321762],[-2028338.4813753886,4119815.572384713],[-2031121.3620651013,4120008.2066339646],[-2033395.848340222,4119352.839994738],[-2034846.3827861755,4117265.4074498173],[-2039832.3681456957,4115345.30256615],[-2046651.2759942794,4115350.4757545404],[-2052294.6831347698,4117271.085606424],[-2055062.409517543,4115060.7355689313],[-2059094.0614715016,4118175.778574612],[-2061867.2525744548,4117378.6351212654],[-2064823.4800008656,4117906.188593814],[-2068809.6503994889,4114428.993897436],[-2078136.2818192586,4115618.89932053],[-2083362.0752708311,4113357.0547388364],[-2088898.1071786846,4101850.396508975],[-2095065.9589382173,4101228.9483187255],[-2097493.802384186,4098457.489984501],[-2099530.461049724,4094536.7160295267],[-2099372.7352101137,4087899.927766267],[-2103060.641937917,4084593.7793966196],[-2109313.02435839,4084280.134859439],[-2113226.440534758,4081108.4973217137],[-2124520.818924235,4081756.5268271957],[-2126412.985064208,4083494.703820506],[-2136726.397136147,4082572.9636868946],[-2142456.128373561,4079870.6546593495],[-2146680.339518093,4073953.701790279],[-2148322.7735770196,4073236.1311514676],[-2150910.704348339,4073494.053704664],[-2154143.7592042508,4076170.2227121294],[-2154714.8657900044,4079103.317845635],[-2152308.807159002,4079156.1155847386],[-2152739.748946603,4081921.6234397683],[-2156760.841802597,4082954.1579896286],[-2160278.23425696,4086045.3135374766],[-2164294.142989826,4086677.1012925208],[-2167584.8712560767,4090697.648970982],[-2173698.879274896,4095379.2122982796],[-2177568.0641411236,4096188.2586097885],[-2176988.122287626,4094663.67856621],[-2177895.2545271134,4094005.9228044506],[-2183961.3560127723,4093726.5814639907],[-2194103.109320487,4096567.8604481276],[-2197939.969371043,4095613.1738852523],[-2200765.8604369136,4093320.81326665],[-2205403.562091775,4093305.5470497347],[-2211904.1239406657,4091774.947096918],[-2213971.4085699567,4089217.9814984165],[-2222956.5157643156,4088478.1731357444],[-2226429.6197658502,4089962.3133105002],[-2249758.657374407,4087844.663658142],[-2250125.3199498565,4084980.4277387056],[-2248718.3468120773,4083679.8364753183],[-2251870.8158453247,4080269.8938006256],[-2263695.9151724535,4075936.9378303587],[-2268947.5257684747,4076257.1059928313],[-2275766.0637589428,4075229.3641894907],[-2278719.9189060456,4073367.620438013],[-2282401.9903379707,4076312.182885235],[-2285868.905061758,4075932.070549017],[-2287699.4259200287,4081912.4633012563],[-2290335.639277129,4082500.7147727385],[-2293072.4374369825,4084598.4359711614],[-2300271.9594887528,4084967.2253541406],[-2301984.70704686,4084241.33718683],[-2304263.1727068373,4080958.3429628536],[-2311254.348855753,4081698.4067418575],[-2312704.6454309886,4083561.3592580687],[-2321844.3382405797,4085715.955738863],[-2327559.7678380227,4083889.220105596],[-2329079.2485971143,4086148.0849575475],[-2334323.635614746,4086447.7695159055],[-2334049.7139889873,4089167.887121523],[-2337328.893972917,4093941.977405969],[-2341003.0753034716,4092990.2776592355],[-2345628.9832805675,4094191.34210426],[-2349390.0658958103,4097164.5892917477],[-2353650.009241287,4098557.828696847],[-2356747.1539602433,4101854.4199892525],[-2362872.1820438793,4100143.949545918],[-2368356.273126471,4102447.862107685],[-2370782.6430985113,4106281.166339647],[-2371495.181723359,4110840.588477051],[-2376698.874084553,4114867.5511106607],[-2377099.4955459232,4122458.7160509713],[-2376034.98048368,4123099.210403351],[-2374696.3281408506,4127831.5562672354],[-2375742.847680822,4132404.0435050298],[-2373846.193400722,4135525.9531915765],[-2379858.0690101273,4137979.0974035095],[-2380641.7986139986,4139895.7808274142],[-2388221.7090278063,4141810.9735841546],[-2389900.330666933,4139877.684796719],[-2394961.6181780198,4137973.5462091025],[-2400639.481497265,4143721.7074858267],[-2402068.7837708276,4146385.1146984603],[-2408619.926590859,4150147.6092021596],[-2411719.0380013147,4149759.500325473],[-2414993.966608488,4152972.102465978],[-2418865.5219380935,4153528.7039564047],[-2420670.7364367833,4152479.330536565],[-2423375.162723719,4148160.1941580568],[-2428378.016070519,4149036.707967341],[-2428416.442489428,4144313.2520290446],[-2430884.0701393792,4142025.7992200907],[-2431185.428560126,4139770.803136442],[-2432810.6667864383,4138804.184266761],[-2434828.841031003,4138379.6344876476],[-2437786.816648546,4139592.801861815],[-2441136.606076825,4137312.3163052127],[-2444570.641564168,4138041.1629336383],[-2446088.6151650655,4135618.9116964526],[-2448163.7731272713,4137012.4338174593],[-2451136.352634348,4135513.0465815607],[-2456004.3856605254,4135033.3687127978],[-2457326.1219628914,4133766.4714671485],[-2459621.3950012294,4134200.088666735],[-2462027.9751944095,4124793.578952752],[-2465862.0332395458,4121815.8194141984],[-2467746.4070833186,4121864.4669197164],[-2472488.011869128,4123393.3912922703],[-2473953.094421719,4122812.357314078],[-2473147.118370459,4120701.726466462],[-2477730.0196071793,4120222.028489616],[-2481086.117793858,4118292.795670377],[-2485720.0160951363,4121485.8028166294],[-2492233.3676680527,4121444.2850136403],[-2498090.6975009236,4120141.448807776],[-2507118.317565115,4123339.5512457322],[-2511350.2838974292,4130695.503858287],[-2510760.7251138715,4132223.5444287695],[-2513111.4714998193,4134017.5797050055],[-2512837.908954049,4136630.596504621],[-2513670.4714140357,4138829.5739577394],[-2515275.190804079,4139955.6206824537],[-2519416.1828023866,4138651.9077620693],[-2521162.6938854232,4141109.3706235588],[-2523079.9989809506,4140494.6487665456],[-2523063.488294841,4141834.5938061923],[-2524211.9096334125,4142643.8124791738],[-2526918.098412037,4141633.1259737723],[-2529480.9117483264,4142223.3379447944],[-2531116.178505983,4140587.451258473],[-2532274.750175179,4141453.026741199],[-2534370.642710522,4140942.354417624],[-2535214.4338500234,4141907.5326452237],[-2535111.375952434,4147123.553102717],[-2539500.1553454036,4147880.2100176346],[-2540787.5302917184,4150853.161970852],[-2542014.248341481,4151388.350672776],[-2541806.4324903856,4153857.74435292],[-2547698.4197041695,4153533.061417546],[-2548625.1531832158,4152557.5893904865],[-2548266.3341757488,4147049.994241914],[-2550768.3521418776,4145201.689300794],[-2557341.370287287,4147059.735136714],[-2558277.326643603,4149072.8427972123],[-2561966.077663184,4149819.5661528185],[-2565547.5572344656,4153414.61915897],[-2573115.690803167,4154423.877286164],[-2578202.5651229955,4156292.1178177055],[-2578946.076193624,4157793.548999248],[-2577987.291511201,4159701.271231463],[-2580029.6146451673,4160843.4363257177],[-2579865.497766974,4163890.3532752767],[-2581521.9228472873,4164008.794716237],[-2584293.0576099604,4166701.942710478],[-2586513.900671035,4165662.243754698],[-2588843.4934086464,4166616.350043781],[-2589535.588085847,4168022.7430891823],[-2587711.275780446,4169954.6572528686],[-2588617.702354623,4173169.245914411],[-2592790.046462207,4175505.5836598873],[-2596516.4901108267,4175003.339129571],[-2599560.8063469203,4173922.7206582073],[-2602706.956482413,4170911.7348788828],[-2605671.3517469987,4169544.090264309],[-2611915.5802929155,4169264.9493734315],[-2615841.4160046363,4163515.2396452576],[-2614946.8406385616,4158985.7519840207],[-2618366.3228749717,4155837.0342816077],[-2622854.1470267903,4154146.5373809915],[-2626395.5637895134,4149203.5280302316],[-2634023.2728856704,4144984.711999586],[-2642739.2305499734,4143252.414111316],[-2654387.128230977,4123468.028770974],[-2657391.551170343,4125069.836189268],[-2662309.8119259276,4125895.3204161916],[-2663891.0384528046,4125185.8315162547],[-2668936.0133452686,4114697.556868879],[-2666068.132162511,4108050.662469497],[-2672188.539958932,4105935.3042408247],[-2670988.239100131,4102933.16865186],[-2671384.2642465206,4101270.07993057],[-2673107.813401499,4100520.0536300223],[-2677507.9394525834,4094852.5253260024],[-2677942.0375439776,4094061.0814110804],[-2676695.39252759,4092040.999762539],[-2680183.7661575046,4090579.9350384455],[-2681801.266052138,4088831.98606899],[-2685057.1935433513,4088004.5180073082],[-2689702.8910821215,4088510.97255747],[-2692583.827077776,4090185.8388408534],[-2696379.030734623,4088381.3386428095],[-2699328.2913441276,4089268.7548255064],[-2701221.293025657,4091121.2251931224],[-2704429.9232366937,4091463.5924937837],[-2705932.9279863024,4094227.67247542],[-2709576.438283534,4091950.0320525635],[-2710185.6497654347,4093009.5125669762],[-2717762.5370195154,4094559.3434613943],[-2723327.9166432493,4094492.081983058],[-2725252.734185406,4096595.825422749],[-2731011.4694426367,4097766.2095409483],[-2732493.630043947,4096222.295431249],[-2735243.593699662,4096166.0867388435],[-2737515.156702854,4097238.17858864],[-2740828.2696823864,4101321.0029597115],[-2748158.0152258496,4100273.322817445],[-2754862.913609708,4092649.56715223],[-2755562.6205423195,4094268.765509488],[-2755689.5525630675,4094380.7881725226],[-2757187.201841455,4095906.7669913173],[-2758176.866696758,4096690.8563277014],[-2758363.347289922,4096871.481975302],[-2758447.9701799643,4096946.334720757],[-2758975.2160587246,4097613.2424472496],[-2759033.9866540814,4097788.226231251],[-2759074.519508007,4097931.7910714336],[-2759163.142695706,4098595.1966248285],[-2759142.0978198554,4098776.8213663027],[-2759114.964869693,4098983.8611849677],[-2758913.438773117,4099867.4415454734],[-2758873.1266370527,4100124.55540256],[-2758852.080723911,4100306.1830092445],[-2759410.4867822784,4100954.7072821297],[-2760281.1160365166,4101094.0042079818],[-2760415.6686571804,4101074.7309962623],[-2760585.691380105,4101117.535758149],[-2761533.6392573495,4100955.6548835114],[-2761687.4560383777,4100860.8975482844],[-2762007.7997684143,4100220.3789219297],[-2762084.862509475,4099919.474893883],[-2762418.3512015343,4099629.8256350644],[-2762627.15745977,4099522.1749209855],[-2762952.525941209,4099363.5718218535],[-2763757.0302569764,4099459.677995192],[-2763860.16694598,4099459.315207025],[-2764407.5210313513,4099142.99064593],[-2764543.853822467,4099017.3185949493],[-2765349.137357106,4099006.5275137704],[-2765446.1843547854,4099031.319340108],[-2765580.988441837,4099011.5226006396],[-2766119.4212239874,4099334.0549808815],[-2766190.6149165644,4099459.235556299],[-2766266.3206764604,4102790.2408516966],[-2765938.601570975,4103562.3159900364],[-2765912.4926506686,4103662.4554073624],[-2766394.829785885,4104905.899125073],[-2766478.1716296133,4105087.3969078455],[-2767169.567484576,4106223.173475487],[-2767851.133413677,4106795.5350633506],[-2767971.2297010664,4106932.202462103],[-2768823.8502156823,4107441.4809859153],[-2768915.0657127243,4107490.905166274],[-2769023.5115566174,4107571.760951318],[-2769673.911664233,4108163.540073322],[-2769805.402698221,4108356.533586912],[-2769883.6861517774,4108456.541225113],[-2769881.903662602,4108562.9426251743],[-2770508.441166657,4109548.6254296545],[-2770573.5443890686,4109698.7070784885],[-2770687.2991814823,4109861.049654903],[-2771463.1042837244,4110670.713463722],[-2771547.2233599117,4110745.826957062],[-2772145.2018738403,4111136.6719287485],[-2772296.4596843515,4111255.1999405697],[-2772562.508575283,4111428.64429719],[-2772670.95470323,4111509.499969287],[-2773708.57566332,4111904.7983784713],[-2773926.2209550063,4112066.4907115903],[-2774161.102695285,4112259.360473765],[-2774269.801575628,4112339.9510266185],[-2775137.8523060917,4113093.3955789953],[-2775269.3428444657,4113286.384819653],[-2775649.347983827,4114023.631620601],[-2775591.0394884287,4114249.081232885],[-2775495.9753170866,4114518.84775386],[-2775108.7539587324,4114715.3232708443],[-2774612.8327971925,4114830.693638848],[-2774361.954594936,4114900.6949071046],[-2774104.2373581547,4114996.1272706464],[-2773980.8224310917,4115072.015565412],[-2773849.7871951186,4115278.94472949],[-2773620.1652774396,4115568.267737113],[-2773526.3840294927,4115731.6431265585],[-2773494.4357635174,4115857.2042374145],[-2773357.007157079,4116490.524747301],[-2773409.178919929,4116690.4229207095],[-2773761.0789253186,4117233.024681557],[-2773870.0263906857,4117314.385681346],[-2774926.276132249,4118542.2413422726],[-2775882.7965562292,4119050.562380476],[-2775960.5762316086,4119150.0605238266],[-2776038.6097347285,4119249.815760061],[-2776311.4402028555,4119799.5693255216],[-2776358.5538074845,4119918.7484943364],[-2776326.60436652,4120044.054193128],[-2776263.933131808,4120588.726315202],[-2776225.139572976,4120738.9444161598],[-2776204.0803136434,4120921.109264247],[-2776276.40847027,4121847.199549312],[-2776722.782685926,4122627.3846163508],[-2777159.5488574607,4123245.599505484],[-2777297.375680685,4123413.4301366303],[-2778534.410811418,4123938.940702725],[-2778709.491197764,4124063.210265845],[-2778866.5897765327,4124156.0615775157],[-2778957.552092101,4124206.25387506],[-2779422.7579731937,4124510.2194973677],[-2779536.2571698814,4124672.56567562],[-2779656.598438843,4124809.7377806455],[-2779709.801078096,4124903.498780526],[-2780611.584438069,4125424.6846728846],[-2780768.682857043,4125517.7897546645],[-2780919.688911281,4125636.054681523],[-2781660.8619899815,4125875.9648024477],[-2781841.783803884,4125975.077472957],[-2781963.665390958,4126005.5824231543],[-2783247.136316225,4126248.9979559258],[-2783344.6906174864,4126273.7615903374],[-2783514.7219601762,4126316.5293365438],[-2784220.1771650845,4126494.3556676656],[-2784409.4809323037,4126462.144919211],[-2784574.959322657,4126423.6637696326],[-2785119.0492044,4126320.501386516],[-2785297.2100340496,4126231.953009609],[-2785426.7183224685,4126130.891656533],[-2786155.1199823706,4125513.3028140385],[-2786367.274626468,4125193.0360957794],[-2786804.2613335196,4124501.663786359],[-2786974.3517215205,4124143.976093961],[-2787439.1250713184,4124047.21016768],[-2787591.671755062,4124059.321095882],[-2788044.206205775,4124413.5785530135],[-2788122.2418703367,4124513.066179797],[-2788199.520169297,4124613.339348562],[-2788744.5570439342,4124910.604802454],[-2788835.5230409275,4124960.2778431904],[-2788994.601863033,4125347.9260265883],[-2788986.2247695904,4125479.2444697563],[-2788984.68633491,4125585.645988319],[-2788897.9306642283,4126124.8246101122],[-2788848.241864119,4126218.9642842896],[-2788469.508822412,4127084.824300939],[-2788394.9910984137,4127173.2351024505],[-2788355.943056698,4127323.2067560237],[-2788268.4931510934,4127461.9484774936],[-2787885.89219248,4128647.2828500774],[-2787834.664939153,4128848.0892857965],[-2787750.228751575,4129173.971518025],[-2787724.613567697,4129274.376678372],[-2787723.694758557,4130182.4770284016],[-2787715.563716629,4130314.055948131],[-2787780.664293088,4130464.1345523596],[-2787755.050029621,4130564.0256667715],[-2787970.8392537963,4131233.0940520465],[-2788065.3161724173,4131470.6702274755],[-2788175.9883778566,4131845.8220974617],[-2788245.634961876,4132077.1511721294],[-2788461.742835652,4132345.2303389143],[-2788539.023814977,4132444.732219154],[-2788617.3063329477,4132544.2178881057],[-2789144.3515633433,4132811.089052096],[-2789701.5644703517,4133058.284428129],[-2789931.8937197677,4133170.1405716036],[-2790077.6038627066,4133206.643903412],[-2791005.016838227,4133627.345150469],[-2791113.7151796105,4133708.4373549335],[-2791271.568894463,4133801.5147917103],[-2791833.8363509118,4134130.196910331],[-2792070.2577327937,4134216.6292536035],[-2792668.3170584165,4134207.1648519076],[-2793450.887027094,4134083.709949905],[-2793554.534012551,4134083.3073031325],[-2793768.6716782013,4134057.065123683],[-2794603.6576950336,4134133.7563653793],[-2794724.537764583,4134164.5267309863],[-2795199.4275011104,4134230.4458319005],[-2795382.8983825585,4134223.629434129],[-2796111.5167042185,4134006.6860104315],[-2796234.940490129,4133930.769683296],[-2796583.213319184,4133484.2356453594],[-2796808.6131072436,4133095.793707518],[-2796974.4656997104,4132919.67427768],[-2797194.0756251486,4132725.2439546417],[-2797337.96892333,4132595.7587166093],[-2797510.328654172,4132426.747463597],[-2797841.927598955,4132209.2940204516],[-2798121.443403826,4132136.116525119],[-2798571.759387599,4132196.3007375225],[-2798656.634756286,4132270.8644090444],[-2798870.7070888197,4132645.848615814],[-2798862.328783528,4132776.650705576],[-2798947.1366460165,4133252.1855222676],[-2798963.3320784564,4133390.0133453235],[-2798937.463719244,4133490.4197282065],[-2798463.6191611122,4134626.3781375755],[-2798406.0470326147,4134851.8343911227],[-2798318.592757728,4134990.3286384344],[-2797990.4517168133,4136163.057555845],[-2797864.19580948,4136451.5251214076],[-2797731.3482401376,4136765.1639665402],[-2797761.3325122483,4137654.8740886934],[-2797795.5124268085,4137823.348195182],[-2798180.1166124246,4138240.8257808853],[-2798324.0354542104,4138383.731805833],[-2799353.9973538797,4139311.8656177856],[-2800004.658310013,4139902.980801517],[-2800125.540578507,4139933.4859699346],[-2800210.417611599,4140008.049519876],[-2801241.4985115537,4140428.523455126],[-2801537.974757115,4140582.996161131],[-2801834.947115085,4140738.238710584],[-2803046.791755753,4140856.7919719517],[-2803236.859327802,4140824.5354674794],[-2803406.6461726897,4140867.538704904],[-2804110.591512518,4141151.654138308],[-2804256.305910916,4141188.400304321],[-2804432.9367185645,4141206.226999413],[-2805181.9543750053,4141715.666861484],[-2805252.891283317,4141840.3235337418],[-2805330.925619646,4141940.0588718634],[-2805658.9957188144,4142476.5800581183],[-2806161.4830489513,4142737.132814355],[-2806270.1849455927,4142817.9523163456],[-2806451.618194953,4142917.278172018],[-2807244.398892039,4143392.051620122],[-2807638.9510010206,4143937.633952288],[-2807800.606620622,4144112.2089858577],[-2807885.230207217,4144186.771917317],[-2808482.195364636,4144684.6165310815],[-2808590.8982900996,4144765.1778023597],[-2808668.6801585616,4144865.175089333],[-2808770.536474536,4144970.9121613503],[-2809551.9427548074,4145755.470657654],[-2809677.0846263524,4145974.373187978],[-2809754.8678328474,4146073.851875201],[-2809939.976167845,4146761.2872506827],[-2809912.8138105795,4146967.849094549],[-2809890.447713525,4147256.429798225],[-2809722.95386084,4148309.47499072],[-2809633.4440063597,4148553.8903043624],[-2809569.0162525065,4148804.80075234],[-2808983.1529768007,4149672.155649528],[-2808871.359534764,4149804.4193928353],[-2808814.568184633,4149923.759275157],[-2808332.691589543,4150389.434322117],[-2807923.83530676,4150767.4837369826],[-2807762.096926398,4150993.9105512258],[-2807623.137549894,4151332.747546263],[-2807608.406650573,4151489.2497425284],[-2807569.34746842,4151639.755613234],[-2807545.59355516,4152434.9971491527],[-2807549.3459861507,4152623.1654613763],[-2807515.74214758,4153255.666160507],[-2807512.4013541667,4153468.75919798],[-2807498.419725059,4153624.990756465],[-2807562.1272799987,4154282.238921372],[-2807644.700039745,4154463.487335926],[-2808021.1596217914,4155012.5347540285],[-2808134.6567950244,4155174.34400131],[-2808206.092480777,4155299.2549897097],[-2808619.5642447243,4155804.213492036],[-2808697.0913209817,4155904.21940827],[-2809332.8547147177,4156251.043364266],[-2809532.019205471,4156381.526469223],[-2809665.0471193027,4156468.5984809715],[-2810494.9280927004,4156864.9129432756],[-2810670.017161063,4156989.140324082],[-2810803.297884977,4157075.944384396],[-2811775.5237831133,4157365.21910852],[-2811884.2495399853,4157802.896500349],[-2811540.3351770476,4158837.6937541794],[-2811252.4588947687,4159753.683511777],[-2811176.3820101363,4159948.2879683264],[-2811119.3324817945,4160067.384538142],[-2810765.067806213,4160939.720898863],[-2810695.8326490717,4161109.148503896],[-2810156.133311673,4161694.519026464],[-2810026.601759392,4161795.633523712],[-2809100.215468274,4162176.372783091],[-2808311.15097643,4162725.189969765],[-2808131.668930541,4162920.2244045194],[-2807785.5369072403,4163661.505524583],[-2807544.608364895,4164295.169562429],[-2807512.3883588216,4164420.5113892257],[-2807435.5540775987,4164614.881409807],[-2807143.1199378385,4165449.411817448],[-2807086.822416219,4165569.0194459856],[-2806918.6191419824,4166220.931521356],[-2806873.4596674875,4166396.622594917],[-2806841.2388200574,4166521.9696946777],[-2806721.2958275545,4166785.6007468384],[-2806391.0861887545,4167664.253902754],[-2806341.13352125,4167758.4336037952],[-2806302.064320856,4167908.704318762],[-2806221.439270367,4168021.806917079],[-2805391.2269552983,4169736.153218152],[-2805269.9805885316,4170106.219091594],[-2805193.895511519,4170300.5855493695],[-2804434.4607857186,4171738.835272286],[-2804409.0859892974,4171839.2657781933],[-2804352.2840499147,4171958.3724751715],[-2804276.4489711323,4172152.996768011],[-2804040.0432764455,4172868.235309923],[-2803981.941180525,4173094.0284443423],[-2803886.821721995,4173363.659662029],[-2803823.675891307,4173508.1999588404],[-2803835.4457262894,4173965.0916118976],[-2803827.2973211757,4174096.7039121613],[-2803861.4591789874,4174265.4685782827],[-2804227.2989069223,4174651.8103134613],[-2804281.246155964,4174745.3008212466],[-2804673.4646359906,4175031.7074347045],[-2804788.758041991,4175087.0953611657],[-2805007.200247805,4175142.063317973],[-2805861.134000619,4175544.1187354904],[-2805969.828925248,4175625.1985952463],[-2806160.037996674,4175993.715996353],[-2806151.8881957056,4176125.5848139003],[-2806112.8151045353,4176275.8654322345],[-2805944.964797039,4176527.005669052],[-2805875.2206588592,4176696.468042044],[-2805781.1484538494,4176859.9386841543],[-2805726.2795869443,4177273.4328804724],[-2805729.7700663074,4177461.123756958],[-2805715.2746906504,4177617.908619296],[-2805888.930832173,4178249.3986462355],[-2805971.4938040376,4178430.669024637],[-2806223.4232281656,4179161.645910803],[-2806346.2397158523,4179486.517553013],[-2806751.775484777,4180123.385761695],[-2807129.5022952585,4180565.5346280374],[-2807212.0645075957,4180746.808029333],[-2807169.329205582,4181217.1561068986],[-2807055.71782778,4181455.3873661067],[-2806898.493922782,4181763.1547235996],[-2806341.4022419564,4181916.390611969],[-2806207.3297261684,4181936.0045405645],[-2805688.560612922,4181938.4486255217],[-2805571.96662219,4181989.237922637],[-2804971.009617535,4182212.009948807],[-2804878.491143956,4182269.0520457234],[-2804232.3708761176,4182667.0230716895],[-2804070.606066129,4182893.5275562573],[-2803806.8692524526,4183414.86954388],[-2803730.7763041477,4183609.2579951733],[-2803654.6860167077,4183803.646731645],[-2803521.666533515,4184248.61972571],[-2803458.5184708084,4184569.318358954],[-2803497.0157641526,4184711.9226549603],[-2803550.3178648218,4184855.5389787424],[-2803751.423539539,4185537.6712169684],[-2803785.579313078,4185706.7081309296],[-2803837.4654548825,4185906.6547455657],[-2804231.6050650887,4186486.9454284813],[-2804315.7214009147,4186561.783940278],[-2804895.702726134,4186921.2972897813],[-2805095.1071986267,4187052.0361127947],[-2805533.110574777,4187563.29689708],[-2805586.5555992625,4187656.284927927],[-2805717.5173370233,4187849.808845807],[-2806131.430309743,4189156.2577177063],[-2806176.7187910764,4189381.641458392],[-2807534.0700694025,4191647.3242809065],[-2807818.5714318273,4192654.0742168278],[-2807852.4750679354,4192822.3407350816],[-2808000.2186523355,4193554.5798587725],[-2808022.7380143697,4193667.017658513],[-2807976.2553639803,4193949.4440567624],[-2807719.206300704,4194845.989201022],[-2807105.547892255,4195118.655379219],[-2806884.542490942,4195169.651743658],[-2806383.999803638,4195204.065866157],[-2806219.2522987043,4195242.36033429],[-2805628.1099033486,4195627.981243525],[-2805252.2908048807,4196281.447693247],[-2805182.285704141,4196450.682511179],[-2805076.0138738495,4196664.266262678],[-2804785.7660598056,4197321.003460426],[-2804671.902581237,4198432.572148509],[-2804649.7447583205,4198720.739140222],[-2804635.241451048,4198877.030645348],[-2804612.0796276596,4199164.958424468],[-2804664.3154088464,4199766.305520026],[-2804662.75459263,4199872.497185208],[-2804703.5005140146,4200016.359817179],[-2804675.8031942877,4200223.2732459325],[-2804722.644553903,4200341.963365035],[-2805054.108781418,4201066.575051488],[-2805131.623685391,4201166.596127823],[-2805755.7170170154,4201457.05841062],[-2806476.616976501,4201772.25903669],[-2806640.3072396787,4201840.399541784],[-2806835.173766838,4201889.342496881],[-2807035.8863100517,4201913.373487515],[-2807934.481800482,4202139.907676918],[-2808043.174179539,4202220.469905537],[-2808497.1270998116,4202067.857388347],[-2808584.3646367826,4201929.2802852485],[-2808898.1978271957,4201715.049532881],[-2809052.319524374,4201620.127018359],[-2809384.1384365875,4201436.289105445],[-2809468.7536027683,4201511.373894835],[-2809805.71229256,4201809.6712347865],[-2809877.1324376375,4201934.861030528],[-2810076.638532334,4202465.946138222],[-2810123.480115294,4202584.635954278],[-2810146.4971562047,4202697.32385255],[-2810568.423136958,4203471.5745855495],[-2810661.8568295813,4203708.956310449],[-2810853.70623673,4204371.403689863],[-2810650.7782505616,4204854.7173309885],[-2810539.7174417833,4204987.301159071],[-2809893.4057946876,4205785.767988376],[-2809860.9186354307,4205911.154582612],[-2809576.2893933076,4206614.313309478],[-2809561.5339182112,4206770.613564108],[-2809615.572990786,4207265.252236612],[-2809680.1422516583,4207414.85758733],[-2810003.342874108,4207870.467397409],[-2809912.227838452,4208221.194315897],[-2809763.390125936,4208397.902783319],[-2809543.131479208,4208449.422051242],[-2809382.412801725,4208568.758741353],[-2809146.0851958673,4208883.28552063],[-2808961.635409031,4209397.7717507165],[-2808909.605014526,4209598.707174439],[-2808607.5863111066,4210671.343849268],[-2808518.785176461,4210915.867685428],[-2808460.594900515,4211942.739172427],[-2808446.3330771006,4212099.806905447],[-2808467.533421868,4212318.961614303],[-2808662.335639141,4213169.437693132],[-2808720.5563721466,4213344.482432153],[-2808736.470130895,4213482.11401107],[-2808783.8111934327,4213601.05600263],[-2809171.160066003,4214606.93329777],[-2809253.9608383537,4214787.703166958],[-2809336.7580378465,4214968.732064821],[-2809401.5768247326,4215119.111115776],[-2809734.0836323025,4215737.027464947],[-2809787.0180015075,4215830.548245294],[-2809907.59164981,4215967.450824134],[-2810406.919820066,4216440.587793162],[-2810495.8125711,4216596.697684525],[-2810664.378294314,4217146.748284148],[-2810649.615130928,4217303.313297518],[-2810659.9345969986,4217466.11119731],[-2810569.1465191874,4218218.272540424],[-2810524.2126649865,4218394.0231757015],[-2810446.0335058,4218694.663958492],[-2810266.43893261,4219691.370429665],[-2810182.6619997853,4220017.438565725],[-2810150.1729758815,4220142.832808254],[-2810087.5080294874,4220287.4126839],[-2809805.817527022,4221178.384566018],[-2809729.4525539195,4221372.568365717],[-2809673.1359783444,4221491.969061825],[-2809572.946504758,4221680.155698605],[-2809091.8576404797,4222440.666907471],[-2809004.1121908054,4222579.016427726],[-2808853.702464922,4222861.433466028],[-2808766.4577339166,4222999.773930827],[-2808716.48963564,4223093.995354619],[-2808646.974827821,4223263.509761352],[-2808410.2146028257,4223978.743133614],[-2808378.4762819316,4224104.388521159],[-2808238.6919634687,4224442.9162382595],[-2808176.025667684,4224587.500709768],[-2807488.109907476,4226551.450746262],[-2806188.692304171,4230685.129666081],[-2805845.6313321018,4231614.034756899],[-2805819.988405463,4231714.509031437],[-2805670.231231999,4232198.9492491],[-2805575.9603156843,4232251.409638802],[-2805284.5285323737,4232352.642040834],[-2804849.167387415,4232409.642314011],[-2804288.611875136,4232536.754700642],[-2803635.052250317,4232798.452116942],[-2802939.9357485394,4232939.275503425],[-2802199.206987125,4233228.2341466285],[-2801582.8970393105,4233879.823960293],[-2801046.1556070843,4234528.06499069],[-2800551.167582207,4234805.5523852],[-2800448.8581574387,4234860.495395577],[-2800386.781507075,4234889.855838178],[-2799229.428124604,4235437.219527336],[-2798641.7642310327,4235907.934872426],[-2798245.711703806,4236253.004812462],[-2798005.443018599,4236282.714815404],[-2797556.897387265,4236471.463334132],[-2796903.3473715694,4236732.643802173],[-2796229.281601919,4236717.525001312],[-2795662.3971180758,4236951.4477981385],[-2795199.156001096,4237189.05054117],[-2794858.0558182294,4237707.964025164],[-2794611.986444744,4238255.268809425],[-2794354.246924087,4239015.169427715],[-2794021.5105385636,4239590.509463392],[-2793555.471647194,4240179.019990835],[-2792969.0712744603,4240731.108440613],[-2792277.7625535517,4241116.260214876],[-2791455.684975452,4241759.461759448],[-2790773.7562788054,4242282.658576569],[-2790704.8809723645,4242319.126499701],[-2790788.050963163,4242538.935277116],[-2790866.5589759834,4242638.6950060055],[-2790864.7365171034,4242745.434266172],[-2791065.5047813007,4243169.40119024],[-2791089.010430043,4243282.110296117],[-2791153.0652277125,4243432.0139982775],[-2791606.830891758,4243680.307138452],[-2791787.985883188,4243779.632413363],[-2792431.3298527854,4243995.059578214],[-2792612.4867369984,4244093.865220198],[-2793725.6940377234,4244294.506418051],[-2793981.150764383,4244305.578603303],[-2794766.498490755,4244369.687531147],[-2795004.728844662,4244349.5705778],[-2796016.869860598,4243936.740443632],[-2796655.1949710017,4244070.862181362],[-2796891.604546823,4244157.224303994],[-2797746.7919741827,4244452.747046869],[-2797862.074858149,4244508.644032527],[-2798478.715488857,4244423.8334291745],[-2798816.0777105894,4244321.442889484],[-2799176.6979960157,4243824.604906136],[-2799851.675751074,4243113.441965841],[-2800334.493375377,4243047.7579083145],[-2800486.800768464,4243059.532200141],[-2800864.455308133,4243502.260880893],[-2801099.6118931305,4244095.531701844],[-2801157.8184404615,4244270.856910605],[-2801389.8915856653,4245477.780734828],[-2801448.3502535755,4245652.845008219],[-2801446.276253884,4245759.329708304],[-2802023.763498543,4246182.932725985],[-2802282.904737951,4246138.631561104],[-2803033.2289326214,4246085.311676456],[-2803887.504241088,4246439.7155010775],[-2804711.1956323804,4246866.016663644],[-2805160.218967713,4246099.543904746],[-2805738.171476606,4245610.622329241],[-2806377.2092606616,4245763.549284907],[-2807279.530852521,4245997.903843952],[-2807660.6370551474,4246716.718409792],[-2807988.600376716,4247497.53500852],[-2808513.668567388,4247996.014280387],[-2809347.4831282953,4248397.80231314],[-2809451.0073322016,4247684.292657152],[-2809754.062640366,4246548.118590042],[-2810229.410405626,4246045.1686894875],[-2811403.217135433,4245551.107646169],[-2812031.320799696,4246260.184161138],[-2812105.3572909147,4246935.608833125],[-2812568.605352813,4247716.61246293],[-2812834.9902002383,4248780.203571374],[-2813439.944505959,4249676.5080002425],[-2814038.4693438406,4250457.453834771],[-2814764.1699190154,4250001.794748013],[-2815450.9330119295,4250566.840439264],[-2815907.662057911,4251429.077995887],[-2816263.198188319,4252473.873045067],[-2816808.575186696,4253317.324002644],[-2816872.57999806,4253820.368945112],[-2817609.9848476085,4253733.894676429],[-2818355.663817657,4253230.286885665],[-2818708.8737101015,4252367.492655581],[-2819437.7572934134,4251773.282468991],[-2820123.6081141573,4252142.236897576],[-2821083.117944143,4252568.101745085],[-2821999.761420614,4253229.114288068],[-2822562.6236716043,4253517.01138604],[-2822580.416109729,4253525.9651776515],[-2823507.2627010033,4253041.798680936],[-2824315.0391971706,4252255.895878985],[-2824972.0761938337,4251771.322532933],[-2825953.15579158,4250692.959269757],[-2826494.8768072766,4250161.045831688],[-2827961.115716626,4250601.7590692295],[-2828666.285580832,4250725.91177058],[-2829336.527863572,4250275.180977421],[-2830219.0188207496,4250361.241481443],[-2830491.010866067,4251146.927606409],[-2830852.579825253,4252110.14056672],[-2831092.98498747,4253303.059000284],[-2831900.186548382,4254562.890032181],[-2832453.444945766,4254792.554116042],[-2833097.378307912,4254078.816008814],[-2833321.5783062605,4253134.870442476],[-2834104.055099817,4252674.431108948],[-2834855.9472794947,4253210.703059249],[-2835574.9982298124,4253565.493206611],[-2836403.271228293,4254245.440624739],[-2837437.610268012,4254422.244544455],[-2838247.917974226,4254815.012244086],[-2838218.4963606247,4256008.287953465],[-2838424.8886612845,4256823.134326291],[-2840164.590630345,4257320.59015364],[-2840949.415426741,4257842.483764486],[-2841994.04314834,4258192.125495311],[-2843440.8675644035,4258680.315518856],[-2845213.7669343795,4259163.879030659],[-2846204.0134031773,4258986.029347585],[-2847149.0484620095,4258986.016769303],[-2848916.2107035406,4258625.978520976],[-2849741.4235285614,4258323.756669764],[-2850865.1282929317,4258677.977672609],[-2851488.108454394,4258936.928014559],[-2851809.6653750166,4259602.727788303],[-2852173.506292059,4260229.980118437],[-2852993.289414899,4260402.37790175],[-2854114.4783324017,4260677.574005021],[-2854734.386986506,4261293.299863637],[-2855160.9022878674,4262030.63790901],[-2855407.5707807546,4263142.20873632],[-2854949.5203238726,4264130.026001993],[-2855763.0421401886,4264383.117645863],[-2856682.525463853,4264708.766197178],[-2857105.8569548377,4265585.648750913],[-2857079.34136027,4266639.59603233],[-2856820.2360633225,4268326.381383628],[-2857339.6621767073,4269298.495791608],[-2858194.7783910106,4270242.524160473],[-2858826.8483814215,4271401.750217224],[-2860085.210312875,4271559.4561145585],[-2861240.546299005,4271506.338542602],[-2862534.520090871,4271510.912191663],[-2864490.197121095,4271677.749783345],[-2866122.812381158,4271514.392070814],[-2867245.740712257,4271475.574615037],[-2868896.147178514,4271992.75061089],[-2869964.8247798895,4272548.07377491],[-2870421.909988141,4273803.423483207],[-2871389.2888074177,4274737.10472678],[-2872036.435005255,4275398.42781441],[-2872588.1406072928,4276159.802210876],[-2873074.2408453436,4276950.378014564],[-2873180.840249225,4277807.920101414],[-2873818.877027434,4278492.658546529],[-2875110.9400585513,4279225.587710802],[-2875986.220698404,4280317.596793735],[-2876681.7899111034,4281979.656543188],[-2877058.8316966,4282640.6516850665],[-2877371.396740743,4284116.098906588],[-2878171.4458570397,4284438.263852129],[-2878190.733569182,4284451.311479915],[-2878623.8585279994,4284748.252309305],[-2879270.1929186955,4285016.649779435],[-2880182.7018781356,4285423.351003078],[-2880915.8425880666,4286204.04853699],[-2881547.263828518,4287166.815057283],[-2882686.8915454913,4287266.218157037],[-2883224.663857375,4286998.448375736],[-2883939.4157178397,4286729.981615033],[-2884604.0161261787,4286361.0014023995],[-2885785.837651513,4286374.819004648],[-2886481.153782274,4286719.694423748],[-2887052.1848347555,4287237.278039792],[-2887544.970667836,4288142.336958557],[-2888046.3038804764,4288630.829181225],[-2888578.1358990353,4289244.245321631],[-2889273.4583410807,4289588.330442471],[-2889742.5200987263,4290287.723057164],[-2890067.721248762,4291403.801653307],[-2890553.822528817,4292194.291922222],[-2891430.0791993937,4293875.342327743],[-2891750.6248330586,4294541.025031848],[-2892081.063671183,4295255.587211685],[-2892280.577846776,4295686.05425965],[-2892236.0577077316,4296452.571851309],[-2892353.248144243,4297286.363385719],[-2892526.0349309184,4297918.334364599],[-2893305.642180326,4297793.66821958],[-2894099.1037972257,4297898.875285563],[-2894962.521850576,4298032.894424016],[-2895881.183895903,4298161.663615964],[-2897451.83477411,4298281.192686946],[-2898186.472375209,4298333.31899908],[-2898970.7349315113,4298659.534610559],[-2899798.1989993686,4299142.443860363],[-2900573.50415013,4299688.64518251],[-2900596.445955154,4301211.912536046],[-2900582.1611167244,4302103.088850301],[-2900876.8564077187,4303094.207182629],[-2901518.88529244,4304529.066978322],[-2901771.4960693517,4305652.509415329],[-2902119.597744567,4306581.588217901],[-2902700.6521766605,4307271.167401949],[-2903165.4703159006,4307716.667580136],[-2903484.0576525023,4308120.944297826],[-2903443.2201439287,4308420.627804333],[-2903285.2975869444,4309728.259425712],[-2902988.469072129,4310978.775145955],[-2903638.0698649436,4311500.872546463],[-2904387.416816757,4311753.60485408],[-2904849.120412837,4312151.628647217],[-2905562.0853537302,4312723.836800556],[-2906155.587542049,4313202.882969116],[-2906720.4958353476,4313999.702350672],[-2907164.5617591706,4314499.327475856],[-2907694.338314632,4314641.789645747],[-2908487.865235981,4314492.195288381],[-2909624.643629803,4315134.846721791],[-2909902.3874080842,4315838.786005989],[-2910400.3943839665,4316269.62913537],[-2910683.1026536026,4317560.072943211],[-2910592.0194655824,4319488.874144268],[-2910892.8262565695,4320202.160465754],[-2910986.2797963433,4320830.01642798],[-2911234.9260443305,4321605.8332765335],[-2910930.3535885043,4322348.182056684],[-2910154.57719214,4322923.39975722],[-2909011.019467784,4323738.288452996],[-2908349.790668907,4323968.410758344],[-2908153.7734155552,4324840.30473884],[-2908141.6430785577,4324946.198983543],[-2908125.508813692,4325775.445498376],[-2908082.5332087614,4326274.596705757],[-2908044.6539795487,4326991.148056993],[-2907644.9838589267,4327635.988826746],[-2907000.466790565,4328224.3155997805],[-2906083.277356135,4328984.006151477],[-2905637.460581079,4329533.696970959],[-2905496.7637887704,4330857.571829591],[-2905610.7208653307,4331829.887092021],[-2906322.143117377,4332891.604746041],[-2906858.845713686,4333226.346238911],[-2907744.172153965,4333668.440811438],[-2908661.5082216077,4333507.75136833],[-2909277.039622197,4332959.257497279],[-2909679.77804726,4331977.243142411],[-2910652.405650448,4331315.851996599],[-2911813.3736908394,4330719.348245406],[-2913045.560904042,4330471.406314556],[-2913671.9327400243,4330714.926104536],[-2914775.219073683,4331793.158703518],[-2915398.42414072,4332248.030513675],[-2916391.719872261,4332209.494338294],[-2917167.611750596,4331927.40439424],[-2917953.4003469693,4331449.8312341375],[-2919026.3302019048,4330673.499695222],[-2919727.601008484,4330249.306789422],[-2921134.778579262,4329847.94465214],[-2921942.8458904843,4329958.582260497],[-2922584.4692672505,4330147.255804218],[-2923401.199422999,4330621.394934326],[-2924815.997298283,4331727.023876076],[-2925779.4906447153,4332799.733141938],[-2926773.429750261,4332483.460584114],[-2927251.8116377513,4331644.572591349],[-2927263.3027238282,4330696.390968424],[-2927304.142336057,4329676.063840359],[-2927565.8830522457,4328746.0332067665],[-2928914.1407646956,4329699.810450034],[-2929586.5945728575,4330231.096668953],[-2930262.744098979,4330623.858799583],[-2931046.563140854,4330948.811251799],[-2931561.3798445454,4331471.162960399],[-2931954.323551279,4332026.735475593],[-2932630.1172169056,4332615.535134763],[-2933549.2667617886,4332940.807364487],[-2934392.148563632,4332926.171188692],[-2935515.19019588,4333083.508866807],[-2936658.6086750906,4333390.230886414],[-2937079.4832513463,4333284.24982671],[-2937663.7921815733,4334227.711050187],[-2938398.3737561954,4334083.8001347445],[-2939194.331358175,4333098.68216072],[-2940136.968543918,4333062.093319965],[-2941165.9349914063,4333522.736659153],[-2942433.692169336,4333656.1453682445],[-2943310.9554893738,4334216.477639458],[-2944417.6279072626,4334479.465628148],[-2944586.707162628,4335250.589919621],[-2944950.063541942,4335877.745195893],[-2945254.609721515,4336845.227617695],[-2945142.4914348433,4337693.400797986],[-2944621.807856174,4338320.600599187],[-2943764.1770435823,4339029.869765336],[-2943587.465094816,4339657.509376704],[-2943519.3156538904,4340414.13513449],[-2942671.1453701407,4341629.976160345],[-2941930.8161727474,4342483.042679043],[-2941504.264630458,4343116.590786151],[-2941197.0856909254,4343714.112998273],[-2940797.830167554,4344610.817486905],[-2941175.790416118,4345860.938608402],[-2941447.3840911263,4346842.294602766],[-2941432.398026451,4347537.14595909],[-2941592.505095941,4348920.882574167],[-2941847.6708362154,4349615.87377131],[-2942283.5526251616,4350329.107402623],[-2942703.4229776897,4351343.8339837715],[-2942685.2317518904,4352177.97088962],[-2942789.1718736943,4352977.315206376],[-2942977.845603294,4353896.832619521],[-2943120.499966643,4354600.845793141],[-2942936.1428532572,4355180.109980127],[-2942377.2345432313,4356698.476343099],[-2942730.838056937,4357465.82869587],[-2943176.411505113,4358129.263014217],[-2944129.429929597,4358627.280483182],[-2945118.0258814073,4358990.502634159],[-2945970.2159340563,4359058.977834615],[-2946969.5085831787,4359375.991700403],[-2948034.1903422633,4358942.61479713],[-2949139.1668356475,4359188.477006421],[-2950428.4575229273,4360303.799436171],[-2951526.7682362236,4361071.775619751],[-2952232.6292018923,4361924.031407332],[-2952828.292352511,4363878.334231818],[-2953043.530447589,4364732.437891732],[-2953205.3265127437,4365732.539764439],[-2953127.796376292,4366588.2959717475],[-2952483.528682375,4367537.113265758],[-2952232.30093912,4368217.2057948],[-2952568.1708946778,4369033.692646422],[-2952478.502600799,4369995.084520179],[-2952185.078899454,4371074.588835068],[-2951584.0661638863,4371763.203734597],[-2951472.407796651,4372136.154515659],[-2951993.7917852122,4372883.464829871],[-2952310.362482206,4373608.915679327],[-2952257.849478881,4374252.882119588],[-2951450.3366253325,4374422.475036126],[-2950174.2977926824,4374279.394796092],[-2949151.40345389,4374672.459409431],[-2948494.380627587,4375368.175653759],[-2947539.7556712828,4376008.04736925],[-2945767.110022808,4375624.647299297],[-2944520.9592423886,4375326.968507444],[-2943861.425643853,4376103.836943807],[-2943391.7406221605,4376869.299069609],[-2943005.2822998925,4377913.816782445],[-2942794.212055119,4378913.646075721],[-2942517.201305736,4379805.580458027],[-2942258.5337266764,4381008.643094289],[-2941844.4705444514,4382126.3183388105],[-2940964.804039137,4382490.327867316],[-2940023.005887999,4381945.885468395],[-2939273.6537775826,4380810.091554067],[-2938507.7503663474,4380220.681402609],[-2937761.7589335595,4380081.590413558],[-2937352.933343195,4380896.686799968],[-2937156.933743044,4382289.09801325],[-2937321.8377479976,4383566.878306288],[-2937995.8729807567,4384619.766954573],[-2938833.0094696386,4386096.774501559],[-2938908.6707641785,4387250.333949806],[-2938668.7428097846,4388322.839559445],[-2938860.2840512334,4389432.9401431475],[-2939287.772025628,4390325.843677387],[-2939731.4680917384,4391569.178971335],[-2939718.64903677,4392752.973500912],[-2939912.2010205314,4394018.261831075],[-2939633.5081219575,4395041.202677082],[-2938876.1185336136,4396033.740329089],[-2938052.677911356,4397110.296151929],[-2937191.3601091183,4397784.42830881],[-2936098.033794738,4398151.836799432],[-2934950.7667137254,4398664.490161152],[-2934142.89538457,4399193.895123052],[-2933416.674018079,4399863.423748067],[-2933137.589079796,4400616.7130795615],[-2932792.0252949866,4401981.232416476],[-2932849.4138198365,4403191.233943336],[-2932897.832209592,4404066.141455874],[-2933026.065080245,4404712.869081251],[-2932803.707069535,4405313.10685564],[-2932594.3969824254,4406308.280453049],[-2932432.258456519,4407703.365727359],[-2932556.2695167614,4408648.775914685],[-2932720.329322148,4409553.835587148],[-2933237.493091995,4410661.341456297],[-2933780.4980106866,4411695.982111393],[-2934443.726606524,4413289.677752049],[-2934755.834545288,4414141.296145885],[-2935092.249643887,4414538.060521747],[-2935258.949220682,4415244.934854473],[-2935319.3680151175,4416055.003293555],[-2935220.5444243005,4416650.617321484],[-2934946.8462644257,4417678.625906443],[-2934940.553288338,4418388.045806511],[-2935071.1272871196,4419007.3244958725],[-2935326.6712536355,4419724.75538973],[-2935547.732935178,4420156.186806833],[-2935717.0902360063,4420816.503525587],[-2935618.768089658,4421412.363642981],[-2935226.166666488,4422016.642818687],[-2934631.8021425367,4422825.535659941],[-2933728.7067035898,4423610.341531395],[-2933156.193310089,4423792.925797781],[-2933463.160907539,4423897.381067651],[-2933874.823593549,4424393.056058547],[-2934267.990584501,4425019.294308507],[-2934712.6239705663,4425881.060596114],[-2935121.5145847,4427004.44254605],[-2935432.8123560296,4427793.544057765],[-2935568.693542864,4428167.839153366],[-2935692.3965570494,4428346.598403261],[-2936031.8187559852,4428899.54563838],[-2936329.422043344,4429574.757083239],[-2936592.052555645,4430429.430141104],[-2936965.962565882,4431267.068895964],[-2937354.828889183,4432137.714995869],[-2937709.2093670093,4432723.142730393],[-2937887.1616268735,4432975.1612252155],[-2938127.4736046814,4433275.217545122],[-2938319.3665570947,4433641.108336323],[-2938595.9275823543,4434145.492208152],[-2938843.3476939923,4434967.661072628],[-2939164.2868393306,4435959.286625295],[-2939600.9524376,4436800.248773546],[-2940134.647255845,4437293.0884299185],[-2940432.250733256,4437968.267871077],[-2940799.0576715423,4438749.457037065],[-2941190.960932965,4439456.769694596],[-2941400.854083076,4439691.840139805],[-2941522.021739486,4440034.133003051],[-2941742.5698901843,4440546.379196435],[-2942240.423519223,4441098.315302552],[-2942887.323569811,4441756.146557734],[-2943351.47171329,4442405.894243275],[-2943740.8309849813,4442812.08188803],[-2943775.6551529258,4442835.6369823],[-2944162.8759482903,4444061.1364833135],[-2945132.5284099546,4445304.988979135],[-2946087.1331692087,4445842.226131314],[-2947076.826256685,4446089.194410447],[-2947678.610323297,4446257.715293613],[-2948322.5496738367,4446745.877108033],[-2948608.4474752825,4447626.329116029],[-2949112.300943149,4448421.909921824],[-2950038.1701200847,4449153.159498661],[-2952354.7433024943,4450512.1802290995],[-2952959.1018512566,4450819.568414209],[-2953836.678575761,4451035.501734088],[-2955126.2007980277,4451431.627569764],[-2956368.578054886,4451810.64318835],[-2957224.9033033242,4452156.653297284],[-2957766.2000084743,4452634.244146108],[-2958936.9034834537,4453207.918630219],[-2960204.930956116,4453734.351988866],[-2960715.283347747,4453377.07771977],[-2961018.3938998007,4452506.313666746],[-2961369.086771414,4451595.298763184],[-2961884.6914448347,4450156.801867711],[-2962151.266748808,4449481.018039911],[-2962521.816347435,4449342.065933776],[-2963396.048757774,4449279.86509758],[-2964170.9308272204,4450203.7409681715],[-2964736.157397385,4451049.609875075],[-2965212.0829724395,4451558.501484547],[-2965946.381987548,4451444.463724745],[-2967778.8553762347,4450659.681118509],[-2968705.0850145696,4450672.292594054],[-2968859.8280876866,4451116.878137189],[-2968987.5620133807,4451993.332312557],[-2969009.3531752448,4452941.735233208],[-2969161.623074896,4453606.666427],[-2969408.2856721957,4454665.791861111],[-2969379.4937180397,4456037.50636945],[-2969649.3854759033,4456745.676816191],[-2969737.6184711643,4457801.6616150355],[-2969223.120421618,4459048.486080888],[-2968692.104931399,4460122.884232096],[-2968410.191452756,4460958.32715009],[-2967908.249501441,4461739.501962447],[-2967127.8320773127,4462914.422497602],[-2966505.245086224,4463734.023719021],[-2966208.221488833,4464895.442196271],[-2966168.6587215667,4465793.198749124],[-2965999.836693731,4466753.581843043],[-2966080.6257876963,4467781.294491461],[-2966108.8163851453,4468691.826891275],[-2966382.141804852,4470045.541950207],[-2966892.0126197943,4471315.2591338875],[-2967095.0499155917,4472275.052932836],[-2966976.4581612316,4473308.482009154],[-2966511.9508176385,4474084.468824216],[-2965682.1273471094,4475244.648823978],[-2964036.0179916895,4475863.882110377],[-2964017.252462607,4476931.366923221],[-2965385.8159061163,4477972.0463224305],[-2966625.507869393,4477713.845550431],[-2967354.149156886,4478261.001272055],[-2968125.1590333786,4478906.688075295],[-2968884.68495989,4479299.2679694835],[-2970343.1915766643,4480172.9759360105],[-2970714.183827302,4480752.936521223],[-2971419.352586884,4481650.475269876],[-2972242.6035373122,4482371.466825057],[-2973369.16487383,4482706.707267328],[-2974487.832151096,4482845.324738962],[-2975344.6011875332,4482832.186599037],[-2976031.265193268,4482699.96174066],[-2977806.4777847216,4482861.395414663],[-2978465.671681983,4483382.04880769],[-2979260.1148152836,4484396.695111334],[-2980177.9368000966,4485151.784013302],[-2981486.1207901905,4485858.341822657],[-2981878.2229608786,4486667.6323978435],[-2982165.6944014365,4487686.489554759],[-2982430.592933294,4488697.29788911],[-2981552.8163162535,4489919.964546082],[-2981398.349887633,4490553.05217071],[-2981764.5663591484,4491214.651050803],[-2982349.605162492,4492150.513865115],[-2982716.323484893,4492812.094356631],[-2983295.9984993236,4492612.888871129],[-2984688.256723771,4491940.22124797],[-2985603.754203372,4491478.52233936],[-2986478.1254670927,4491775.328817523],[-2987420.7562661115,4492318.326187984],[-2988607.968179686,4492704.044864093],[-2989482.25811901,4492641.385596231],[-2990383.4031606214,4492505.849540544],[-2991022.3235449498,4492936.209407512],[-2991398.1678660875,4493573.806422447],[-2991682.777103459,4494314.817756658],[-2992364.5646725097,4494844.447950587],[-2993244.2021914865,4494838.720683851],[-2993967.1249678014,4494609.848806405],[-2994933.5823103786,4494083.505262672],[-2995491.265117003,4494013.838869867],[-2996342.249382905,4493942.339726849],[-2997525.964662402,4494409.395339024],[-2997712.8174927053,4494478.507381568],[-2998511.907919885,4494691.881437237],[-2999646.8310547634,4494643.001486057],[-3000501.105450749,4494490.073829667],[-3001447.373763396,4494232.931044264],[-3002487.11093586,4493651.2872123],[-3002987.6469873786,4492933.90968646],[-3003470.89546512,4492051.379066947],[-3003744.2551766196,4491232.955158265],[-3004215.5213823766,4490560.090127901],[-3004749.8097721026,4490122.416588146],[-3005424.391684029,4490095.943465356],[-3006262.591225217,4490489.981245648],[-3006980.8844562303,4490922.200368597],[-3007407.176095127,4491495.4142432865],[-3007636.409995613,4492279.132519435],[-3007610.5642788135,4493199.965337949],[-3007479.626892211,4493928.078263601],[-3007444.457051807,4495014.362128166],[-3007409.4142911746,4495674.845354022],[-3007370.3737311233,4496406.161642073],[-3007351.266897989,4497185.597850023],[-3007255.3986872365,4498018.049413417],[-3007392.501484678,4498870.069542145],[-3007684.595702847,4499783.598062019],[-3007935.3721721093,4500660.564160086],[-3007782.4366230723,4501435.349033686],[-3007251.118003647,4502273.185949168],[-3006716.843847421,4503788.879629563],[-3006522.854071861,4504601.712918316],[-3006824.9557197415,4505294.505463175],[-3007899.0477213217,4505194.945261546],[-3009264.822644462,4505673.482478454],[-3010356.6576971505,4505526.020307533],[-3011016.6124474322,4504747.410784177],[-3011466.3848371604,4503891.4277341915],[-3012610.384702618,4503458.8152947845],[-3013285.8183007333,4503791.695930552],[-3013672.021512526,4504184.193635625],[-3014532.34401187,4504806.956681413],[-3015577.6359602804,4505001.02534395],[-3016376.5157994507,4505214.030191579],[-3016756.1658857935,4505769.319434762],[-3016887.6796183996,4506564.611670772],[-3016654.176910078,4507555.660847157],[-3016179.261564699,4508264.48873446],[-3015809.0819965964,4509122.383413695],[-3016049.9905936634,4509405.6481555225],[-3016357.9395527826,4510155.591178165],[-3016343.997346902,4511200.035466467],[-3016259.5729841953,4512219.387439061],[-3016500.6587420735,4513220.940720474],[-3017382.4172612536,4513354.434771411],[-3018438.4653030336,4512944.317846861],[-3019326.952268386,4512554.562368121],[-3020142.432352142,4512221.096855581],[-3021410.3266492514,4512386.851835453],[-3022421.6319455295,4512457.649830615],[-3023146.927628134,4512367.253369454],[-3024186.146249311,4511425.072303642],[-3024970.9152846695,4510886.724626695],[-3025758.5515160197,4510625.867332821],[-3026958.7103677667,4510545.687738729],[-3028076.247806062,4510544.466179297],[-3029317.313717231,4510783.548081248],[-3029791.405926701,4511646.32674036],[-3030504.7488086927,4512995.819659417],[-3030760.621692024,4513853.969149069],[-3030713.4476509164,4514921.294550834],[-3030621.537490351,4516463.083765004],[-3030944.455315439,4517245.944335586],[-3031858.199662657,4517362.915965702],[-3032520.0934784585,4517083.0397445215],[-3033626.5461799256,4516249.365276016],[-3033945.686674128,4517113.883033569],[-3033578.848115191,4518249.244093147],[-3033318.472216856,4519313.379190195],[-3033507.3208491486,4520240.321788147],[-3032910.5756749287,4521567.272216511],[-3032842.6607925603,4522758.159914029],[-3033359.00896519,4523447.247221873],[-3034172.976404064,4524052.4854933405],[-3034380.3154074918,4524930.730773562],[-3033921.643555463,4525811.412080722],[-3032658.214894072,4526421.770506158],[-3031656.175144626,4527045.610829125],[-3030845.29260925,4527657.338019377],[-3030205.184973243,4528885.270323772],[-3030431.825440533,4529853.458107335],[-3030648.3749334896,4531067.116737007],[-3029860.574021624,4531687.375794547],[-3028611.628348628,4532330.4393905215],[-3027798.9480635086,4532803.290327603],[-3027120.9806093876,4533630.556088619],[-3026694.524180499,4534495.01934751],[-3025514.6803440955,4534665.935215866],[-3024215.0526303463,4534294.934042979],[-3023342.402368096,4534137.8280706685],[-3022600.844799645,4534056.904666611],[-3021985.203271497,4533635.080541471],[-3021636.093332505,4532565.983641],[-3021351.7136518867,4531824.406531524],[-3020315.033562234,4531606.506051561],[-3019582.7841348792,4532219.856996708],[-3019061.566988701,4533270.676509575],[-3018417.287391525,4533861.223957692],[-3018005.281909236,4533680.545855698],[-3016857.229861525,4533117.509427856],[-3015916.2739941645,4533431.955226606],[-3015326.281247828,4533158.2580130985],[-3014926.333526835,4532512.337072568],[-3014692.1375341653,4531707.188759586],[-3014625.665921945,4530521.000550224],[-3014033.522040941,4529748.794098068],[-3013606.558438584,4529535.629434778],[-3013182.2530953414,4529820.687353023],[-3011908.6809430267,4531034.740552494],[-3011111.3144339724,4531679.141616211],[-3009983.267094026,4531924.486816548],[-3008230.833802661,4532132.288516642],[-3007146.6746332156,4532476.335664172],[-3006241.377278268,4532334.545371518],[-3005401.127636385,4531801.767111784],[-3004957.907952782,4531416.719190468],[-3004594.5397199104,4531032.548358362],[-3004385.7345622433,4530374.765622669],[-3004293.712314463,4529401.059511541],[-3004110.2014201186,4528531.021148491],[-3004056.0572681823,4527958.230800681],[-3003659.898984159,4527231.105712459],[-3003355.8279702873,4526758.906806385],[-3003188.335295764,4526060.985765693],[-3002891.226933649,4525066.063624649],[-3002826.221899797,4523659.806008153],[-3002599.341532844,4522691.002697899],[-3001903.171328659,4522488.17023643],[-3000695.463741699,4522372.645457901],[-2999520.711167887,4522240.917518065],[-2997897.4089083835,4521666.6241393],[-2996400.70427422,4521470.972941752],[-2995851.536097192,4522171.504771344],[-2994935.574505302,4521996.548181725],[-2993841.9169995436,4521951.614314832],[-2993263.416167891,4522328.729784704],[-2992688.9751418745,4522925.995765975],[-2992089.710269662,4523980.270224111],[-2991974.1549049686,4525473.0065126605],[-2991522.682344781,4526249.161255732],[-2990070.3428269722,4526710.90768102],[-2989023.096725916,4526763.855066085],[-2987900.308230404,4526571.565300489],[-2986481.1578454557,4526168.668593662],[-2985420.471090805,4525642.7490931805],[-2984125.5599067872,4525337.116408903],[-2982738.8887612633,4525301.160664225],[-2981480.0145736453,4525582.393879357],[-2979916.4166571605,4525677.450232374],[-2978319.860794121,4525405.778157034],[-2976779.104109553,4525508.584417633],[-2975766.877492868,4525381.515264125],[-2974610.4033475486,4524904.5302823875],[-2973629.87537374,4524760.768294931],[-2973176.6457501687,4525235.354575776],[-2972811.9033082174,4526068.512694359],[-2972119.40646939,4527008.510361396],[-2971408.1381940055,4527695.8682465],[-2970639.5620663185,4528090.0857775435],[-2970319.6858644867,4528637.497161869],[-2970060.6525567914,4529315.3023427],[-2970519.823073503,4530193.0205773115],[-2970508.6682338826,4531164.8327118475],[-2970351.0398021434,4531931.889089512],[-2969691.9871261586,4532390.920382573],[-2968987.3016587463,4532752.280218648],[-2968068.670644115,4533122.02376791],[-2967504.6620211722,4533148.37625944],[-2967071.7152676615,4533410.790511828],[-2966896.8332559112,4533843.847221421],[-2966855.0400918582,4534349.230867005],[-2966937.7395182718,4535417.415646573],[-2966932.760368907,4536893.571371885],[-2967081.917418365,4538613.801629476],[-2967388.9470559848,4539566.986109561],[-2967759.606450069,4540487.32569275],[-2968414.176562517,4541504.421609366],[-2968944.865956043,4543574.384264728],[-2969480.0750107556,4545015.829259872],[-2969726.5449154694,4546221.971063519],[-2969603.421002799,4547274.292541487],[-2969725.61733909,4547535.042799719],[-2969922.585745517,4547575.032009538],[-2970371.4922172152,4547345.330334233],[-2971559.798549814,4546574.892185178],[-2972646.2302028593,4546179.652819429],[-2972953.4675196605,4546284.687237619],[-2973072.1290160194,4546708.419288622],[-2973102.8348411266,4547156.727069465],[-2973216.669217109,4547441.91957525],[-2973680.5736056236,4547627.545273116],[-2974116.325431283,4547666.86906338],[-2974533.5822150954,4547836.9537397325],[-2974780.255357202,4548194.721317656],[-2974804.1126751727,4548586.113775398],[-2974864.730355362,4549181.454303587],[-2974760.8599566957,4550021.654765982],[-2975058.499969212,4550616.106321952],[-2975498.603882982,4551258.658567798],[-2976286.0317148534,4552348.4770301785],[-2977009.799907542,4553088.275202016],[-2977760.2091287724,4554055.974737544],[-2978714.2133311657,4555585.999778717],[-2979488.2591761355,4557410.239754442],[-2979837.6632994716,4558623.636487673],[-2979804.300347244,4559953.039248424],[-2979594.734866269,4560948.76876958],[-2979123.2850376857,4561553.785114554],[-2978353.240532281,4562412.945766242],[-2978170.7921981253,4563253.198894151],[-2978182.5382738793,4564296.87922046],[-2978430.5449459143,4565421.7665386135],[-2978569.6138418964,4567247.9926722925],[-2978582.840748038,4567826.9711110545],[-2978369.219884111,4568602.03300217],[-2977728.925461001,4568930.524002605],[-2976939.3261013282,4569153.757727656],[-2975866.86043284,4569663.049807115],[-2975089.995498819,4570464.739703675],[-2974424.4130535345,4571249.867321316],[-2973903.273483064,4571537.096017136],[-2972758.5815548473,4572104.163533081],[-2971513.038850128,4572964.52596423],[-2970509.5649138205,4573579.180227299],[-2969707.0904624118,4574071.099600924],[-2968515.3171487986,4575004.889114263],[-2967649.982989668,4575448.304172086],[-2966484.5272440477,4575843.585762139],[-2965116.8234735806,4576443.688797547],[-2964729.0470652236,4576803.695787878],[-2964423.1706608348,4577465.268044052],[-2964420.4457967,4578011.510931686],[-2964711.247486286,4578548.979127461],[-2965256.5819861256,4579501.028088286],[-2965920.799166029,4580412.3599389335],[-2967167.079904728,4582014.494948773],[-2968011.2864891742,4583096.221565755],[-2968873.780494919,4584430.4976497125],[-2969343.1102122134,4585603.231381334],[-2969394.944218046,4586605.914028342],[-2969037.1395843043,4587496.193897127],[-2968408.3276797063,4588019.754773786],[-2967489.5688421293,4588773.470091631],[-2966808.829386857,4589526.277750562],[-2966511.5829666434,4590163.093063759],[-2966749.2004342815,4591010.31632334],[-2967066.462960575,4592240.413661976],[-2967130.1957118036,4593055.937995779],[-2966603.8600429203,4594052.713823583],[-2966041.569138587,4595228.579547478],[-2965891.6822174457,4596435.987669341],[-2965805.922818047,4597610.284147074],[-2965718.6574487574,4598866.414575805],[-2965394.0757629448,4599658.61452046],[-2965082.3872996294,4600181.612756775],[-2964244.7678127764,4600853.012339546],[-2963746.3090753537,4601613.249220162],[-2963248.6704654675,4602756.447326465],[-2962677.047951381,4604038.490959035],[-2962488.8366471077,4604740.286596182],[-2962780.155115492,4605277.89615236],[-2963366.50019458,4605724.115380154],[-2964619.2177418983,4606151.878639917],[-2965581.9376941277,4606425.492538889],[-2966087.188579399,4606954.183910991],[-2966344.1307111206,4608054.052606597],[-2966463.9670066154,4609244.032649872],[-2966504.9732070514,4610434.633638005],[-2966330.9744826695,4611250.675873154],[-2966016.286485922,4611936.5298214145],[-2966044.0202866476,4612548.0526174065],[-2966471.7014149376,4612995.003693912],[-2967230.431589972,4613554.950680311],[-2967724.820119577,4614270.665910812],[-2967926.6945957397,4614914.1084159985],[-2967852.346391535,4615901.429078244],[-2967458.9059488797,4616970.570692062],[-2967052.5874505136,4618308.859821458],[-2966870.243079707,4619149.542225004],[-2966589.759296083,4619737.606970254],[-2966582.982797941,4620063.909790561],[-2966501.2163734837,4620610.615775386],[-2966584.299501521,4621678.6830925355],[-2966611.124599343,4622754.377868197],[-2966330.0564563326,4624190.584430952],[-2965813.081667217,4625929.0026619565],[-2965036.6301154615,4627962.109078668],[-2964162.0515567414,4629742.327188741],[-2963772.7538210726,4631031.851885539],[-2963705.3075119667,4632075.907663209],[-2963620.050316586,4632785.431741886],[-2963143.3271645014,4634099.4673545705],[-2962685.2338428623,4634818.906340139],[-2961970.5251582405,4636134.063944021],[-2961224.638126918,4637383.807199302],[-2960615.603064898,4638543.706175561],[-2960508.537516326,4639163.863120345],[-2960994.5890159076,4639904.1276450185],[-2961329.578574083,4640620.481977797],[-2961396.900738795,4641272.04046555],[-2961223.973190525,4642006.829143176],[-2960936.3866521213,4643385.381160329],[-2960397.240220899,4644186.1770049855],[-2959879.2132401853,4644310.084589229],[-2958152.7588455067,4644568.823751171],[-2956433.4252062095,4644884.920959086],[-2955391.108965327,4644883.114683861],[-2954664.6021955707,4644882.39895003],[-2954128.471068423,4645103.152245495],[-2953249.000784048,4645465.784365085],[-2952002.034764676,4646407.812358408],[-2951319.9849945097,4647241.988830044],[-2950717.627064653,4648458.604211106],[-2950484.731942205,4649445.847649703],[-2950247.3473624117,4650677.726158693],[-2950204.7940242426,4651648.054636168],[-2949955.8137032823,4653067.17223509],[-2949861.629499733,4654265.818868299],[-2949689.6177062774,4655383.542001431],[-2949617.1468762066,4656288.930624422],[-2950122.4145112243,4656816.67222867],[-2950599.500207852,4657198.482935028],[-2951587.2207049117,4657398.812116036],[-2952668.495137857,4657712.984022238],[-2953116.517355015,4658331.162901324],[-2953381.064393171,4659023.091295],[-2953477.1050243853,4659821.735746439],[-2953232.3901442727,4660996.386111677],[-2952893.6350744474,4662138.9480915805],[-2952687.842276535,4662971.247090663],[-2952892.52165045,4663451.607435008],[-2953254.2363947844,4663629.723419753],[-2953794.9367815754,4663978.183474784],[-2954379.418782314,4664122.984965149],[-2955134.276620444,4664463.069039314],[-2955706.1673013484,4664876.892821241],[-2956318.4594163657,4664785.353736084],[-2957329.6414318383,4664610.363821868],[-2958193.393955648,4664631.916567871],[-2958787.3666720944,4665135.2828511875],[-2958953.0098753525,4665574.665920056],[-2958888.280248013,4666072.282949761],[-2958779.772368023,4666773.805662311],[-2959076.516650984,4667449.517699529],[-2959525.6828243835,4668450.611094034],[-2960247.1455654576,4669736.124355084],[-2961558.2405129205,4672152.535827749],[-2962233.8092366396,4673340.43607029],[-2962671.2677293806,4674145.700879743],[-2963195.2701777485,4674543.708106155],[-2963596.0400593095,4674762.2232953375],[-2964345.800104535,4674963.5839626705],[-2965047.1753394846,4675229.923678829],[-2965484.491738623,4675570.425767132],[-2966026.347792343,4676302.282783971],[-2966403.073411976,4677360.504246518],[-2966735.001665112,4677856.4111124715],[-2967050.575609312,4677936.669057941],[-2967284.6882281583,4677716.129749206],[-2967683.9395278483,4677168.4405541625],[-2968382.6876968304,4677133.06917778],[-2968822.2543233535,4677392.786192579],[-2969113.897713262,4677930.027344562],[-2969284.923118176,4678507.464416533],[-2969664.283120986,4679867.595390278],[-2970205.9343475974,4681447.098680975],[-2970781.868170161,4682463.661927999],[-2971353.539596498,4682877.623163099],[-2972215.8203176493,4682980.364578121],[-2973386.5784677304,4683187.995871746],[-2974322.725091853,4683616.93676598],[-2976247.102035894,4684264.041764643],[-2976853.1291378047,4684692.721095639],[-2977375.1830915054,4685423.090037283],[-2978132.726475722,4686064.403347173],[-2979402.5751335965,4686907.101895766],[-2980314.0594785833,4687792.6948459465],[-2981005.755606286,4688547.805413149],[-2981759.6818989823,4688968.936788714],[-2982795.772772111,4689568.204134981],[-2984152.186565987,4690003.117169542],[-2986179.8318845136,4690639.36224218],[-2988127.401141823,4691275.729217329],[-2989574.1600894458,4691987.678980736],[-2991012.8194420133,4692724.022692875],[-2993164.3991570584,4693921.471792805],[-2994081.2933521136,4694944.771534515],[-2995446.897394895,4696203.47530491],[-2996178.9165537097,4696917.377606468],[-2996973.167108575,4697297.319711278],[-2997797.0569122983,4697845.519160984],[-2998292.6272955453,4698284.664157237],[-2998917.0726296348,4698178.549410455],[-2999580.917068879,4697474.923398135],[-3000816.548619532,4695872.59876658],[-3002172.3287671464,4694228.993331519],[-3002677.2728119716,4693526.1237696605],[-3003791.850767663,4692893.798876551],[-3005005.120602886,4692514.124894059],[-3005990.484460402,4692029.195085317],[-3007049.3214368867,4691405.756445251],[-3007731.6762462133,4690571.409166127],[-3008294.635755011,4688849.410266668],[-3008479.502897497,4687462.965450164],[-3008283.2659140294,4686493.906107451],[-3008272.786090768,4686217.16182648],[-3008616.7178719547,4686061.014878049],[-3009323.920859834,4686000.773074683],[-3010161.989233593,4686177.047103559],[-3011663.4803499784,4686496.698053178],[-3012547.211434973,4686770.234499112],[-3013011.908545593,4686955.769469076],[-3013972.3661796683,4686927.221462097],[-3014871.698559173,4686768.454165427],[-3016212.4077411103,4686787.710762804],[-3017107.877644079,4687256.706845985],[-3017913.1551942434,4687913.301463464],[-3018589.3163086423,4688252.882299157],[-3019643.976896474,4688721.794262089],[-3021054.816337387,4689228.703395892],[-3021879.562049804,4689673.646318895],[-3022449.8150278344,4690168.399235724],[-3023001.6038457556,4690793.770754108],[-3023247.991260111,4691616.004077123],[-3023080.94600614,4692488.364373008],[-3022987.5101217,4693687.400464111],[-3022742.8816328463,4695326.491214383],[-3023036.689533555,4696164.430593004],[-3023486.1784492424,4696317.4970275955],[-3024533.995920671,4696728.729022606],[-3025786.1626085457,4697236.647661965],[-3026491.0326337037,4697722.786404041],[-3026830.12644598,4698275.569499556],[-3027695.950219831,4699526.650103957],[-3028246.8876458555,4700616.875115947],[-3028697.018164751,4701152.298047427],[-3029040.600266221,4701460.778898915],[-3029041.4821221065,4701844.180388592],[-3028950.539229171,4702031.268271832],[-3028688.567085054,4702489.162651855],[-3028434.4510296597,4702921.873873112],[-3027940.2013081745,4703902.240213202],[-3027908.002564592,4704692.956641912],[-3027707.242670057,4705771.168031766],[-3027344.641132441,4706556.329528834],[-3027203.5583093003,4706890.932541843],[-3026946.4632456712,4707487.407809317],[-3026772.0925607453,4708302.545267336],[-3026988.1882828,4708676.656064173],[-3027386.7874177285,4708976.202966157],[-3027902.7891353643,4709398.013956019],[-3028342.068309707,4709954.765782175],[-3028249.713621031,4712873.740881407],[-3029118.0776505717,4713349.843495217],[-3029915.4608142497,4713801.423876305],[-3031553.2154307137,4714256.333504788],[-3032265.617036993,4714490.06914593],[-3033554.073785378,4715048.373003863],[-3036601.402384883,4717682.068823159],[-3038049.7904234775,4719029.1066850815],[-3038462.736693991,4719927.931878597],[-3038786.021535846,4721096.788281231],[-3040101.7792031006,4724989.7171173],[-3040286.5474147634,4727531.081885894],[-3040035.5482380698,4730037.938911248],[-3039321.2062478415,4731003.456720284],[-3038365.621889365,4731426.913398203],[-3037062.410603194,4730754.337207459],[-3032906.1992905447,4729719.8067694595],[-3032487.3853793936,4730428.129778055],[-3032006.44514012,4731088.030112584],[-3031150.6290780455,4731843.867903309],[-3030192.116935427,4731720.093692914],[-3029275.0932603483,4731311.108740067],[-3027076.7794272033,4730481.337598714],[-3026671.026835712,4731547.899315198],[-3026059.9194456767,4732520.123500911],[-3025394.039092802,4733419.272864925],[-3023700.9127564444,4734718.009197399],[-3023092.9907310796,4735282.0926568275],[-3020279.6705263783,4737821.521687275],[-3019467.0554479477,4737255.621237309],[-3018028.3323063757,4736674.998060992],[-3017453.739545347,4736105.286167258],[-3016992.137557727,4735354.022035675],[-3016101.1746200705,4734707.8022965295],[-3015267.5898480304,4732853.807891582],[-3014537.83282374,4732914.234231198],[-3013904.641336425,4733633.216445288],[-3012628.1637808364,4734468.754240381],[-3011928.954161642,4735547.642230922],[-3010980.5646565687,4736944.717086271],[-3010734.7520177118,4738124.210869083],[-3010830.535996852,4739428.108141024],[-3010370.572705472,4741605.920378349],[-3010172.7107794564,4742522.217606033],[-3010213.1795426887,4745226.874915516],[-3010129.657281442,4745471.420556824],[-3009914.201096721,4745944.783257803],[-3009719.8676521825,4746589.331281251],[-3009891.3006229606,4746784.375470316],[-3010191.930797975,4746831.577744802],[-3010542.9230168588,4746732.618620208],[-3010993.6188912694,4746803.943543557],[-3011657.7596333274,4746947.775662452],[-3011922.800497339,4746791.888292093],[-3012363.238868834,4746122.251302402],[-3012696.834284245,4745688.886265099],[-3013330.281068049,4745313.040350298],[-3013515.953507561,4744899.31612991],[-3014711.825757042,4746136.107606787],[-3016096.956568616,4746481.279065328],[-3016448.544750163,4747168.5679171495],[-3016767.2254456906,4747954.482849093],[-3016660.8036973937,4749309.705818083],[-3016811.8722709366,4751157.545326789],[-3016935.7468630592,4753406.113690013],[-3016524.1819137055,4754170.689515966],[-3015670.889939867,4755716.430919001],[-3015506.4482370447,4756453.295823805],[-3015117.1936081727,4758342.366940255],[-3016306.485408272,4762301.591162058],[-3016947.605498638,4762511.841523774],[-3017588.693175087,4762640.408314352],[-3017899.316833144,4763450.310496592],[-3017891.870114449,4764347.627756332],[-3017607.369863805,4765207.807634156],[-3017273.5192837184,4766215.886047387],[-3017180.7662141332,4767847.207243463],[-3017147.6012003953,4768981.016234575],[-3017316.199093804,4770616.503533076],[-3017582.529431712,4772038.879067714],[-3017846.9557513194,4772670.876457435],[-3018646.2507885634,4773913.383799323],[-3019789.582977171,4773797.579302522],[-3021174.027161881,4774305.484688507],[-3021540.9044077983,4775024.930609513],[-3021891.58631344,4775793.662703785],[-3021682.395901852,4777142.35713847],[-3021871.07530077,4778320.767909905],[-3022445.7278945623,4778890.460253309],[-3023482.0963315093,4779257.361847925],[-3027493.464345626,4781606.162991078],[-3028353.542323724,4782187.755573571],[-3028570.738572497,4782270.18846396],[-3028731.7683515893,4782420.538540085],[-3029092.1019907356,4782679.4592776],[-3029427.6334249726,4783012.324963083],[-3029361.3364062207,4783590.239022709],[-3029121.3938021944,4784137.079312181],[-3028571.7487219744,4785125.077127399],[-3027956.53585562,4786227.536358359],[-3027187.0765498257,4787085.468713248],[-3026698.074776638,4787356.565659597],[-3025912.848763026,4787335.439968646],[-3024660.694541646,4787210.4068403235],[-3024326.6685351757,4787260.795049452],[-3023580.0036604116,4787280.303985634],[-3022984.4088498265,4787323.381028579],[-3022404.049968539,4787781.855811329],[-3022204.6571647665,4788287.599021109],[-3022130.284143564,4788890.614437022],[-3021846.4611343862,4790105.426351992],[-3021207.7332030763,4791199.495852541],[-3020649.614870225,4791606.721024723],[-3019998.6700431155,4791896.407003658],[-3019745.107482448,4791900.251813713],[-3015673.596480541,4791084.500010682],[-3014853.1097619445,4791415.104820997],[-3013869.984291032,4792318.865195311],[-3013277.560714069,4792996.429191141],[-3012866.4143065135,4793760.794425895],[-3012077.7339269374,4795109.793441751],[-3011628.5045083803,4795752.347407643],[-3010366.458855438,4796782.698156086],[-3007144.424930489,4796519.166550398],[-3006456.0393858533,4796843.277391342],[-3006009.947080878,4797148.869129442],[-3005492.097884296,4797737.196304326],[-3004588.432897216,4798522.944709084],[-3003999.533310948,4798622.939672047],[-3003519.454572238,4798471.608371056],[-3002996.9780577086,4798311.642688707],[-3002723.8218854098,4798130.4458210105],[-3002275.081366358,4797897.070879996],[-3001754.8621048415,4797639.449761017],[-3000764.291855022,4797058.7675390495],[-2999920.8547741217,4796663.997120289],[-2998872.8291489696,4796173.613726728],[-2998128.9163449765,4796031.172480358],[-2997253.444580302,4796198.992499916],[-2996286.7974443077,4796090.077078245],[-2995343.7330929246,4795988.90276389],[-2995139.902171522,4795991.392211904],[-2995027.443317698,4795992.729645098],[-2994320.136547286,4795970.279028522],[-2993553.0018955762,4796283.354072587],[-2993227.7117263437,4796773.574764614],[-2992955.5034174067,4797417.701566091],[-2992698.5301344204,4798094.463342793],[-2992582.2062543295,4798436.835264841],[-2992459.953861001,4798641.557313517],[-2992202.1364759323,4798854.020458481],[-2991974.574909328,4799213.403174908],[-2991753.652563513,4799629.554462826],[-2991436.1156720035,4800640.260896264],[-2990797.1880845274,4801896.666787262],[-2990421.0104176775,4803078.773496145],[-2989908.5731179467,4804350.746865868],[-2989043.6793505186,4805339.640436767],[-2988123.386851557,4805792.298248087],[-2987016.659607558,4806017.376967232],[-2986370.612650606,4806207.810090593],[-2985908.4813524797,4806324.352406487],[-2985604.73715071,4806439.6319150785],[-2985372.2199641867,4806579.16634491],[-2985042.496651811,4806849.477042779],[-2984181.753897727,4807594.365031565],[-2983380.1144674933,4808087.219285533],[-2982261.918618007,4808499.401718648],[-2981259.9497264964,4809115.114746157],[-2980667.2659742725,4809459.639267724],[-2980096.4543745685,4809893.815537175],[-2979678.3917664476,4810270.20962273],[-2979500.424395792,4810482.731694185],[-2979247.3831466604,4810915.403698471],[-2979013.4267175244,4811136.040075076],[-2978573.692432736,4811341.666635377],[-2977806.658890941,4811655.043533032],[-2976962.018236716,4811886.6199931],[-2976705.5615257327,4811967.14786523],[-2976651.441291205,4812346.733103598],[-2976541.997620636,4812664.652575506],[-2976453.787118701,4812921.884077187],[-2977135.2712722304,4813635.729109186],[-2977644.768990767,4815005.777934843],[-2977567.933499037,4815229.29418667],[-2977309.1185300113,4815985.38779242],[-2977239.70301847,4816677.281115505],[-2976835.00541825,4817989.616366714],[-2976741.8742813147,4818313.602712399],[-2976874.116520913,4818748.472143991],[-2977229.038029494,4819268.280850305],[-2977705.9670802085,4819883.621776922],[-2978005.4194137035,4820298.004897238],[-2978462.581937689,4820356.430733989],[-2979228.9422072247,4820317.0236233575],[-2979552.3811493474,4820565.639481573],[-2979691.8573765033,4820915.909789876],[-2979496.9009291977,4821952.737878094],[-2979267.8706676876,4822861.29320468],[-2978065.6455808585,4825754.616905627],[-2977645.8638135483,4826675.31801594],[-2976053.244622536,4828679.049932268],[-2975184.92425919,4829516.874742688],[-2974560.501585884,4829837.172580033],[-2972745.5656891624,4829994.056249138],[-2972121.5800569234,4830673.878745847],[-2971109.9883535933,4830961.77606675],[-2970269.5489245956,4831147.540101765],[-2969668.465596456,4831477.0931236185],[-2968987.077158581,4832024.7455821205],[-2968445.8694176134,4832624.559594208],[-2967979.4599875915,4833886.2820649585],[-2967681.197638579,4835485.994413416],[-2967384.007616817,4836507.126740788],[-2967258.259752812,4836846.336859184],[-2966962.52244233,4837335.750392324],[-2966166.0593574066,4837959.555857831],[-2962515.766816826,4840552.748512873],[-2958968.304807112,4842661.59932199],[-2959007.7588501894,4843436.3148379065],[-2959467.2552354047,4844240.186549207],[-2959744.670247712,4844536.028403131],[-2960248.5966076697,4844878.397783392],[-2960742.558322228,4845301.7659260845],[-2961107.466274264,4845524.265863649],[-2961529.5986296018,4845744.55724498],[-2961564.2105441564,4846213.414049741],[-2961364.523776762,4846292.404963363],[-2960760.9565575407,4846414.717537295],[-2960100.036970336,4846482.375559744],[-2959742.2858866737,4846545.840860595],[-2959307.3815825135,4846659.778395027],[-2958847.1539026387,4846648.680066376],[-2958385.672603766,4846636.831575093],[-2957837.453926444,4846699.065965133],[-2957324.6502390252,4846862.458748631],[-2956892.764001049,4847091.076657047],[-2956491.0220792945,4847191.455702728],[-2956112.5933735603,4847302.673308244],[-2955780.17739742,4847491.158666686],[-2955366.7144141425,4847557.8108958285],[-2954922.613437234,4847752.191984177],[-2954593.461226532,4848056.38109331],[-2954311.824957656,4848437.804542446],[-2954041.9108522236,4848853.200223897],[-2953774.386760702,4849326.17549478],[-2953611.512255264,4849563.900380101],[-2953292.3304120703,4849786.311943329],[-2952917.55971209,4850069.296444338],[-2952575.3119235826,4850281.887124663],[-2952079.402911263,4850651.219307941],[-2951494.8791540368,4851036.772592342],[-2951153.7706625154,4851306.186417035],[-2950619.814287715,4851516.5242193695],[-2950385.105501897,4851551.181539393],[-2950068.3489564504,4851463.778471744],[-2949842.346910194,4851417.732881993],[-2949551.321797701,4851030.089202908],[-2949466.1587260263,4850368.344767079],[-2949332.948807257,4849995.977797811],[-2949071.5622991472,4849480.624070075],[-2948732.3971427837,4848957.85664296],[-2948348.7418782776,4848471.759853953],[-2948072.96410986,4848233.004424826],[-2947799.9518777854,4848108.422067146],[-2947270.5513289664,4848066.022052017],[-2946670.5413195253,4848302.668904003],[-2946323.398665885,4848343.229689995],[-2945761.351504431,4848313.841434013],[-2945100.226189062,4848381.4149813475],[-2944678.7094477373,4848585.83397762],[-2944184.4507588223,4849012.477936937],[-2943887.594539047,4849245.467616553],[-2943588.855504335,4849421.120994869],[-2943233.897654906,4849599.727167769],[-2942809.6203410937,4849689.705256321],[-2942415.4752637697,4849651.977801354],[-2941885.2043830263,4849551.944550828],[-2941428.5595194837,4849287.296925085],[-2940808.669819183,4849203.244986842],[-2940562.8808361967,4849261.522253692],[-2940203.5259140166,4849268.097991073],[-2939550.7379697156,4849197.316610669],[-2938851.8285101764,4849105.349921913],[-2938087.7471324834,4849097.551334519],[-2937401.3136072382,4849040.050592422],[-2936624.7632043436,4848998.025104622],[-2935856.03359887,4848817.94105937],[-2935245.112187375,4848652.897083059],[-2934418.152768922,4848361.056452692],[-2933883.8716325318,4848146.33370168],[-2933306.606283334,4847967.990838006],[-2932842.9019128433,4847841.868713714],[-2932000.0620290046,4847826.379990173],[-2931537.4928183393,4847757.086150651],[-2931223.917781331,4847359.314760575],[-2931234.294597602,4846485.683437112],[-2931400.948248686,4845995.275290194],[-2931558.6478789924,4845585.057508355],[-2931737.5269126273,4845128.349175474],[-2931455.7246801527,4844660.193597082],[-2930831.451526189,4844404.06969422],[-2930140.224751875,4844599.282028919],[-2929497.3985341634,4844929.344441328],[-2929071.000375423,4844961.958416623],[-2928795.23554359,4844722.911200196],[-2928425.7042239406,4844327.802116786],[-2928199.864076293,4843856.442894894],[-2927084.4884829884,4842441.2219563825],[-2926584.5247202534,4841788.3820671765],[-2926138.6417862955,4841075.516302836],[-2925773.515993359,4840852.4234057525],[-2925192.839346676,4840984.656596496],[-2924737.9473805027,4841202.060936522],[-2924319.725216838,4841521.372112098],[-2923589.2783501702,4842350.014360374],[-2922743.04004766,4842644.31145231],[-2922318.7891519032,4842734.238018835],[-2921759.300726293,4842819.190880841],[-2920874.3829085627,4842897.373778403],[-2919776.5955430306,4843020.005256234],[-2918942.5956518543,4843348.237484052],[-2918225.4308643327,4843843.114443388],[-2917484.325196233,4844270.287908121],[-2916952.321508911,4844537.3130306015],[-2916609.8775206073,4844749.551374746],[-2916265.2977623385,4844904.204251365],[-2915631.9646074125,4845153.720002161],[-2915352.7977840444,4845224.977957167],[-2914740.6446393826,4845427.236808673],[-2913469.590141249,4846236.058411693],[-2912748.047554792,4846558.590495588],[-2911938.789581844,4846954.919202116],[-2911417.2697781487,4847623.50083513],[-2910820.7701875423,4848031.198643457],[-2909929.9793704078,4848305.155097358],[-2908922.7495210976,4848469.041099644],[-2908110.356684175,4848325.187105551],[-2907238.610227362,4848494.039143102],[-2906661.021814095,4848740.80886481],[-2906473.116973608,4848853.151456146],[-2905580.092201418,4849494.437810751],[-2904918.8515711618,4850411.14757181],[-2904260.7610018733,4851017.309405285],[-2903865.1737192804,4851347.062150553],[-2902627.380685918,4852142.350741862],[-2901598.2822646205,4852721.209441076],[-2901044.41999008,4853035.344104048],[-2900565.6584575595,4853185.15152125],[-2899819.1360672233,4853864.776642812],[-2899450.397854143,4853951.407306836],[-2898515.290925682,4853836.192905465],[-2898058.9376370586,4853571.441443842],[-2897671.2724655773,4853337.712101844],[-2896822.583142268,4852666.991684654],[-2896473.7231187304,4852224.142387301],[-2896167.9532181206,4851687.830343005],[-2895799.316280879,4851349.798405229],[-2895319.0186985866,4851016.835872828],[-2894940.2005761494,4851127.580576976],[-2894034.8649837407,4851309.333855587],[-2893184.2549317693,4851855.987202081],[-2892619.7367899627,4852618.857763478],[-2892131.707627834,4853273.953384204],[-2891852.238868434,4853770.02726828],[-2891359.5408876827,4854253.132683121],[-2890611.6694843024,4854875.851586196],[-2889853.4770579925,4855521.137254424],[-2889343.5519269966,4856223.418534165],[-2889167.3159308843,4856795.052422315],[-2889134.094752473,4857232.920109834],[-2888989.6143181785,4857733.697628194],[-2888127.1561378376,4857821.661236058],[-2887229.4879758838,4857440.211473775],[-2886653.44785318,4857318.764489722],[-2885352.5355213783,4856979.818612194],[-2883411.0304326136,4856177.871927419],[-2883069.634131075,4856022.151246599],[-2882037.770203599,4855635.6291874945],[-2881179.0832941975,4855470.414762269],[-2880585.254041482,4855085.434296887],[-2880111.120709538,4854557.12643589],[-2879100.254615616,4853698.233952676],[-2878389.9236448794,4852721.973326214],[-2877777.546664744,4852073.720476441],[-2877071.9023695644,4851269.659901752],[-2876166.966805288,4851026.382115366],[-2875388.9480768433,4850925.884827401],[-2874505.1041144407,4851060.247291073],[-2873910.956542337,4851100.364229998],[-2873260.3572499393,4851143.401729348],[-2872893.8011742164,4851287.519782609],[-2872615.5091714105,4851840.347326454],[-2872460.38165551,4852789.604249057],[-2872760.256348374,4853522.2584530115],[-2872811.9516614443,4853772.235854994],[-2873320.296446155,4854769.734538009],[-2873839.792854293,4855319.008368944],[-2874337.2348436606,4855858.168817435],[-2875003.750200953,4858628.426970782],[-2875306.1888467595,4859475.130285338],[-2875983.355065809,4860889.868327047],[-2876508.903785925,4862093.389617295],[-2876656.933576437,4862614.494353379],[-2876771.7779337703,4863573.895143637],[-2877138.4291612436,4864704.405932627],[-2877416.937804065,4865483.61996119],[-2877510.677788099,4866064.909514187],[-2877150.8825947754,4866495.531557449],[-2876188.0278765415,4867047.903733841],[-2875513.2092842474,4867447.9946119655],[-2875003.440367011,4867724.986198692],[-2874377.0440320657,4868260.622551008],[-2874068.729494712,4868941.376404001],[-2873715.304116371,4869601.415131677],[-2873162.1734502995,4870822.778387745],[-2872883.062922791,4871318.576711314],[-2872666.529243556,4871616.199719476],[-2871724.1340928124,4872121.000808863],[-2870953.909460183,4872307.198678064],[-2869780.269660538,4871686.159436339],[-2869011.7594213663,4870654.756647167],[-2868409.0205810317,4869925.740789919],[-2867684.460721473,4869283.4514620155],[-2866490.2014562218,4868283.5586914485],[-2865758.148643799,4867353.958653981],[-2865241.4850991582,4866069.394650515],[-2864952.8859667717,4865314.313032696],[-2864156.2893455895,4863617.935028805],[-2863757.601842595,4862982.245961252],[-2862797.5897637815,4861891.221048173],[-2862239.750995833,4861182.548440417],[-2861278.665101035,4860941.839856664],[-2860286.954831048,4861253.521057864],[-2859862.0923676807,4861342.64384949],[-2859457.2394375214,4861327.2385734515],[-2859161.7345319274,4861192.166343585],[-2858767.7503512953,4860728.888030788],[-2857992.519252567,4859835.497602455],[-2857110.7817368163,4858751.854715786],[-2856603.305470661,4857811.49366302],[-2856392.9448506557,4857488.3071108395],[-2855550.699895938,4856620.870485341],[-2854804.1337052803,4855967.5379318865],[-2853832.4857017794,4855750.125430801],[-2852981.118995089,4855870.7964164745],[-2852477.7563898275,4855952.201672813],[-2851844.143339468,4856200.485406447],[-2851102.0868697218,4856626.5226605795],[-2850135.7549126204,4857063.134624494],[-2849359.7092465,4857020.036403797],[-2848467.3741195225,4856384.726447768],[-2847878.070515717,4855746.27345289],[-2847318.8566002054,4854980.449832122],[-2846293.4800627804,4854397.358421663],[-2845549.475432745,4853858.6103625875],[-2844896.702820489,4853361.004677778],[-2844255.1115968437,4853322.700200843],[-2843459.3166522635,4853383.593413633],[-2842348.3791183354,4853895.267060354],[-2841647.725543828,4854594.81299948],[-2840567.3574820007,4855404.381334445],[-2839579.942475708,4855462.312513841],[-2838746.332483502,4855363.968725961],[-2838018.480325732,4855456.139815614],[-2836807.955034101,4855581.928052673],[-2835494.177952824,4856482.891310999],[-2834662.3303795815,4857349.196308069],[-2834166.01308663,4857716.804233981],[-2833179.2402623533,4858682.508774664],[-2832077.8112412733,4859113.33254065],[-2830656.697452776,4859341.610489626],[-2829916.9005935653,4859398.976629123],[-2828840.463008382,4859472.929050695],[-2828030.348727605,4859441.928305434],[-2827342.038408755,4859324.99152213],[-2827002.344380888,4859226.199268355],[-2826463.106570901,4859205.851889534],[-2824401.641462468,4859451.661925758],[-2823681.1015643203,4859830.494568243],[-2822749.195147114,4860310.6057557305],[-2821918.1965522333,4860751.720856369],[-2821043.894105704,4861286.72504978],[-2819752.331238147,4862197.175978044],[-2818784.9274234613,4863058.1096964],[-2817298.31467864,4863793.86433344],[-2815590.2680392796,4864230.02107558],[-2814202.1539172577,4864444.029469321],[-2813252.96244037,4864660.839601118],[-2811935.840890885,4865020.73089124],[-2810320.2210951517,4865555.503205931],[-2808809.700266997,4865798.525020163],[-2807381.2179615605,4865738.433712562],[-2806279.491874388,4865261.790565741],[-2806017.377012346,4864688.239316585],[-2806021.6446161075,4863952.7452812325],[-2805637.0907188184,4863407.5020960765],[-2805533.210298939,4862849.64558725],[-2805646.5617870293,4862419.718144968],[-2805707.9271874437,4861738.872002102],[-2805398.6392185665,4860604.76506453],[-2805449.2718845536,4859465.232111789],[-2805812.228194703,4858724.79122854],[-2806043.8226700043,4858094.078579322],[-2806226.0050319727,4857751.983010363],[-2806605.0147701805,4857160.054427874],[-2807021.863752919,4855877.610157708],[-2807575.5582842864,4854657.266393412],[-2807700.41495051,4854260.460779638],[-2808040.7114426577,4853027.23083151],[-2808138.1836438994,4851541.035903803],[-2808149.3917718446,4850610.053688194],[-2808081.2418056363,4850153.952721467],[-2807904.412220773,4848909.807130221],[-2807735.117662789,4847527.915501685],[-2807217.579450367,4847035.243482065],[-2806624.1022843677,4846649.207300174],[-2805822.056675142,4846479.862041034],[-2805237.505853264,4846012.903300937],[-2805205.428404608,4845176.01190271],[-2805192.580785922,4844659.656339749],[-2804800.5516524343,4844252.985592279],[-2803853.1365294857,4843619.205070065],[-2803290.5307166283,4842680.691241042],[-2803341.656280953,4842023.178885054],[-2803605.309430552,4841321.941007664],[-2803763.327967197,4840912.561655299],[-2804382.8301435886,4840516.349634263],[-2804622.895855446,4840229.325641534],[-2804914.7047576597,4839767.702340781],[-2805764.848603226,4839165.372169731],[-2806514.3514436595,4838602.269704682],[-2807344.2501669056,4838103.686605601],[-2808157.4367092047,4837825.04762701],[-2808918.0341885816,4837238.03016692],[-2809332.3187880157,4836747.489411277],[-2809885.6442465875,4835952.287407402],[-2810494.6613448528,4835154.185845086],[-2811025.6961415526,4834348.067371234],[-2811455.827409258,4833581.446574886],[-2812045.9231222905,4832462.657104531],[-2812378.1282400726,4831367.379392645],[-2812293.2383632516,4830647.526485924],[-2812040.9212715053,4829993.175218258],[-2811620.785860042,4829346.2057603765],[-2811298.0991217187,4828120.610870056],[-2811256.6284662182,4826882.047841392],[-2811214.6393964635,4826550.509452832],[-2811518.762596507,4825215.642537137],[-2812215.5434755376,4824344.110342947],[-2812546.0753292935,4823616.825785467],[-2812574.7433006237,4822949.449172631],[-2812531.621777158,4822560.280853022],[-2811862.1964290175,4822281.360691881],[-2810880.6156929196,4822568.589713097],[-2809975.16698654,4823173.839122215],[-2809515.85379334,4823700.653498992],[-2808971.3433645787,4823932.766566353],[-2808781.305706028,4823505.056543325],[-2808533.6864609756,4823022.899383602],[-2808089.675494232,4822790.50502126],[-2806727.7009462877,4822647.259328113],[-2805948.6411219956,4822005.913733867],[-2804945.1190684168,4821856.953349649],[-2803932.3240088876,4822214.450350314],[-2803169.1330837,4822686.442958294],[-2802718.135466436,4823075.176860616],[-2801875.9599422384,4823539.422914483],[-2801339.0119798216,4823632.695325117],[-2800155.1598427375,4822975.538052322],[-2799464.3700910048,4821835.958119032],[-2799024.491119292,4821293.2093473645],[-2798593.214526717,4821095.268366767],[-2797982.5385007975,4820927.820526051],[-2797079.142104322,4820257.97098699],[-2796530.7602290115,4819410.3979765745],[-2796276.1895054444,4818640.720692099],[-2796137.9257186526,4818038.313259202],[-2795969.621865789,4817532.95923142],[-2795632.5557060596,4817133.532290048],[-2794839.0741520305,4817200.133914518],[-2794250.101038032,4817475.265879084],[-2793732.7133286,4817954.559990789],[-2793407.770276654,4818911.194757045],[-2793428.651997697,4819771.836985559],[-2793639.766150502,4820577.8399742],[-2793107.571447377,4821326.210919486],[-2792209.487580002,4821792.766189352],[-2791351.833515173,4822107.779586175],[-2790825.735609541,4822178.417601807],[-2790051.762372202,4822673.666708681],[-2789891.174573561,4822967.96751687],[-2789516.736949913,4823732.255342655],[-2789061.4167672605,4824430.697864177],[-2788537.5521504683,4825041.194654502],[-2787900.737161533,4825174.139694312],[-2786742.259246039,4824641.425228292],[-2786277.678985196,4824030.736662548],[-2785719.7739557726,4822781.332786634],[-2785076.235916297,4821719.537720212],[-2784700.591222871,4821036.101856476],[-2784359.7241543788,4820396.748565819],[-2783724.6261890973,4820161.8000564035],[-2782875.794357013,4820338.963372418],[-2782160.3161141663,4820945.968939905],[-2781947.8012575884,4821898.247386643],[-2781853.557569463,4822649.127213551],[-2781591.014964815,4823407.612823926],[-2780782.3045116332,4823858.684646469],[-2780176.0990714836,4823863.41644746],[-2779825.6184323677,4823787.601069674],[-2778339.4332861905,4823614.81203353],[-2777387.1089337207,4823233.415464169],[-2776561.1674045417,4822995.686755985],[-2775749.349231641,4822848.735456323],[-2774617.8990437645,4822498.545883276],[-2774081.8192627337,4822166.486050141],[-2773458.879967671,4821483.175300519],[-2773117.1964974785,4821269.039546198],[-2772109.5135692786,4820465.009732048],[-2771250.123056978,4819757.4102271255],[-2770741.035953113,4819607.961386284],[-2769620.7611266775,4819716.673416163],[-2768715.5404280457,4819896.361460604],[-2767921.045447116,4820012.696161487],[-2766550.1524008214,4820431.769361955],[-2765659.7107311785,4820759.303600413],[-2764991.856370258,4821019.546854379],[-2764025.2312336857,4821453.980602002],[-2763137.5997493602,4821896.920388786],[-2762530.3792343093,4822326.50984564],[-2761961.377010173,4822972.702798501],[-2761585.026241599,4823196.723844859],[-2761425.562215196,4822640.858016617],[-2761598.99594719,4821897.803112812],[-2761633.0811890042,4820977.345298014],[-2761265.9317327165,4819247.60313196],[-2760621.8536597057,4818610.426525113],[-2760041.747389925,4817832.852936303],[-2759597.7045973777,4817117.234819922],[-2759405.126395999,4816575.061790364],[-2759423.6606972045,4815930.837339516],[-2759722.6066248873,4815273.780545463],[-2759982.6757806316,4814882.935817013],[-2760363.9678655085,4813923.299172259],[-2760543.914373681,4813467.087573987],[-2760780.045238357,4813008.510155357],[-2760694.020177089,4812231.178055277],[-2760427.7287434246,4811427.447100331],[-2759893.8185105408,4811152.8852755455],[-2758987.031212392,4811757.324599068],[-2758616.234319865,4812210.510172785],[-2758107.810185773,4813026.223238177],[-2757312.84247502,4814050.367787303],[-2756527.8807533085,4814568.549003163],[-2755743.735869799,4814661.737573759],[-2755110.582548861,4814483.474164078],[-2754522.141921033,4814268.85400616],[-2753727.3439045637,4813903.052844459],[-2753036.619011789,4813669.543301331],[-2752236.5751685663,4813556.445645359],[-2751709.148329006,4813569.08489509],[-2751305.554740558,4813610.225665948],[-2750444.3382080453,4813752.443051442],[-2749509.9777272344,4814116.759813348],[-2749109.4300019722,4814272.560840548],[-2748169.832699704,4814889.5650162],[-2747727.62648216,4815196.889420774],[-2747002.985263091,4815401.293357271],[-2745538.7365602744,4815237.775470171],[-2744696.407323441,4815218.039778689],[-2744180.4672492193,4815264.37671225],[-2743706.5393788144,4815641.992381046],[-2743510.7131598163,4815892.3912686845],[-2742808.486268026,4816589.945321546],[-2742321.1952470713,4816876.482224741],[-2741944.6154174954,4817100.208078475],[-2741388.924894237,4817354.855694888],[-2740932.722107336,4817513.208943447],[-2740482.5068040946,4817958.497060371],[-2740137.375005076,4818537.075693591],[-2739582.951781495,4819331.807670135],[-2739182.5485762996,4819970.308901636],[-2739057.186509189,4820366.198477908],[-2738472.203430777,4821289.032385108],[-2738050.7833106755,4822456.673318941],[-2737921.85704092,4823163.2825338775],[-2737788.480557956,4823697.6568171745],[-2737316.900565737,4824189.813383236],[-2736664.1676357077,4824598.461715725],[-2736127.7449601586,4825173.607552961],[-2735527.7774641947,4825947.187483285],[-2735343.960342703,4826231.741333769],[-2734981.0403873543,4826546.675781801],[-2733491.19801493,4828129.562480601],[-2732644.511954625,4828902.832024553],[-2732353.0626575635,4828939.183688348],[-2731689.390937852,4828888.437355778],[-2730794.1589549053,4829043.134381677],[-2729962.370867996,4829482.314105672],[-2729571.464679548,4830039.948908694],[-2729408.5580073474,4830277.010046586],[-2729192.6998970485,4831113.667909867],[-2728149.781381476,4832136.85485901],[-2727013.9335029917,4832095.723333461],[-2726498.389018177,4831659.0433825925],[-2726011.0138937486,4831463.015614792],[-2725607.732377843,4831503.504234915],[-2724703.111375294,4831739.563752728],[-2724069.206334374,4832468.313529843],[-2723413.3346157265,4833726.850689142],[-2723362.7874341565,4833958.424948801],[-2723155.878449221,4834714.857803947],[-2722807.481131944,4835661.099180838],[-2722313.8787373295,4836624.94647667],[-2722112.1785747358,4837127.485162824],[-2722005.465316306,4837362.149974312],[-2721490.4871989456,4838373.144663257],[-2721104.274842311,4839159.84171435],[-2720861.464418228,4839813.760012066],[-2720942.291868509,4840362.130020739],[-2721064.9028750453,4840815.624309971],[-2721082.269369962,4841079.310723197],[-2721088.4783011163,4841113.896653022],[-2721289.9444398666,4842253.302501958],[-2721218.226927886,4843014.771115529],[-2721049.4377895254,4844412.446220226],[-2720779.8036239706,4845848.461904966],[-2720009.6723012826,4846997.409261366],[-2718810.2030799366,4847578.83158403],[-2717682.4020289145,4847881.819979587],[-2716330.684713296,4848194.35828298],[-2714878.370753275,4848546.273987073],[-2714376.185299491,4848683.355990665],[-2713321.0361648346,4849671.676618876],[-2712613.7195436987,4851104.793388636],[-2712339.9504164825,4851886.279618136],[-2712261.229655599,4852361.132075394],[-2712109.2053280296,4853057.070470213],[-2711727.3563394793,4853533.167194293],[-2711258.8051146124,4853657.505913],[-2710545.367677261,4853895.862454396],[-2709992.7061195956,4854747.473583522],[-2709714.716838966,4855357.0405791085],[-2709485.4146073554,4856101.891083391],[-2708974.7855716045,4856859.645432606],[-2708435.7834146577,4857320.086731701],[-2707845.534223368,4858012.72959251],[-2707576.967100396,4858541.378634796],[-2707436.9662484024,4859271.148814434],[-2707300.4766816543,4860172.997844899],[-2706890.0629338087,4860834.250982842],[-2706438.478895672,4861704.368564346],[-2705747.9635202833,4862918.027107984],[-2705190.875204307,4863597.089522054],[-2704115.415698473,4864207.33149767],[-2702930.680000948,4864455.00075339],[-2702413.225840974,4864443.209965945],[-2701576.0410871133,4864652.343388275],[-2700804.58646473,4864835.852934211],[-2699698.07930036,4865090.77386929],[-2698800.228322525,4865130.6640695045],[-2698231.997506512,4864868.276664767],[-2697601.2489996618,4864322.119255492],[-2697007.626801257,4863934.562101719],[-2696165.693197905,4863971.354624292],[-2695513.075452052,4864861.710275665],[-2695100.299731692,4865465.305888813],[-2694803.868233606,4866236.560549378],[-2694448.5058190953,4867377.774531573],[-2693549.4006627314,4868324.698537717],[-2692291.8915611384,4868850.706194848],[-2691572.8673220254,4868859.246672795],[-2691047.8957177163,4868502.806414999],[-2690830.045891367,4868317.219288947],[-2690197.369386042,4867713.310904755],[-2689541.0511132358,4867523.414023035],[-2688819.684282975,4867417.673424769],[-2688000.5834260196,4867464.764407568],[-2687055.583385128,4867908.198851861],[-2686516.784567006,4867943.218829545],[-2686103.0442206752,4868007.2890486885],[-2685746.388282826,4868126.0566246975],[-2685473.6399623365,4868482.43610789],[-2684884.2209706404,4869231.949029286],[-2683911.8393573225,4869917.53217102],[-2682853.6287474306,4870307.984075233],[-2682449.4565091413,4870348.2276218785],[-2681475.320228541,4870494.401708854],[-2680402.1870450894,4870254.006440852],[-2680034.633181222,4869914.201430611],[-2679853.5764177726,4869404.8097288925],[-2679675.7783436906,4868528.300824442],[-2679273.192352634,4868144.172047337],[-2678744.0461485987,4868098.065816882],[-2677798.071735149,4868001.489825497],[-2676400.490408171,4867809.095120899],[-2675503.551508468,4867423.411759659],[-2674562.944682823,4867073.450641396],[-2673792.5700333356,4866348.7062945375],[-2673424.9355243016,4865526.4681423325],[-2673355.4428797434,4864472.489204558],[-2673426.5184293315,4863654.318942096],[-2673366.2570345737,4863002.413600419],[-2673065.189612725,4862636.175418128],[-2672276.804670783,4862073.022857605],[-2671593.9474629303,4861700.61833569],[-2671108.651711919,4861135.797477413],[-2670853.683869584,4860790.542763068],[-2670464.701609736,4860015.1045372505],[-2669939.7600814886,4859658.81938658],[-2668872.0945028877,4859647.652081705],[-2667941.641518637,4859756.265094979],[-2667717.26291877,4859766.247360851],[-2665775.5652864226,4859861.8600674365],[-2664837.3320513214,4859626.352111229],[-2664254.8129203315,4859215.348438541],[-2663863.3164349007,4858806.787870875],[-2663093.7270019758,4858082.154604758],[-2662548.519284886,4857347.535026712],[-2662094.254665185,4856654.928961643],[-2661669.9028561763,4856259.532475507],[-2660965.1897733794,4855933.956271579],[-2660501.8590324437,4855804.646530419],[-2659953.452279111,4855919.915620503],[-2659214.5331734186,4856032.465533687],[-2658397.165520688,4856136.409708617],[-2656944.4843956525,4856486.137930599],[-2656349.5696762605,4856523.099273662],[-2655632.035375421,4856587.963986784],[-2654529.212657573,4857014.562595058],[-2653832.1311196964,4856976.027900047],[-2653329.504039157,4856629.817732241],[-2653119.8896305067,4856305.544952533],[-2652462.710316148,4856057.9411224425],[-2651554.1730552437,4856120.067854996],[-2650473.9115726566,4856556.492486578],[-2649814.8942242563,4856734.070239994],[-2649479.9849290554,4857288.56519042],[-2648840.0997607494,4858326.599660371],[-2648323.170202987,4859278.904002415],[-2647753.1249484457,4860406.291693994],[-2647377.7451556497,4860686.090693389],[-2646832.194318106,4861881.054678149],[-2646393.249487401,4862841.61013288],[-2646156.744797707,4864264.677736107],[-2645893.3024254707,4865022.458767265],[-2645654.0235483395,4865322.629220562],[-2645482.687506745,4865808.292389688],[-2645322.8230323936,4866148.376767225],[-2645153.155132385,4866703.858270485],[-2645127.604670837,4867077.7380025545],[-2645081.9523394853,4868073.481044832],[-2645146.8942570905,4868643.734178242],[-2645303.3768779454,4869177.412301465],[-2645435.1359864445,4869443.675360873],[-2645724.4570495496,4869791.605758596],[-2646215.5114852097,4870772.539497657],[-2646325.9499806142,4871249.238388464],[-2646487.217305371,4871770.991675719],[-2646549.5643334864,4872422.39346685],[-2646436.0805902537,4872970.106746635],[-2646366.539962868,4873656.720464491],[-2646416.4421692644,4874043.316934565],[-2646596.4302216135,4874435.542342894],[-2646824.5904032425,4874994.320964611],[-2647045.9888110007,4875346.5097129],[-2647335.3864682573,4875845.382373866],[-2647609.5833470067,4876271.085077802],[-2647878.5904205455,4876639.360338512],[-2648107.74264021,4877007.8308875],[-2648174.069474563,4877496.298737938],[-2648087.313527185,4877929.987499865],[-2648074.7561103846,4878569.032493402],[-2648128.695333242,4878943.192271685],[-2648171.340005508,4879122.414796747],[-2648048.873373394,4879243.226125546],[-2647827.923465986,4879342.943968139],[-2647652.1566174934,4879389.992855755],[-2647348.1351118684,4879159.213010038],[-2646924.9867473124,4878776.506868895],[-2646651.2190392455,4878611.683811581],[-2646238.794630541,4878273.716462277],[-2645860.965639036,4878140.021515133],[-2645193.8664633934,4877808.909905777],[-2644564.039006939,4877749.55140961],[-2643802.875388533,4877684.575290487],[-2643171.3155107745,4877817.038649863],[-2642043.1221169094,4877814.060085364],[-2641393.845825763,4877884.692766993],[-2640646.387238487,4877893.396792612],[-2639803.424483232,4877909.189905244],[-2639316.1061792467,4878160.501897434],[-2638977.298386079,4878519.307582857],[-2638794.4799140855,4878810.118411964],[-2638497.2723913263,4879388.713391706],[-2638256.3293398004,4879658.982972917],[-2637903.982077967,4879602.093537384],[-2637635.72331117,4879233.312192894],[-2637511.9953231625,4878943.5986486375],[-2637125.5506263403,4878683.71981529],[-2636971.821262938,4878328.297082038],[-2636737.5884209457,4878013.075225718],[-2636444.692700936,4878127.916331007],[-2636323.6087800446,4878358.571050987],[-2636119.841613368,4878559.373559301],[-2635908.8034995887,4878553.627596367],[-2635382.978451168,4878312.910368242],[-2635218.743551205,4878363.326617763],[-2634903.4231187287,4878579.714162337],[-2634467.245072853,4878835.734155898],[-2633605.276649082,4878831.018820104],[-2632731.712487038,4878671.951460136],[-2631671.8633077582,4878774.715275521],[-2630691.5714822644,4878577.989629588],[-2629669.033013118,4878502.414786158],[-2628817.3011012375,4878542.67314543],[-2627975.271739914,4878216.3965579765],[-2627442.4571214453,4877958.833309215],[-2626696.0071001025,4877776.93449827],[-2626061.4403944365,4877729.637200627],[-2625660.953853799,4877697.187688698],[-2625128.263147385,4877549.238535166],[-2624498.397817568,4877339.3397671385],[-2624118.239891885,4877286.502158039],[-2623696.5320945275,4877615.64458835],[-2623624.656906592,4877781.479442152],[-2623461.827475379,4877490.917121264],[-2623460.626542835,4877230.869316464],[-2623530.076642411,4876996.013636543],[-2623591.2262277044,4876785.4371514935],[-2623603.3547721757,4876488.436991786],[-2623582.3789925575,4876208.195709935],[-2623556.8282796512,4875979.636480998],[-2623318.223059961,4875977.4386198735],[-2622880.8150193137,4876013.674556213],[-2622459.429385679,4875850.395479998],[-2621850.3223565156,4875470.151081061],[-2621678.2677353844,4875354.323868148],[-2621227.4612877904,4875276.542344041],[-2620667.751794346,4875092.08309342],[-2620028.116661053,4875097.73694166],[-2619719.9874790125,4875179.687677201],[-2619370.081676843,4875192.545100799],[-2619052.704038101,4875038.972315807],[-2618749.5772891142,4874917.240287231],[-2618435.5003157067,4874942.553124991],[-2618221.398220442,4875208.463467853],[-2618060.7979886327,4875588.69886361],[-2617941.397955205,4875888.8735141605],[-2617808.625982809,4876265.270472597],[-2617652.7008947586,4876292.154677532],[-2617411.376068914,4876261.240408071],[-2617062.698449073,4876082.287586701],[-2616701.9200490816,4875749.51084845],[-2616450.4161657044,4875633.026463221],[-2616117.7683253405,4875898.187712753],[-2615937.573317151,4876107.517990349],[-2615714.303624642,4876287.568786238],[-2615612.1005333434,4876238.282091279],[-2615533.700592286,4876196.534342497],[-2615342.6253526756,4876060.242332569],[-2615048.7974321153,4875915.489700108],[-2614759.6999167157,4876018.140878414],[-2614385.2828332456,4876212.916267926],[-2614169.5280602374,4875959.220067067],[-2614090.5034069247,4875807.347845155],[-2613952.900749302,4875594.890632527],[-2613733.9229478915,4875311.980578407],[-2613668.269570558,4875083.106227553],[-2613841.2161354087,4874857.731407664],[-2613938.736805481,4874619.30602015],[-2613778.6362245325,4874356.919846],[-2613288.0657431027,4874429.2329559345],[-2612818.397637236,4874631.33676746],[-2612163.681340353,4874905.245590465],[-2612106.308395532,4875103.67822205],[-2612372.9817030197,4875102.3237386],[-2612184.7721457668,4875746.425796346],[-2612163.884408431,4876258.1840313645],[-2611970.276843838,4876805.322236232],[-2611901.3813865357,4877000.098589618],[-2611764.268462711,4877238.431225967],[-2611922.7446815055,4877390.185842315],[-2612102.0457923305,4877522.32084951],[-2612328.5271722367,4877821.257837661],[-2612506.3159709265,4878184.713516718],[-2612770.130254494,4878716.082526041],[-2613004.8305777917,4878840.563855016],[-2613544.537505501,4878975.0836065365],[-2613860.652875164,4879133.817344469],[-2614199.5371212577,4879552.186370027],[-2614487.2132117325,4880264.609669056],[-2614630.789831717,4880971.081222136],[-2614761.4871952585,4881541.724467206],[-2614839.8067143024,4881884.056633737],[-2614720.1754807513,4882184.176682409],[-2614404.732210688,4882550.366402526],[-2613945.648546807,4882947.821827303],[-2613565.5891485573,4883045.878058121],[-2612825.886053406,4883370.733092999],[-2612460.5809736964,4883501.376485763],[-2611960.9357608003,4883637.97168279],[-2611661.0381788593,4883545.438809144],[-2611155.307870948,4883284.0325902365],[-2610468.4457828715,4883422.878729063],[-2610024.19798769,4883552.072917344],[-2609514.463147187,4883754.283735859],[-2608909.7067441703,4884222.774847931],[-2608607.898955292,4884512.961211806],[-2608417.2483897638,4884677.485952965],[-2608069.5495444536,4884758.776351323],[-2607790.318086377,4884796.515031959],[-2607257.584991929,4884949.313322365],[-2606625.587648674,4885121.038732119],[-2605898.8940931517,4885259.253449833],[-2605074.9123950377,4885446.13055139],[-2604383.893377945,4885746.937775561],[-2603950.1408142643,4885921.081506206],[-2603580.6761002904,4886213.94940491],[-2603205.5066311755,4886449.426592172],[-2602632.846983003,4886451.210908659],[-2602010.518879648,4886257.78108144],[-2601630.63943518,4886204.865826676],[-2601441.2452966366,4886137.33545069],[-2601133.2758371686,4885617.868822684],[-2600897.9828899936,4885343.513626254],[-2600667.4017263656,4885357.288132404],[-2599972.02715276,4885520.0635870565],[-2599409.151467878,4885757.517116265],[-2598964.872076495,4886187.4351821],[-2598780.383950506,4886710.082709039],[-2598606.183857436,4886976.678235739],[-2598245.530414082,4887244.466069372],[-2597864.7095365017,4887382.491752584],[-2597432.660147651,4887625.594483416],[-2597117.0188377723,4887992.157991607],[-2596889.7708108076,4888184.473125268],[-2596596.290010178,4888449.535512083],[-2596468.555817823,4888622.666846682],[-2596102.7454244443,4888793.51609224],[-2595729.331211128,4888797.697097226],[-2595212.7322369087,4888641.411210836],[-2594821.5820645406,4888844.518611548],[-2594580.226642894,4889114.30573001],[-2594354.9210206387,4889375.858961849],[-2593756.4511821726,4889901.517174056],[-2593367.45091618,4890213.884515865],[-2592795.813906252,4890475.784904115],[-2592537.0228328635,4890643.215620162],[-2592050.000428369,4890743.775964206],[-2591693.683636446,4890699.40375468],[-2591285.1405924796,4890499.663989182],[-2590820.173039673,4890087.409163115],[-2590275.845791993,4889333.955945938],[-2589820.553312381,4888516.081017639],[-2589565.237385727,4887960.833255575],[-2589286.4733954766,4887547.126418125],[-2589023.4583380586,4886674.306344557],[-2588891.4576378358,4886107.919544084],[-2588553.87124383,4885382.641913735],[-2588475.541887276,4885273.90731946],[-2588239.801047853,4884946.685310167],[-2588215.2830659193,4884907.332543223],[-2588000.8625969747,4884564.084583307],[-2587963.591338784,4884495.4386638],[-2587771.4892038726,4884138.455462231],[-2587578.636117421,4883781.73707052],[-2587386.5352844326,4883425.0061582485],[-2587222.724498268,4883096.266852685],[-2587042.1608435,4882732.913752614],[-2586771.9422830213,4882554.355144415],[-2586437.8603193047,4882333.275223552],[-2586356.4267560258,4882319.287313233],[-2585962.7979557537,4882250.659974379],[-2585825.442438907,4882273.315827939],[-2585428.165339204,4882338.459669033],[-2585224.6327943294,4882379.2004155945],[-2584829.348025658,4882458.422308898],[-2584768.447826055,4882462.81309403],[-2584367.954101261,4882490.025206779],[-2584132.6388404383,4882488.968571497],[-2583731.92395605,4882487.439885597],[-2583484.745525134,4882568.196835875],[-2583100.194304044,4882693.163661009],[-2582716.1439804765,4882818.1196223395],[-2582529.5479095518,4882963.524202804],[-2582207.520833094,4883214.439160886],[-2582120.733331742,4883294.212090725],[-2581818.9794856566,4883570.68981497],[-2581613.9580677613,4883848.314979225],[-2581370.2930578217,4884178.700024738],[-2581196.528527257,4884527.631116778],[-2580983.46327748,4884835.409926495],[-2580777.3374990253,4884969.590045798],[-2580436.3021824937,4885191.29740165],[-2580360.363735523,4885198.252712467],[-2579960.122107803,4885234.164037436],[-2579560.3811271233,4885270.062343566],[-2579376.97004893,4885241.150522346],[-2578981.5895306314,4885178.944520329],[-2578884.3894423926,4885144.696961867],[-2578506.36799948,4885014.444687815],[-2578129.096096706,4884883.663571911],[-2577886.84705323,4884804.444365075],[-2577505.8118755696,4884680.397224012],[-2577126.279685489,4884556.583390659],[-2576746.248306106,4884432.262257874],[-2576705.6525847255,4884431.165867721],[-2576304.9560028557,4884422.676429924],[-2575903.760631695,4884413.427628773],[-2575719.202539006,4884280.345140288],[-2575394.160471812,4884046.012132547],[-2575283.038219574,4883902.168671642],[-2575036.0168792936,4883583.086628405],[-2574789.2445346937,4883264.25278579],[-2574573.739195687,4883004.672940475],[-2574316.1851194277,4882694.491320804],[-2574059.383062814,4882384.294728115],[-2573915.596077907,4882078.310178092],[-2573743.3034442733,4881710.449548061],[-2573570.76250329,4881343.105226801],[-2573487.835849046,4881072.2499867445],[-2573368.4443282075,4880682.425914659],[-2573248.5512743006,4880292.352498743],[-2573129.664329945,4879902.7704684315],[-2573010.2730881767,4879512.939145292],[-2572942.108266727,4879271.327929447],[-2572831.4928020597,4878878.773625796],[-2572698.5510830632,4878513.032696775],[-2572559.610432975,4878130.198275055],[-2572543.1352727516,4878069.914137152],[-2572432.523208965,4877677.091905648],[-2572321.914947448,4877284.2633543],[-2572296.586379261,4877060.640555551],[-2572250.8967169602,4876654.112282274],[-2572205.209336957,4876246.552965245],[-2572203.2184153474,4876235.037327939],[-2572136.9798676027,4875831.164693388],[-2572071.7453362485,4875427.273794339],[-2572045.0497588892,4875314.029023907],[-2571951.7444897015,4874916.262940568],[-2571858.437267595,4874518.750832853],[-2571691.5006884276,4874317.578173048],[-2571433.462338883,4874007.350126941],[-2571175.924331603,4873697.368939467],[-2571147.195276197,4873374.451081559],[-2571110.5411211955,4872965.678610611],[-2571162.6002422655,4872792.2888489785],[-2571280.8046990945,4872397.777440487],[-2571215.7700649835,4872048.268226524],[-2571104.129360574,4871931.094460239],[-2570826.525905446,4871640.1859055385],[-2570663.2120364876,4871567.281682714],[-2570298.5156764635,4871402.881788939],[-2570061.2308017015,4871372.071401258],[-2569663.8371850858,4871319.895550891],[-2569378.762983261,4871220.85644712],[-2569001.000215076,4871090.050618423],[-2568936.8847136623,4871053.937006491],[-2568588.765989351,4870855.8772575315],[-2568240.8957063295,4870658.324238427],[-2567892.52572325,4870460.77866665],[-2567624.1074003894,4870255.179551145],[-2567305.356157597,4870011.687491636],[-2567254.5392402355,4869961.2251801565],[-2566970.4173149755,4869677.603568452],[-2566681.224977015,4869446.431812487],[-2566367.4965212266,4869196.172850717],[-2566318.1516329963,4869177.002660374],[-2565944.663732998,4869035.074222826],[-2565570.673919354,4868892.638353049],[-2565278.1606802503,4868953.901601457],[-2564884.3855619035,4869036.4160367185],[-2564623.6143270843,4869175.933034339],[-2564265.8058745605,4869367.432722016],[-2564127.434732845,4869405.756180557],[-2563738.396755964,4869511.797641143],[-2563544.2468751026,4869454.0491765635],[-2563161.209704545,4869338.975832795],[-2562910.825705262,4869143.581363919],[-2562907.053212312,4868923.9173450535],[-2562893.2791187516,4868915.939531784],[-2562546.419820676,4868715.274647],[-2562200.0631256024,4868515.1121216165],[-2561882.148513137,4868429.716616877],[-2561496.094908197,4868325.984380681],[-2561469.032319281,4868323.368563132],[-2561070.122723047,4868290.962636388],[-2560670.70894679,4868257.534114113],[-2560431.05523585,4868338.409587605],[-2560223.350646562,4868303.992659931],[-2559828.4861920974,4868238.655889484],[-2559780.7668906366,4868337.533781626],[-2559637.1071142796,4868636.486165928],[-2559602.196728326,4868708.446053655],[-2559517.6606173725,4869025.114285202],[-2559411.736826957,4869423.005049824],[-2559312.927157536,4869496.319212258],[-2558984.144704864,4869738.633194684],[-2558927.255691054,4869740.638083829],[-2558526.5468172976,4869754.45388984],[-2558125.8362606405,4869767.756139233],[-2557779.4388790065,4869607.890671456],[-2557416.5101980865,4869440.605620754],[-2557341.1200604327,4869403.911329885],[-2556981.207600756,4869229.643147088],[-2556621.0413177772,4869055.378218287],[-2556298.116913758,4868975.447504302],[-2555910.3036336866,4868879.430770282],[-2555521.9939918723,4868782.909321983],[-2555291.251170248,4868734.250327972],[-2554899.9195287214,4868651.12411733],[-2554509.0877494873,4868568.503273724],[-2554171.7339910395,4868626.654573566],[-2553774.729261855,4868695.324118489],[-2553505.9184429348,4868629.603810863],[-2553212.4205117812,4868685.715194715],[-2552817.164185679,4868761.280914817],[-2552421.908275199,4868837.102340066],[-2552025.9021733026,4868912.419825501],[-2551630.899029777,4868988.233336776],[-2551267.712855311,4869068.8906710865],[-2550873.953455233,4869155.972498548],[-2550480.942622589,4869243.809292117],[-2550332.816442456,4869273.809096718],[-2549938.3104413217,4869355.25399844],[-2549545.3223609645,4869422.80924561],[-2549148.8292748705,4869490.422559141],[-2548995.9400236653,4869521.7833563285],[-2548601.4382147505,4869601.425485126],[-2548206.936572392,4869681.577940113],[-2547907.3463335987,4869822.990144118],[-2547541.06560312,4869996.336825131],[-2547479.8871974563,4870031.777920173],[-2547128.8608199614,4870235.662889004],[-2546776.8352208156,4870439.816676372],[-2546500.7378934114,4870642.931384767],[-2546171.728939915,4870884.417345459],[-2546053.067192796,4871020.674110511],[-2545783.379094419,4871329.1561131915],[-2545513.192373253,4871637.642659719],[-2545374.6996762496,4871807.600122587],[-2545175.330662591,4871964.733762386],[-2544855.086465975,4872217.858157813],[-2544534.3409826504,4872470.733045824],[-2544412.5282218494,4872501.809849142],[-2544022.02784159,4872602.3977830345],[-2543631.777093927,4872702.722364242],[-2543456.6689079935,4872656.943320227],[-2543069.376691404,4872556.009027888],[-2542683.0876053544,4872455.056603959],[-2542414.687055267,4872235.577400081],[-2542104.227909449,4871981.399059159],[-2541959.383378165,4871741.59260852],[-2541749.746428991,4871394.841862695],[-2541579.2900388865,4871209.622440281],[-2541306.7081402983,4870913.9828614965],[-2540936.2629529405,4870758.089530444],[-2540808.95306621,4870773.345865964],[-2540410.240598415,4870820.684105992],[-2540301.478646556,4870832.28824805],[-2539901.5162209263,4870873.486257527],[-2539502.308538822,4870914.669854899],[-2539269.375193142,4870812.6379847],[-2538903.195675799,4870652.304474628],[-2538852.8796038916,4870601.830569022],[-2538568.0111643006,4870317.947251994],[-2538334.7193526556,4870072.96296513],[-2538161.8100621225,4870086.9413758265],[-2537761.358321154,4870119.416845281],[-2537546.816651424,4870170.032102429],[-2537154.3214686248,4870263.194961984],[-2537131.75283142,4870279.745412374],[-2536804.262918052,4870521.941877573],[-2536476.2714366294,4870764.140733006],[-2536386.4150754414,4870916.060595598],[-2536176.334103846,4871269.6878781505],[-2535966.5062560993,4871623.049010956],[-2535894.481088761,4871734.367975208],[-2535672.133038016,4872079.722731748],[-2535449.537342978,4872425.5922679445],[-2535214.6822394533,4872496.303099289],[-2534828.4387082774,4872613.464122926],[-2534441.6939755515,4872729.859170828],[-2534214.8713332773,4872788.112500375],[-2533824.135110338,4872888.661093228],[-2533433.6482500914,4872989.20629193],[-2533043.6646454195,4873089.995583171],[-2532788.012388817,4873163.35946497],[-2532400.025596434,4873274.3781820405],[-2532012.2877037637,4873385.902656165],[-2531717.853685586,4873663.418604761],[-2531420.4125676192,4873944.059730385],[-2531427.314885054,4874063.011648776],[-2531449.475239644,4874472.192364641],[-2531612.1335415337,4874692.175480167],[-2531730.81601627,4875046.086720236],[-2531859.4897355307,4875432.923959334],[-2531726.1934333052,4875691.528280776],[-2531536.921491097,4876057.053627502],[-2531428.6114172395,4876128.169075144],[-2531088.1325980527,4876350.75200903],[-2530747.6574336644,4876573.589511657],[-2530466.7577196746,4876589.115252898],[-2530066.3364598434,4876611.534205624],[-2529665.1616341076,4876633.96690372],[-2529662.153953266,4876633.502885392],[-2529262.7825157014,4876603.557884179],[-2528863.662895405,4876573.604588954],[-2528857.147086661,4876573.202628903],[-2528456.7575977473,4876560.720027144],[-2528056.6197172515,4876548.486479508],[-2527655.480073147,4876535.756557547],[-2527621.41270264,4876527.350359947],[-2527231.621866049,4876436.168114433],[-2526842.3311281167,4876345.233790149],[-2526453.2921228143,4876254.291338468],[-2526106.0436907667,4876222.685410884],[-2525707.1824897416,4876185.793718828],[-2525701.4213173157,4876184.8638759805],[-2525304.8268401646,4876137.667535972],[-2524907.230308305,4876090.22935313],[-2524509.8827966717,4876042.785821328],[-2524201.2991969283,4875927.390415355],[-2523827.3425653395,4875787.6912391875],[-2523452.6324010757,4875647.749135763],[-2523236.1801242353,4875613.674968157],[-2522841.1049474264,4875551.052203756],[-2522446.029928474,4875488.682914069],[-2522116.6616646377,4875361.828784396],[-2521744.2135359,4875217.736815006],[-2521479.5897917603,4875254.778786177],[-2521081.3984226068,4875311.261021209],[-2520683.462282494,4875367.222462204],[-2520472.65325023,4875463.912478421],[-2520104.6783482735,4875632.776822761],[-2519736.707161722,4875801.641320981],[-2519647.98137668,4875833.411096139],[-2519268.011330714,4875970.14580513],[-2518887.5426450055,4876106.371774138],[-2518860.718482769,4876122.2158804005],[-2518507.002382076,4876322.391079649],[-2518154.0386637794,4876522.550708093],[-2517800.3246814236,4876722.720009486],[-2517447.3630767153,4876922.876572559],[-2517093.899582945,4877123.290367144],[-2516740.94009514,4877323.441030308],[-2516736.680097785,4877324.281864531],[-2516341.4865377387,4877402.750472201],[-2516012.3737829467,4877275.627792713],[-2515639.4273501066,4877131.5332680885],[-2515565.2827496827,4877110.197151597],[-2515180.7835111343,4876999.136600779],[-2514987.8137294496,4877049.582584438],[-2514597.361087716,4877150.80328475],[-2514483.0265710955,4877245.34041432],[-2514168.3517118944,4877504.871057131],[-2513853.4290553983,4877764.917059112],[-2513620.26866023,4877931.738354999],[-2513288.5806863206,4878168.199075496],[-2513028.1800469095,4878258.250134055],[-2512645.7241945537,4878389.852365522],[-2512264.0236975225,4878520.927743875],[-2512196.5966708255,4878553.8690194525],[-2511833.395100349,4878732.351167325],[-2511469.191861146,4878910.844518977],[-2511105.2409630157,4879089.333747813],[-2510741.2885136483,4879267.562902724],[-2510377.3393698763,4879446.304009798],[-2510361.0459070196,4879455.810450171],[-2510014.8561010235,4879668.886021065],[-2509668.6676212717,4879881.6982897995],[-2509615.7782683494,4879908.750821908],[-2509255.83597165,4880095.623231836],[-2508895.892148398,4880282.2353107575],[-2508535.697767447,4880469.109293774],[-2508512.893548806,4880473.081614262],[-2508115.7237417563,4880540.251116108],[-2507719.5544652217,4880607.404987049],[-2507323.386059631,4880674.296901213],[-2506957.976709554,4880813.018698472],[-2506580.2836415893,4880957.073098552],[-2506202.094921652,4881100.364130099],[-2505824.6551717212,4881244.152147251],[-2505794.5826923125,4881253.374800972],[-2505408.8981855134,4881371.905087477],[-2505047.8207241297,4881428.198187277],[-2504650.6586891087,4881490.220653394],[-2504303.977027561,4881408.003619339],[-2503914.710895696,4881315.722910268],[-2503705.4470888125,4881089.10554287],[-2503432.6043899357,4880793.255574517],[-2503206.0056133675,4880624.383600451],[-2502884.5107593997,4880384.752567761],[-2502537.034776451,4880352.311917979],[-2502138.2058312846,4880315.594771144],[-2502124.1688360837,4880322.754106774],[-2501761.484489129,4880504.253500782],[-2501399.5551796984,4880685.73455777],[-2501318.051086386,4880779.1826728005],[-2501049.2182334876,4881088.654663321],[-2500780.6357972478,4881397.60932475],[-2500663.0243055364,4881529.104205564],[-2500390.439338166,4881834.27072606],[-2500359.6064080386,4881852.225213775],[-2500008.9380220133,4882056.848008547],[-2499658.016814696,4882261.214648246],[-2499535.47839013,4882292.491656159],[-2499145.3124885736,4882392.594593355],[-2498754.8936399715,4882492.18504584],[-2498478.7894585435,4882507.540424281],[-2498077.9141871706,4882529.325388678],[-2497715.673652167,4882486.085502246],[-2497318.111893134,4882438.043497289],[-2496921.050048758,4882390.503705169],[-2496523.489101496,4882342.459570249],[-2496372.1604144457,4882351.124033313],[-2495971.7873645728,4882373.148290967],[-2495571.4148489567,4882395.173901789],[-2495170.5431580953,4882416.9489921],[-2494886.608380895,4882516.301451048],[-2494505.4412378673,4882649.0657854825],[-2494375.396268971,4882669.174825057],[-2493977.7519938415,4882729.622305394],[-2493580.108145517,4882790.325375457],[-2493337.2549702455,4882902.072458246],[-2492969.8383750585,4883071.538343096],[-2492601.1749410233,4883240.253064967],[-2492350.9989635805,4883425.727658185],[-2492207.3577548885,4883534.801977679],[-2491882.4758894644,4883780.75993797],[-2491660.4323506476,4883877.020972258],[-2491289.019601005,4884038.076492042],[-2490996.3556957296,4884098.311070637],[-2490601.957758895,4884180.232247843],[-2490319.365002298,4884172.073096982],[-2489919.030524133,4884160.47352853],[-2489773.977204051,4884155.943496082],[-2489373.64139076,4884143.312985102],[-2488973.557173489,4884130.936990973],[-2488755.3977917796,4884065.031363304],[-2488372.677672913,4883949.259944533],[-2488252.209915525,4883903.284420572],[-2487878.5333459624,4883761.4597588675],[-2487504.8545384784,4883619.376793037],[-2487161.514024731,4883446.527026401],[-2486804.4004561864,4883266.463761543],[-2486632.1231424855,4883156.452191097],[-2486294.328914437,4882941.18844466],[-2485956.786581706,4882725.664794185],[-2485713.1303564995,4882586.047465239],[-2485486.190464557,4882537.209730826],[-2485095.4337447807,4882453.108602686],[-2484879.458456474,4882483.085221772],[-2484481.830359725,4882538.883435992],[-2484232.976591733,4882643.0090893],[-2484118.4185998393,4882731.8447571425],[-2483796.551710722,4882982.085428343],[-2483711.335172908,4883032.474592802],[-2483361.945176136,4883239.561688648],[-2483119.5806262367,4883376.918525354],[-2482766.689753715,4883577.64546247],[-2482633.357455958,4883649.857127504],[-2482275.963744967,4883842.960658653],[-2482197.511140175,4883894.519042538],[-2481857.884220234,4884118.617312409],[-2481518.2558747036,4884342.452224],[-2481302.4748025183,4884450.381009458],[-2480939.8328501475,4884631.506401469],[-2480715.2830246715,4884744.447996191],[-2480407.9788380754,4884965.435064229],[-2480077.113239105,4885203.47832563],[-2479821.170616644,4885422.847369628],[-2479511.0809959173,4885687.726735023],[-2479198.2832253342,4885892.379922415],[-2478857.9137746664,4886114.666071244],[-2478615.841880805,4886212.494824939],[-2478240.702910693,4886363.285201166],[-2478065.5369313653,4886436.679487543],[-2477693.1536843735,4886593.830048114],[-2477320.5198448626,4886751.236580874],[-2476947.3848256804,4886907.882609966],[-2476574.752816757,4887065.283959715],[-2476289.5459261816,4887232.794203134],[-2476162.231702792,4887303.091831018],[-2475805.8584094397,4887497.919500618],[-2475625.684036488,4887573.436915866],[-2475252.305399994,4887729.30557119],[-2475104.2057896596,4887794.040412331],[-2474733.827997187,4887957.291259129],[-2474363.451140161,4888120.539447129],[-2474101.8011025945,4888284.314528578],[-2473757.443128572,4888500.470448423],[-2473413.0868072547,4888715.851395783],[-2473387.2710061586,4888734.735410279],[-2473057.680240754,4888973.721790202],[-2473042.1471482725,4888975.513285763],[-2472643.549389064,4889020.230122609],[-2472433.5303414213,4888783.649775859],[-2472376.781191966,4888614.312483945],[-2472247.284757069,4888228.199172338],[-2472117.5384058496,4887841.577573988],[-2471988.0411230344,4887455.714474932],[-2471858.545063046,4887069.593412475],[-2471729.052629321,4886683.723199871],[-2471622.7443755246,4886455.695709924],[-2471432.872790303,4886433.665551398],[-2471035.589117289,4886387.329678156],[-2470780.533939384,4886434.5758096],[-2470560.155339034,4886685.119595655],[-2470445.100492971,4886786.495845685],[-2470139.284654696,4887056.635514797],[-2469999.9358697226,4887146.097828003],[-2469658.585434551,4887367.067047644],[-2469317.2363089668,4887587.775737182],[-2469038.3005587594,4887755.409678268],[-2468690.4458171846,4887965.4511799235],[-2468342.592871646,4888174.717784676],[-2468094.252295748,4888299.280195893],[-2467731.6401187014,4888480.064801631],[-2467692.5461607724,4888504.036726739],[-2467345.6967607667,4888716.099577987],[-2466999.5996425576,4888928.147005142],[-2466652.752790265,4889139.69183045],[-2466287.8971747896,4889311.783281689],[-2465922.0393422577,4889484.914387105],[-2465552.223666127,4889581.439777202],[-2465162.6178765837,4889683.415461397],[-2464779.8236473496,4889713.7391711],[-2464721.459074368,4889709.817711319],[-2464321.6654490265,4889685.03407603],[-2463922.375046777,4889659.986636754],[-2463904.8390199393,4889659.502758928],[-2463503.7857936514,4889653.197693198],[-2463103.4816104723,4889646.62474706],[-2462845.1984840347,4889662.8724719],[-2462445.125106683,4889688.341480104],[-2462044.55032473,4889713.305523278],[-2461917.2761363373,4889742.294772891],[-2461524.9275652715,4889832.247362868],[-2461144.1936458703,4889780.735475021],[-2461057.778761164,4889770.345184263],[-2460660.5098814974,4889721.406727608],[-2460585.8830267377,4889687.748905793],[-2460221.2574496255,4889523.674020053],[-2459856.6323675434,4889359.337830016],[-2459687.6549738613,4889187.729632415],[-2459405.0253042933,4888901.044500294],[-2459280.274094031,4888517.953344057],[-2459174.4107507034,4888367.88034732],[-2458941.6606193315,4888038.331777837],[-2458730.169744629,4887763.047317883],[-2458511.920199014,4887477.618389338],[-2458485.1394407884,4887442.668235774],[-2458213.2062594434,4887275.028961071],[-2457872.1596056283,4887064.9190124795],[-2457777.999330929,4887020.805885021],[-2457415.6367724068,4886851.295332484],[-2457310.457192983,4886804.027809329],[-2456945.5835446063,4886640.455939688],[-2456580.45891263,4886476.887063052],[-2456577.7064375426,4886475.648343856],[-2456209.06833284,4886321.879091648],[-2455839.68232352,4886167.863673505],[-2455552.882544296,4886127.896681779],[-2455156.8756475886,4886072.260215378],[-2455130.8244991195,4886073.965592133],[-2454730.2583094807,4886093.018983619],[-2454329.695228024,4886112.325276346],[-2454237.761900109,4886108.943500416],[-2453837.222033443,4886094.400628248],[-2453436.9313268485,4886079.600870905],[-2453276.3638922004,4886073.736532556],[-2452876.073643243,4886059.189387023],[-2452475.7840129007,4886044.383728854],[-2452331.7373582437,4886058.252552616],[-2451931.9161104457,4886096.002459144],[-2451532.0924925148,4886134.005230682],[-2451133.0235154964,4886171.737002048],[-2450732.952305428,4886209.997853177],[-2450333.3820065847,4886247.480186526],[-2450238.942890704,4886251.569885038],[-2449837.8844413324,4886268.561522612],[-2449437.5778154097,4886285.285178342],[-2449072.818711575,4886339.120557517],[-2448674.9902333347,4886398.106995595],[-2448642.4199458747,4886407.8616061155],[-2448256.079076119,4886523.579569904],[-2448086.1710038013,4886634.008182491],[-2447745.601134895,4886855.9011471],[-2447570.7827630914,4887204.082951076],[-2447477.767844234,4887327.1114821145],[-2447229.821193685,4887653.648183779],[-2446982.624396007,4887980.168311963],[-2446930.2216966925,4888059.209109306],[-2446703.0574124856,4888400.782208235],[-2446442.9189735027,4888602.642657584],[-2446120.6264371783,4888851.907721089],[-2445789.6926407507,4888904.665744901],[-2445392.620546418,4888968.229610678],[-2444996.3031246965,4889031.525199373],[-2444723.7760491697,4889017.452182771],[-2444323.5016494435,4888997.229100548],[-2443923.479297673,4888976.489152867],[-2443523.4543017317,4888956.259562238],[-2443319.568244142,4888936.207142624],[-2442921.56044186,4888896.973174125],[-2442523.555645943,4888857.992355991],[-2442124.7975232024,4888818.768110592],[-2441777.577264367,4888886.647330132],[-2441355.219947592,4888938.551236781],[-2441004.0612323154,4888891.894467515],[-2440527.4879145594,4888716.242255176],[-2440133.2742857924,4888623.101629109],[-2439735.269696786,4888583.858263017],[-2439336.7658408177,4888544.364553453],[-2438938.764502825,4888505.630351659],[-2438737.4068935136,4888450.408657766],[-2438351.9703259007,4888344.302519651],[-2437966.5337733254,4888238.709737283],[-2437756.365870917,4888249.770778341],[-2437355.825184448,4888270.551152621],[-2436954.7824295256,4888291.338109674],[-2436751.9733926104,4888149.484620546],[-2436423.725301756,4887919.913523578],[-2436372.8417509114,4887565.4027690515],[-2436230.688316998,4887364.378521435],[-2435997.4376474796,4887034.834693333],[-2435793.9211355713,4886824.023468473],[-2435501.4141510464,4886722.572544457],[-2435162.041178955,4886664.945362178],[-2434907.2869430096,4886678.255896465],[-2434588.185232822,4886648.760674629],[-2434582.4217168977,4886653.9799541505],[-2434277.412049326,4886925.493795899],[-2433972.4066006695,4887196.746487752],[-2433815.235118786,4887388.718102069],[-2433556.040614552,4887705.63480126],[-2433322.4890037314,4887872.419273881],[-2432990.7071308056,4888108.197676163],[-2432939.0826147185,4888145.684647073],[-2432609.8050231263,4888384.23663093],[-2432280.2771740826,4888623.049106499],[-2432074.216629138,4888900.128071705],[-2431829.8014417547,4889229.347230667],[-2431647.575139141,4889442.720878246],[-2431381.1316088308,4889754.0819234075],[-2431201.6251398553,4890032.5207506325],[-2430978.496539001,4890376.76308538],[-2430787.2077871184,4890677.6853300445],[-2430567.3393070446,4891023.915579639],[-2430379.7806910453,4891373.985955795],[-2430186.2052852437,4891736.194258768],[-2430090.2078114077,4891848.461064511],[-2429824.025921474,4892159.786195308],[-2429558.345279247,4892471.098941314],[-2429314.4940232537,4892712.851442391],[-2429162.662192944,4892788.578817665],[-2428799.8713243953,4892969.425994505],[-2428537.0669062333,4893067.679445658],[-2428158.7668756596,4893208.782606581],[-2427826.3001450985,4893364.788154641],[-2427460.00774034,4893536.966792508],[-2427192.182128847,4893661.950730745],[-2426825.39198907,4893833.361061166],[-2426597.6028385204,4894032.291898971],[-2426290.627860897,4894300.654705514],[-2426160.5606706836,4894434.975201286],[-2425875.866284025,4894728.097044933],[-2425807.8689618437,4894950.878259566],[-2425687.937295951,4895344.40682578],[-2425633.927121036,4895652.563829201],[-2425637.330300185,4895848.060804636],[-2425644.6360060833,4896258.013317358],[-2425652.1917935023,4896667.697234999],[-2425662.3716973327,4896843.605989503],[-2425687.7123580603,4897252.746675741],[-2425630.0546235526,4897351.0473546535],[-2425423.48617334,4897706.198017487],[-2425256.351235553,4897847.496665964],[-2424945.386099775,4898110.500983139],[-2424578.6498703747,4898200.6295408085],[-2424187.615082381,4898296.780562005],[-2423900.831584973,4898286.205619128],[-2423500.585164103,4898271.791699013],[-2423305.2077018567,4898294.875590943],[-2422906.1830912945,4898341.433092132],[-2422507.661602044,4898387.978149715],[-2422279.9398647426,4898479.228965726],[-2421904.9139234726,4898629.957714277],[-2421530.140534906,4898780.933783324],[-2421462.7557331794,4898797.634298857],[-2421072.2277320214,4898896.067111049],[-2420681.198021793,4898994.251524138],[-2420473.2884731516,4899037.260241566],[-2420079.2639905,4899117.804008229],[-2419684.488871942,4899198.87470341],[-2419290.9653749373,4899279.663786482],[-2418913.51152354,4899280.503268176],[-2418512.2619155,4899281.71742241],[-2418489.4739492256,4899275.413163732],[-2418103.8031236236,4899171.057777654],[-2417718.132740933,4899066.447118182],[-2417332.4625631743,4898962.089692057],[-2417174.705258216,4898884.372347437],[-2416815.3696377855,4898707.847786138],[-2416456.5341254203,4898531.3113942975],[-2416149.027511174,4898393.940992613],[-2415783.6754135196,4898230.833983864],[-2415616.4289716682,4898093.553984677],[-2415305.7201834903,4897838.867423628],[-2414995.514384257,4897584.168517777],[-2414685.3089114884,4897329.725107942],[-2414513.245692182,4897318.856610872],[-2414113.265557385,4897293.132279402],[-2413761.317547509,4897387.607948045],[-2413480.488337155,4897508.120789299],[-2413272.9855574337,4897763.2958243145],[-2413014.607842851,4898081.024325606],[-2412957.9583098977,4898179.549018763],[-2412750.9120964464,4898533.87693796],[-2412647.8490964896,4898798.927144393],[-2412498.649723838,4899181.802470589],[-2412472.5671499614,4899256.525079631],[-2412337.394006901,4899644.557688178],[-2412201.971221987,4900032.586236981],[-2412203.136968229,4900223.723862694],[-2412204.960324272,4900633.415712879],[-2412207.9511447153,4900663.6051486945],[-2412245.343155634,4901071.195734031],[-2412282.7338945493,4901478.527559729],[-2412290.4603033983,4901566.037182346],[-2412328.606622049,4901973.091726315],[-2412366.5027246056,4902380.916787456],[-2412370.737842232,4902433.888566188],[-2412403.1241603373,4902842.0521072885],[-2412435.5117691453,4903250.465234976],[-2412439.166309316,4903498.170432096],[-2412445.758476148,4903908.006668925],[-2412387.283287619,4904197.418144887],[-2412305.218729978,4904600.43891952],[-2412223.4044898637,4905002.942182999],[-2412080.5209475774,4905310.575437713],[-2411907.055862181,4905682.73624184],[-2411789.268548042,4905861.618332377],[-2411564.7260141536,4906204.598088791],[-2411339.931023627,4906547.576920909],[-2411217.9153707703,4906662.981180235],[-2410921.766734205,4906943.794522435],[-2410625.11989443,4907224.1003179625],[-2410578.7712017843,4907263.766917351],[-2410267.3550028363,4907527.133892665],[-2409956.4400334354,4907790.486231477],[-2409645.026353706,4908053.591070114],[-2409329.3586267666,4908311.11879088],[-2409013.9434338203,4908568.641490889],[-2408697.7756543183,4908826.4262343105],[-2408382.3631089143,4909083.684112445],[-2408149.1652615787,4909152.652827193],[-2407762.426518128,4909267.055755223],[-2407375.437281887,4909381.46033836],[-2406989.448219872,4909496.104014965],[-2406758.9612150714,4909698.228198998],[-2406452.3165889136,4909967.116282119],[-2406146.4240264203,4910236.753847254],[-2405949.2933858777,4910307.200107988],[-2405700.010741344,4910555.458880914],[-2405586.4993334967,4910729.362829224],[-2405365.5211070334,4910970.513571938],[-2405005.0457367776,4911205.899046109],[-2404723.7701867986,4911266.889967642],[-2404237.654451486,4911248.853149568],[-2403789.1283510844,4911160.815086004],[-2403586.3014085917,4911046.405360781],[-2403105.732762174,4910921.723533863],[-2402556.5527114915,4910758.663564093],[-2402075.9824495898,4910633.721449738],[-2401899.4508798234,4910530.940288181],[-2401500.472516473,4910579.158587277],[-2401101.9945439575,4910627.113456479],[-2400703.014637853,4910675.071284269],[-2400425.244431922,4910750.088025602],[-2400036.0185298612,4910854.501133058],[-2399647.292850668,4910959.6695160605],[-2399477.954941284,4911071.161234231],[-2399157.8432556256,4911202.155090451],[-2398843.2767708106,4911225.742218133],[-2398499.6935535846,4911141.689761896],[-2397902.5068361587,4910738.593657597],[-2397504.5634271232,4910699.6955319755],[-2397469.999146553,4910708.172570248],[-2397078.7746568397,4910806.455158483],[-2396688.550503527,4910904.209023279],[-2396413.277346323,4911015.802644749],[-2396038.819441374,4911167.349102142],[-2395915.037261356,4911369.05043441],[-2395730.43251074,4911460.789256116],[-2395367.986252239,4911641.087673039],[-2395123.562647998,4911617.983438419],[-2394724.868845373,4911579.343685406],[-2394583.1373265474,4911522.376166179],[-2394212.2771407035,4911372.659930258],[-2393995.9209991847,4911287.650035773],[-2393623.306879206,4911142.056332601],[-2393251.4440453,4910996.447137625],[-2392878.8333098046,4910850.851327914],[-2392672.000431505,4910737.775090056],[-2392320.6909361007,4910545.744234641],[-2392189.9693273483,4910520.617394558],[-2391797.7994348556,4910444.476711454],[-2391560.3897279906,4910423.308269229],[-2391161.697969231,4910387.474587244],[-2390763.509007076,4910351.891715629],[-2390419.4333070894,4910254.76638539],[-2390034.7900499487,4910145.717178001],[-2389650.1471069027,4910036.669784434],[-2389279.265953464,4909978.6309601385],[-2388883.83922151,4909916.616834542],[-2388541.488504995,4909917.81374206],[-2388140.7866834644,4909919.397803881],[-2387792.4135431675,4909963.2025693795],[-2387393.6998990537,4910013.159888293],[-2387135.72680098,4910095.261207982],[-2386751.2666762806,4910217.4803738035],[-2386366.810243798,4910339.180436545],[-2386222.5524540106,4910366.50844361],[-2385826.840904172,4910440.744490855],[-2385554.84582113,4910509.226801166],[-2385164.1367090642,4910607.455013581],[-2384773.6796120633,4910705.423117595],[-2384660.2195234247,4910744.56356254],[-2384279.0221295496,4910875.936553816],[-2383897.069141838,4911007.061821668],[-2383784.853403203,4911090.74550138],[-2383459.4706077306,4911334.194915207],[-2383133.338012759,4911577.906209662],[-2383101.017624661,4911636.28194434],[-2382901.82348452,4911995.073199882],[-2382702.133475116,4912355.913778944],[-2382578.566778924,4912747.589985864],[-2382455.252981769,4913139.256937152],[-2382451.7072716085,4913293.732945968],[-2382443.0892346525,4913703.602063493],[-2382434.221495964,4914113.469982821],[-2382433.890223513,4914438.95308557],[-2382433.542355168,4914848.683827055],[-2382433.6928918576,4915258.655983123],[-2382505.261751022,4915490.322371037],[-2382625.6303558806,4915878.981131934],[-2382745.9972605025,4916268.144093241],[-2382815.5532106184,4916545.6734475605],[-2382914.383725462,4916941.305774907],[-2383013.2183107603,4917336.679796049],[-2383112.3026769306,4917731.788921481],[-2383111.048497285,4917735.393134977],[-2382952.44536658,4918114.483259344],[-2382794.0952519486,4918493.0503909895],[-2382553.124395682,4918766.368231915],[-2382282.348102375,4919073.164828002],[-2382174.654777374,4919118.855882656],[-2381802.487401448,4919276.396500075],[-2381567.543731859,4919482.271040097],[-2381462.092009342,4919588.09274014],[-2381413.2437442755,4919669.237693933],[-2381198.811439584,4920018.171700359],[-2381196.043953164,4920082.478233323],[-2381174.9299307633,4920491.683802108],[-2381241.516800238,4920639.673120226],[-2381336.390161513,4920849.955879949],[-2381343.6493791845,4920858.5492749335],[-2381601.0334736463,4921169.006640422],[-2381857.9158688653,4921478.958531117],[-2381886.453501458,4921542.529036716],[-2382052.4198499853,4921913.011738422],[-2382143.0353865535,4922138.712660704],[-2382294.2295124913,4922515.560287681],[-2382364.8323089536,4922617.140206557],[-2382594.918388588,4922948.484293453],[-2382722.616514021,4923067.367616994],[-2383016.320822197,4923341.4118393045],[-2383283.477188504,4923638.902041646],[-2383552.6381944474,4923938.151588402],[-2383572.916037005,4923971.889263831],[-2383781.9687455636,4924317.881605569],[-2383991.0194760733,4924664.382056314],[-2384015.7712831567,4924922.566322822],[-2384055.528320001,4925329.507531102],[-2384095.2864247863,4925736.703584035],[-2384050.183306581,4925914.284990545],[-2383947.954637496,4926311.8694935655],[-2383736.2979787826,4926645.588273223],[-2383516.880731675,4926991.964796454],[-2383297.211254475,4927337.312812543],[-2383075.3046620646,4927592.84441463],[-2382808.0642696656,4927901.795877511],[-2382586.1481712246,4928233.088467129],[-2382553.823726193,4928390.4931535525],[-2382470.3873901395,4928792.104708658],[-2382469.380567819,4928833.587066119],[-2382452.558383035,4929242.878480052],[-2382436.237479549,4929652.15704882],[-2382435.7328279773,4929673.153072328],[-2382419.413598664,4930082.4261535],[-2382415.146376545,4930184.104527861],[-2382400.3309601923,4930593.348182855],[-2382404.5858737365,4930615.041332618],[-2382485.185398893,4931015.144188604],[-2382566.034758593,4931414.984834974],[-2382760.8378255484,4931695.604012772],[-2382990.946451019,4932026.872186503],[-2383042.0251172166,4932121.81829435],[-2383234.8192071556,4932478.221831745],[-2383426.8633728833,4932834.122935116],[-2383490.445423114,4933188.392471495],[-2383562.0338956444,4933590.399686802],[-2383562.532587775,4933643.370514212],[-2383560.251760231,4934052.637214845],[-2383545.4745206186,4934083.576223176],[-2383365.8987788428,4934452.285580979],[-2383185.825053945,4934820.9999126075],[-2383155.5215976755,4934860.105109476],[-2382905.082753115,4935183.050412769],[-2382653.897316993,4935506.256396904],[-2382466.5663108053,4935856.382483466],[-2382273.226452936,4936217.600390906],[-2382281.9830871876,4936417.842446287],[-2382299.996835066,4936826.507946996],[-2382296.4870330943,4936928.410244337],[-2382281.1981808417,4937338.088937438],[-2382123.9289550674,4937529.844432106],[-2381864.739376774,4937845.975020743],[-2381677.172003102,4937991.102797977],[-2381354.632370867,4938239.098415722],[-2381346.8693547775,4938243.822962691],[-2380994.779313172,4938445.177996539],[-2380643.441247772,4938646.521066146],[-2380291.607352311,4938847.865463417],[-2380242.5231505074,4938869.591941996],[-2379873.660582632,4939034.090196664],[-2379503.7968515446,4939198.344013121],[-2379233.6009938624,4939280.22736942],[-2378848.2133200676,4939397.628813728],[-2378462.8264171034,4939514.260604463],[-2378363.9138441235,4939534.694840845],[-2377969.2605413976,4939614.361871891],[-2377575.3615304,4939694.015488156],[-2377538.049283338,4939697.395398886],[-2377138.1410139296,4939733.384613968],[-2376738.9841518956,4939769.617533989],[-2376339.0769322636,4939805.603498988],[-2376198.8479786036,4939903.418410919],[-2375864.799872318,4940135.425746869],[-2375531.506613985,4940367.415056531],[-2375526.251131473,4940606.47137315],[-2375517.7446429417,4941015.975875838],[-2375692.283556945,4941233.3764295885],[-2375944.455129,4941547.596470314],[-2376192.365068735,4941751.351099697],[-2376502.880966779,4942006.350741499],[-2376812.8976637153,4942260.589102809],[-2377070.8246572968,4942484.91127464],[-2377373.3310125587,4942748.215245785],[-2377676.0835772348,4943011.767626611],[-2377979.3418383063,4943275.313467429],[-2378282.0954159307,4943538.608551573],[-2378379.006737369,4943572.704660977],[-2378755.880288455,4943704.910538846],[-2378859.052626785,4943811.062102329],[-2378826.7566855527,4943957.122521476],[-2378916.167648259,4944329.812053239],[-2379010.5913237687,4944726.211953616],[-2379063.1882049763,4944954.1331721535],[-2379155.358633985,4945351.073473643],[-2379205.450507673,4945534.258773311],[-2379312.896852965,4945926.356420859],[-2379308.9091943465,4946234.433028358],[-2379302.6734543922,4946643.586616558],[-2379326.4725912726,4946819.998675974],[-2379380.5901899803,4947224.655261486],[-2379403.9030971257,4947576.051066915],[-2379431.2270066165,4947983.914252887],[-2379457.8015753077,4948391.530066508],[-2379491.3643854046,4948494.624836282],[-2379616.852349051,4948881.301652192],[-2379742.5899785133,4949267.71401422],[-2379762.1328162225,4949402.993599712],[-2379821.0160960406,4949806.780828242],[-2379880.4005721547,4950211.319924629],[-2379928.493782642,4950371.744947],[-2380044.7238091053,4950761.355387277],[-2380138.3963097315,4950968.4114029985],[-2380305.7070767162,4951337.549491887],[-2380305.7260615616,4951514.552429889],[-2380304.7690205094,4951923.564563401],[-2380297.7661386156,4952002.448953947],[-2380262.0061631193,4952410.444811603],[-2380225.494260639,4952818.443684114],[-2380189.73771061,4953226.6822875375],[-2380161.45571921,4953354.993364694],[-2380073.614948038,4953755.566247994],[-2380097.428260562,4953931.94090075],[-2380152.0689220782,4954336.247669787],[-2380262.030968375,4954575.778670334],[-2380431.357102424,4954944.079650506],[-2380454.9182825545,4955120.454934755],[-2380509.565947849,4955525.001639977],[-2380512.8393395455,4955652.318679937],[-2380521.9164701696,4956061.380994102],[-2380455.576128467,4956170.81523365],[-2380242.787368114,4956520.802356411],[-2380057.0329906805,4956813.858832365],[-2379837.9859210383,4957159.839055458],[-2379632.2116954164,4957498.197187983],[-2379419.4294779645,4957848.420021918],[-2379285.0065757236,4958096.193555295],[-2379090.0065657813,4958456.624992479],[-2378894.2574042305,4958816.805547197],[-2378699.263592327,4959176.969031786],[-2378651.4506042125,4959256.4483197555],[-2378441.180787211,4959607.629775315],[-2378230.161842124,4959958.814147327],[-2378210.8906240338,4960012.802118784],[-2378073.248025773,4960398.682795556],[-2378055.4725874653,4960408.15564849],[-2377696.436204474,4960596.10206717],[-2377312.850133784,4960720.490499296],[-2377109.545403847,4960811.493333079],[-2376740.9942896413,4960976.817222663],[-2376620.5635454054,4961037.941423428],[-2376259.2774091777,4961220.7959174225],[-2376109.302161266,4961281.847190654],[-2375734.741197556,4961433.192216024],[-2375624.8217706694,4961462.9606345855],[-2375236.22872266,4961567.719546925],[-2374996.105556043,4961596.361822351],[-2374597.4832848962,4961643.735839103],[-2374420.7103456133,4961676.033713105],[-2374025.8516561864,4961749.430839304],[-2373630.493785408,4961822.063925366],[-2373261.1916278633,4961965.386271334],[-2373244.4190172055,4961975.865571507],[-2372897.4181157877,4962186.608467711],[-2372551.922771279,4962397.328116169],[-2372377.230429184,4962745.095036738],[-2372372.2805609065,4962984.737618183],[-2372363.866828251,4963393.942282681],[-2372367.6253849687,4963411.271263661],[-2372458.6176910135,4963808.24853312],[-2372452.621539585,4963861.261487198],[-2372410.658451399,4964268.395102767],[-2372368.694411056,4964675.77958592],[-2372308.6451209118,4964846.687814356],[-2372174.0345501048,4965234.222734108],[-2372081.9343840475,4965400.234982583],[-2371883.9707752774,4965758.535896287],[-2371678.7231927672,4966032.065893956],[-2371433.68159087,4966359.102581971],[-2371187.888056953,4966686.142356584],[-2371000.1772221075,4966975.759154002],[-2370777.175396572,4967319.069545691],[-2370554.928776896,4967662.106795262],[-2370482.5882793553,4967737.314466436],[-2370199.9853530275,4968031.390986711],[-2369917.3839387163,4968325.4654658055],[-2369634.5329239066,4968619.792429384],[-2369465.0909457873,4968849.0425279895],[-2369222.06546615,4969177.789986608],[-2368979.041563938,4969506.278489488],[-2368915.2183111496,4969587.997164897],[-2368663.932842725,4969910.210352053],[-2368412.897434045,4970232.414598844],[-2368161.11277397,4970554.371088134],[-2367986.7045683023,4970886.677191079],[-2367796.0305514345,4971249.380268488],[-2367605.358229513,4971611.821176029],[-2367471.2679477744,4971949.3966388665],[-2367319.9176254934,4972330.670575965],[-2367168.317768066,4972711.4323208295],[-2367061.74878586,4972977.279211849],[-2366909.3982952917,4973357.529248562],[-2366756.8040609546,4973738.033392216],[-2366692.0567471595,4974019.097626426],[-2366599.061235212,4974418.1360838935],[-2366583.55709718,4974471.011275339],[-2366466.0224330965,4974863.505062555],[-2366342.3764869547,4974973.943769917],[-2366038.5163575425,4975245.226648603],[-2365852.029691491,4975373.456045916],[-2365517.3568032193,4975603.275727919],[-2365327.3468960878,4975675.8417474],[-2364950.076340847,4975819.395766759],[-2364573.0605976847,4975962.943240516],[-2364196.043065535,4976106.744314253],[-2363952.365031262,4975956.48938565],[-2363844.599320605,4975695.113759383],[-2363690.219305864,4975320.190056359],[-2363501.370067406,4975158.901602214],[-2363320.8471188815,4975165.135991325],[-2362920.4965235046,4975179.714680045],[-2362816.348989689,4975212.679045633],[-2362431.5639855056,4975333.3388655875],[-2362295.4365078034,4975534.66871146],[-2362181.024724833,4975562.162188388],[-2361789.4686087524,4975657.102230362],[-2361469.9518848914,4975577.213927531],[-2361082.579839365,4975480.939749573],[-2361049.523257452,4975466.604091386],[-2360681.405053448,4975309.994362547],[-2360313.7867607623,4975153.379093255],[-2360328.80228135,4975132.201233956],[-2360563.7758284668,4974798.067212258],[-2360799.5046011424,4974463.916644909],[-2360828.9374073297,4974178.282236861],[-2360817.1684580706,4974172.834698645],[-2360456.3072778154,4974000.270479418],[-2360095.694845353,4973827.701537603],[-2359734.831562182,4973655.1352166],[-2359373.9714653133,4973482.824161109],[-2359013.359824728,4973309.742067639],[-2358876.4910548176,4973540.732815414],[-2358612.6750758896,4973757.233837238],[-2358462.526161719,4973953.660393647],[-2358140.3349676877,4974074.924312784],[-2357980.0355898715,4973925.476969973],[-2357686.737067753,4973651.22847644],[-2357659.1418838133,4973512.09813511],[-2357579.8703612597,4973112.547818255],[-2357553.833961475,4973121.618780954],[-2357171.808479838,4973248.617307834],[-2356789.530256731,4973376.639466432],[-2356407.255402021,4973504.1465834165],[-2356024.7274160045,4973631.6574615175],[-2355642.454170401,4973759.159193039],[-2355534.655254022,4973407.822103573],[-2355336.7356697572,4973095.1152578555],[-2355120.78171519,4972754.046368591],[-2354804.770671952,4972663.612405833],[-2354704.1267655003,4972680.9326260155],[-2354308.0562798968,4972747.561612943],[-2353911.7380752303,4972814.448678019],[-2353515.923018407,4972881.836368856],[-2353298.387952224,4972989.543265863],[-2352936.416625784,4973169.639868914],[-2352924.419299259,4973221.691981649],[-2352832.6883919956,4973620.923037898],[-2352948.244182437,4973948.117066405],[-2352953.5633333065,4974106.732230138],[-2352968.0015687193,4974515.128218569],[-2352916.9313836927,4974531.718767958],[-2352534.1614908627,4974657.931535952],[-2352132.8145930865,4974658.690372097],[-2351731.716536432,4974659.444185884],[-2351331.3723198157,4974659.9292475935],[-2351205.922028175,4974630.332886872],[-2350817.05571724,4974538.911115471],[-2350618.422873402,4974321.797981496],[-2350286.374059524,4974188.404351298],[-2349915.0091585056,4974039.74098759],[-2349782.80702035,4974021.484902401],[-2349386.4469009093,4973967.7349242605],[-2349189.1750995624,4974018.145228842],[-2348983.200824311,4974215.613644862],[-2348688.8798224246,4974496.904743137],[-2348395.062943899,4974778.949970522],[-2348127.9646839835,4974889.656931891],[-2347935.918862786,4974860.262718401],[-2347540.808653318,4974800.608824299],[-2347144.9478053404,4974740.454941829],[-2346749.840903465,4974680.545347239],[-2346472.008997322,4974866.525804877],[-2346135.109180086,4975092.203351335],[-2345897.630818091,4975371.110254847],[-2345675.822263455,4975414.454653819],[-2345607.686290616,4975332.149392627],[-2345350.6744036293,4975022.883461302],[-2345093.411652147,4974712.596229165],[-2345050.335071977,4974681.538864131],[-2344725.5074384105,4974446.588250781],[-2344411.757593789,4974356.358002477],[-2344023.4679010217,4974432.277542266],[-2343820.4907207494,4974594.675939254],[-2343503.384992752,4974848.418680394],[-2343186.029653583,4975102.670559085],[-2342868.9265928143,4975356.404578876],[-2342691.6026221425,4975207.973454208],[-2342384.2884818004,4974950.028862816],[-2342341.70050495,4974887.536968114],[-2342115.2217521626,4974553.552050359],[-2341888.495477767,4974219.565027902],[-2341867.7268206156,4974247.463844785],[-2341623.5126929395,4974574.238767752],[-2341378.7979995185,4974901.27190515],[-2341178.494269632,4974878.376682269],[-2340780.895762004,4974833.048711871],[-2340383.543129912,4974787.459723572],[-2339986.1936019193,4974741.872388979],[-2339890.972335946,4975117.061447167],[-2339790.2535633803,4975514.298027254],[-2339505.5358772385,4975397.321030313],[-2339135.4311708244,4975245.55327836],[-2339006.9541819864,4975156.2028560685],[-2338677.6229250897,4974927.447032083],[-2338601.500600675,4974903.256695446],[-2338220.891456235,4974781.279108648],[-2337839.7831535493,4974659.56412105],[-2337777.943869883,4974659.181820112],[-2337377.36148915,4974655.791724436],[-2337375.612645728,4974664.247540814],[-2337282.908200848,4975062.896155261],[-2337190.7055074656,4975462.300461134],[-2337210.831495384,4975672.53586541],[-2337250.073726011,4976079.224222042],[-2337289.0688122944,4976485.144786883],[-2337328.568075171,4976891.565410369],[-2337330.8275994062,4976907.116498242],[-2337390.6049311003,4977310.171087366],[-2337452.2574933185,4977441.106897714],[-2337623.9307422936,4977808.302139917],[-2337795.605007163,4978175.2377213165],[-2337970.194815086,4978359.974652083],[-2338246.2356346697,4978652.839681275],[-2338521.7771859197,4978944.94653546],[-2338797.568178344,4979237.810852856],[-2339131.149423462,4979441.190679113],[-2339357.0876384634,4979668.353036399],[-2339639.6359990486,4979953.963546347],[-2339922.435901104,4980239.05597472],[-2340205.73914381,4980524.905088676],[-2340376.3402743298,4980734.981323928],[-2340630.6144295777,4981047.814862825],[-2340800.1622616127,4981149.3336361265],[-2341143.2616526545,4981355.1200958025],[-2341227.1432069386,4981379.452212174],[-2341611.5067970683,4981489.867246353],[-2341995.3654692555,4981600.03517241],[-2342379.7268877737,4981710.448321955],[-2342764.091491053,4981821.116739277],[-2343148.453498617,4981931.527962812],[-2343434.9607552304,4982117.181250392],[-2343771.060619861,4982334.813849342],[-2344107.1581338854,4982552.445160935],[-2344443.2559257178,4982769.81887925],[-2344779.3543904326,4982987.70380282],[-2344965.7312117512,4983194.216164482],[-2345235.777347748,4983492.753436348],[-2345307.2118278295,4983649.8387259785],[-2345476.148152987,4984018.2975883875],[-2345645.0881278724,4984386.237317406],[-2345814.02663901,4984754.432396631],[-2345844.3393779253,4984789.243947259],[-2346110.885965723,4985091.395979755],[-2346376.6821354507,4985392.790629827],[-2346642.978859286,4985694.685412131],[-2346908.776461537,4985996.075435116],[-2347175.074620872,4986297.9655824015],[-2347441.373638873,4986600.109649604],[-2347707.173393363,4986901.492727054],[-2347807.1613696422,4987072.2014591405],[-2348011.3979490288,4987420.701551089],[-2348216.389163009,4987769.443365701],[-2348243.2252318026,4987854.107434784],[-2348368.120410068,4988240.52962541],[-2348616.141674864,4988532.9611996785],[-2348875.940845724,4988840.289641256],[-2349025.0626024487,4989117.293010561],[-2349216.792227994,4989472.596867127],[-2349247.597502093,4989487.986465289],[-2349606.7158119045,4989664.637577219],[-2349747.0610907506,4989915.199666528],[-2349945.051068243,4990267.595971058],[-2350142.7909242576,4990619.989562334],[-2350204.5706202346,4990950.087468857],[-2350279.6627646843,4991350.221232394],[-2350355.258767023,4991750.33994542],[-2350430.354142425,4992150.719956353],[-2350460.492055207,4992309.896700433],[-2350535.3410330573,4992710.0171384495],[-2350515.980487189,4992990.699940183],[-2350488.1892940593,4993398.932261491],[-2350460.3970016567,4993806.905367697],[-2350432.1095669353,4994214.620765656],[-2350404.321063393,4994622.835465709],[-2350360.0203567618,4994640.841248288],[-2349985.8276555627,4994792.04872957],[-2349785.326258548,4994852.140565142],[-2349399.5974794077,4994967.248802779],[-2349190.6161738653,4995072.659772243],[-2348884.998171568,4995184.565806765],[-2348506.796564565,4995323.819294194],[-2348127.845100688,4995463.080773108],[-2347863.098669221,4995669.637253843],[-2347823.0558541575,4995689.62019544],[-2347460.6530668247,4995868.728173741],[-2347098.5026159985,4996048.079697275],[-2346736.355782542,4996227.1772854775],[-2346574.4086665264,4996277.508567643],[-2346190.1888876464,4996397.167562283],[-2345805.724417034,4996517.083664185],[-2345421.5089484476,4996636.737472109],[-2345400.4801196367,4996639.848764624],[-2345003.2071849867,4996699.430687455],[-2344605.9346518707,4996758.754564716],[-2344230.6798743806,4996798.864852747],[-2343831.6445309124,4996841.105057301],[-2343581.0350842974,4996831.167570897],[-2343181.211135617,4996815.201800424],[-2342780.885266992,4996799.241602375],[-2342776.3769732956,4996797.262745271],[-2342399.51083841,4996665.045191924],[-2342021.891206984,4996532.3308317615],[-2342016.880277239,4996529.846870563],[-2341659.510226047,4996350.881759428],[-2341477.491785036,4996332.808020447],[-2341079.4059155695,4996292.55690636],[-2340681.8202691893,4996252.804140852],[-2340493.073643733,4996280.531402863],[-2340096.307372307,4996338.810828206],[-2339698.7883849572,4996397.355295845],[-2339680.5154607384,4996402.213352839],[-2339290.5355232856,4996499.454169331],[-2338941.36082252,4996595.6021594005],[-2338553.3898489056,4996702.768090521],[-2338519.8493631645,4996711.928284843],[-2338130.6248036916,4996812.984869311],[-2337741.1475574495,4996914.805486831],[-2337350.4237315324,4997016.89769466],[-2336977.2586371414,4997170.820412645],[-2336604.3461241787,4997325.502064511],[-2336516.494019587,4997354.586992822],[-2336134.2985693743,4997481.5674984045],[-2335751.3559995494,4997608.558821117],[-2335369.1619718065,4997735.280678509],[-2335341.384927915,4997752.783390059],[-2334998.3112637713,4997968.0414932305],[-2334655.236019748,4998183.298530923],[-2334311.662062418,4998398.046553593],[-2334231.337477986,4998450.762131305],[-2333892.273726981,4998672.0773080215],[-2333552.4632700533,4998893.401937114],[-2333361.7925896007,4999024.269637391],[-2333027.2445964394,4999253.682882307],[-2332919.3532297295,4999260.579655471],[-2332518.81839222,4999286.190315592],[-2332118.7894408074,4999312.304389448],[-2331719.006399318,4999338.157287092],[-2331472.5434870813,4999508.612737982],[-2331139.0025747633,4999739.271981137],[-2330805.462913232,4999969.927054292],[-2330535.0161168603,5000207.083044134],[-2330229.2950804387,5000475.114226802],[-2329963.0429912154,5000626.691905175],[-2329839.664889775,5000681.79196555],[-2329470.283010428,5000845.807392399],[-2329101.9016712876,5001010.311973929],[-2328732.521863264,5001174.3210183075],[-2328456.850249264,5001111.352119671],[-2328067.253839403,5001022.175666898],[-2327799.8280536816,5000939.689162739],[-2327417.7196941064,5000821.305599485],[-2327270.7674856996,5000815.98418362],[-2326870.9647905403,5000802.2483559055],[-2326470.6596254944,5000787.753313774],[-2326343.725879814,5000773.215799325],[-2325945.903677569,5000727.541738795],[-2325548.82970121,5000681.855975168],[-2325489.2259782907,5000647.986735918],[-2325140.856209697,5000450.501101881],[-2324793.23765857,5000253.259724679],[-2324527.021216163,5000110.255680767],[-2324174.6517876247,4999921.504563367],[-2323822.0339544187,4999732.243681293],[-2323469.165149435,4999542.729139304],[-2323345.703200612,4999479.128762519],[-2322989.585874839,4999296.043662104],[-2322634.2197322776,4999113.197281484],[-2322579.4070818005,4999130.820121274],[-2322196.485131333,4999256.46107504],[-2321813.30969241,4999381.593624273],[-2321431.1397760184,4999506.965385383],[-2321379.0573912906,4999492.128813592],[-2320995.457978682,4999381.154405839],[-2320982.652251574,4999329.006788229],[-2320885.2273224695,4998933.971265536],[-2320878.181894759,4998547.865702572],[-2320870.120091201,4998139.813912833],[-2320791.4151688484,4998006.148683803],[-2320585.3832993424,4997658.578614595],[-2320338.0016307943,4997592.643425659],[-2319951.9062235337,4997490.123654882],[-2319849.056994903,4997545.439659515],[-2319492.7185557266,4997737.075599213],[-2319286.0219523883,4997847.715945201],[-2318929.9333782378,4998039.086648472],[-2318573.5949205086,4998230.713394543],[-2318561.330697622,4998230.886699755],[-2318161.0572620514,4998251.084709044],[-2317760.787039848,4998271.284131198],[-2317469.577072904,4998180.690487139],[-2317087.7273301515,4998062.02483791],[-2316774.9421708044,4997904.856664957],[-2316762.4215419097,4997897.888498872],[-2316411.3076348635,4997705.015503693],[-2316256.0453498345,4997631.90199374],[-2315894.1857313947,4997461.64327009],[-2315532.3238666155,4997291.636793959],[-2315153.35098295,4997336.288338419],[-2314755.3546792124,4997383.249318846],[-2314646.747281719,4997434.044386327],[-2314281.3874967704,4997605.618893179],[-2314200.614123917,4997717.792781581],[-2314024.4983081124,4997878.273228595],[-2313723.8032677067,4998151.793010575],[-2313673.809676987,4998245.152721106],[-2313514.624031915,4998609.839391518],[-2313350.941608786,4998985.050814066],[-2313290.0069564655,4999175.805872055],[-2313166.141995387,4999565.76055193],[-2313042.2789490386,4999955.709084278],[-2312959.7840821906,5000102.606766844],[-2312759.0453230864,5000458.914178427],[-2312748.0508294497,5000804.132983281],[-2312735.104308624,5001212.92251896],[-2312754.7424872695,5001352.759937735],[-2312811.1370872785,5001756.48607516],[-2312890.427060129,5001990.169828975],[-2313021.1573584843,5002374.467235843],[-2313034.7911211434,5002519.99936799],[-2313073.668233189,5002925.998667565],[-2313112.047546016,5003331.996618467],[-2313105.801547684,5003653.122717307],[-2313096.622524873,5004061.054411363],[-2313065.0996321863,5004391.205310413],[-2313025.635628117,5004798.020012548],[-2313008.0262802946,5004997.819748553],[-2312973.069431385,5005405.327407428],[-2312896.6762660868,5005652.646600876],[-2312776.3468767717,5006043.731643008],[-2312734.582969764,5006090.501496931],[-2312466.2391508142,5006397.145260148],[-2312389.80330221,5006590.35958913],[-2312238.679779363,5006970.120239523],[-2312206.798198958,5007158.110578291],[-2312138.304749172,5007561.202465475],[-2312140.4986197376,5007782.141133587],[-2312144.8559665373,5008190.3296048725],[-2312148.464283975,5008598.269521415],[-2312203.1296352134,5008992.732006503],[-2312258.5550485286,5009396.109243168],[-2312314.7331885644,5009799.979694434],[-2312272.528162463,5010192.9707444785],[-2312229.084138846,5010599.496438504],[-2312185.890148791,5011005.756503668],[-2312127.54468184,5011261.698971852],[-2312036.536945051,5011660.706196263],[-2311974.5580291357,5011772.548868445],[-2311777.1294197137,5012130.170592191],[-2311579.6999118086,5012487.786164891],[-2311381.772784366,5012845.402495379],[-2311369.036148616,5012877.213474962],[-2311216.9405355914,5013256.633701424],[-2311064.596213108,5013636.562849332],[-2310912.004517819,5014015.468187863],[-2310759.6638334836,5014395.128588637],[-2310716.3287356393,5014631.438563099],[-2310642.8650366217,5015033.972580449],[-2310703.074613703,5015174.964107612],[-2310863.384069359,5015546.949859179],[-2310911.778885106,5015634.026706258],[-2311109.116187834,5015986.871886444],[-2311122.6563080847,5016011.683000118],[-2311223.7065794193,5016190.620562049],[-2311355.0013246406,5016322.715729686],[-2311637.3866990823,5016608.052209872],[-2311733.300244376,5016652.891236681],[-2312095.4266634188,5016823.09997414],[-2312159.0171077074,5016830.380336282],[-2312556.819112385,5016876.6368832495],[-2312764.314676853,5016856.410556325],[-2313163.5396125675,5016817.705309238],[-2313359.2850528033,5016811.667198024],[-2313759.2869503936,5016799.733672562],[-2314160.287983805,5016787.525899552],[-2314379.6349409353,5016854.623289812],[-2314761.738092891,5016971.494419925],[-2315079.328938293,5017161.706013211],[-2315422.4664996522,5017367.117461588],[-2315651.210799524,5017578.201753527],[-2315946.6033744365,5017850.343036041],[-2316053.331001331,5017945.02071586],[-2316353.7245809822,5018211.221251256],[-2316462.874024855,5018478.293977436],[-2316616.933736459,5018853.145523632],[-2316770.2469239617,5019228.003276702],[-2316719.88341155,5019435.814921156],[-2316623.4006784232,5019833.009946907],[-2316526.9171572914,5020230.198545349],[-2316367.087545294,5020355.610487909],[-2316048.428552712,5020606.670081533],[-2316045.927424839,5020608.490250256],[-2315746.317716403,5020883.000318416],[-2315446.2070068014,5021157.259289174],[-2315146.851389527,5021431.755837161],[-2315074.841826542,5021512.581732146],[-2314805.054977986,5021818.030850945],[-2314535.2690027333,5022122.712523794],[-2314265.4876854033,5022427.641502001],[-2314160.9446819318,5022516.819201209],[-2313852.0728886905,5022780.456217123],[-2313543.2030550526,5023044.600047509],[-2313370.587272366,5023145.682753424],[-2313020.8551453836,5023349.945800048],[-2312671.874739626,5023554.194568679],[-2312607.0869052703,5023594.617590145],[-2312264.1263959156,5023809.486823413],[-2311920.6678780233,5024024.617521422],[-2311747.8465358997,5024166.746806434],[-2311434.2243900276,5024425.064066894],[-2311407.4736162596,5024456.798127326],[-2311144.4678101814,5024767.4530717665],[-2310880.7155885464,5025077.854077297],[-2310617.214208549,5025389.013442901],[-2310605.4684232,5025408.555128426],[-2310392.8248174232,5025756.999111748],[-2310179.9292012635,5026105.443030458],[-2310076.697620018,5026476.846047873],[-2310055.7990008327,5026593.915707264],[-2309985.394743025,5026996.734932891],[-2309914.241065123,5027398.790638686],[-2309769.95524414,5027760.796477771],[-2309618.932619186,5028140.479013249],[-2309468.6597807757,5028520.147538858],[-2309463.915651745,5028529.64564347],[-2309283.0934931054,5028895.704645261],[-2309102.2765928223,5029262.265902472],[-2308943.8386607547,5029495.429946699],[-2308715.682008454,5029833.312955139],[-2308598.4151467243,5029948.627879146],[-2308308.627623339,5030234.065761418],[-2308241.0095378244,5030427.728760572],[-2308110.483163139,5030546.537784563],[-2307810.1721343724,5030820.381432676],[-2307795.671038604,5030834.854626465],[-2307502.376377927,5031116.243992021],[-2307208.8346186574,5031397.37861195],[-2307204.58891384,5031405.592548408],[-2307001.744267005,5031760.170865626],[-2306981.3429511976,5031868.030436449],[-2306903.7081295773,5032269.06685784],[-2306891.090062709,5032396.956218409],[-2306885.4717726745,5032736.836979409],[-2306879.185886808,5033144.788809178],[-2306872.1513506556,5033552.741917709],[-2306865.1184257744,5033960.435935569],[-2306858.837952512,5034368.110707906],[-2306861.4095033132,5034426.702294007],[-2306882.9119290453,5034833.481887656],[-2306903.4176075067,5035240.524888595],[-2306924.176234256,5035647.558502671],[-2306945.4336975995,5036054.835075765],[-2306965.94430658,5036461.348804572],[-2306987.20822668,5036868.613413653],[-2307014.722281278,5037061.432882738],[-2307017.5408624196,5037115.174153362],[-2307039.557972461,5037522.163320712],[-2307061.3285911987,5037929.149910573],[-2307083.348779556,5038335.615795251],[-2307105.120340796,5038742.5904932255],[-2307127.3962692907,5039149.808047007],[-2307149.422152481,5039556.511711764],[-2307171.199451151,5039963.468481739],[-2307192.978117728,5040370.163614494],[-2307197.074526806,5040442.482581038],[-2307221.608871231,5040848.88036908],[-2307245.8946033944,5041255.784109921],[-2307270.184951092,5041662.681841932],[-2307294.474074602,5042069.317995579],[-2307319.0158284605,5042475.68913005],[-2307343.3089889064,5042882.568980985],[-2307367.6067697206,5043289.442811769],[-2307391.9029994984,5043695.79944156],[-2307416.2041755104,5044102.405683461],[-2307440.504128795,5044508.753169403],[-2307464.8093600767,5044915.603060157],[-2307488.862603556,5045322.450396409],[-2307513.1712376457,5045729.032682219],[-2307537.478979643,5046135.609010523],[-2307529.6393989073,5046266.167739157],[-2307542.839127917,5046406.634058789],[-2307581.4175698734,5046812.495878393],[-2307619.99718033,5047217.846252625],[-2307673.1818832834,5047310.885404724],[-2307684.2709595202,5047366.786812819],[-2307761.1378102177,5047765.2409026185],[-2307837.7593800095,5048164.709671159],[-2307914.630658789,5048563.916869442],[-2307991.254971533,5048962.86641874],[-2308068.6318537733,5049362.053155976],[-2308145.256828061,5049760.991884489],[-2308221.8869647495,5050160.436277169],[-2308298.5181253674,5050559.36409507],[-2308375.9015175193,5050958.276336861],[-2308452.5333473897,5051357.193319659],[-2308529.170349354,5051756.613120297],[-2308606.3081495855,5052155.767980892],[-2308682.9478937606,5052554.668588038],[-2308760.0894840723,5052954.065458553],[-2308836.7326700767,5053352.954987341],[-2308913.62626542,5053752.091424422],[-2308990.2725401763,5054150.714689461],[-2309067.4206741704,5054549.836826599],[-2309144.5705306893,5054948.95069323],[-2309220.9712483636,5055347.816494949],[-2309229.3592164167,5055615.146021691],[-2309292.9372367426,5055972.913312107],[-2309363.8392391866,5056372.858261743],[-2309435.4918298763,5056773.551318385],[-2309506.3973366097,5057173.485179442],[-2309577.3025665316,5057573.921723554],[-2309648.711366752,5057974.093266191],[-2309719.6193779963,5058374.010517483],[-2309790.5326411542,5058774.430348625],[-2309861.9439506237,5059174.582454401],[-2309932.8599949107,5059574.483001046],[-2310003.775413174,5059974.633503774],[-2310075.194763313,5060374.768889141],[-2310145.86575659,5060775.1670596665],[-2310217.2858761707,5061175.291341894],[-2310288.7105241707,5061575.412824037],[-2310359.386056701,5061975.280710328],[-2310430.814237528,5062375.390870383],[-2310501.490549221,5062775.250276227],[-2310572.922647032,5063175.602095414],[-2310644.105052864,5063575.699053673],[-2310715.540311306,5063975.784255599],[-2310786.2264664737,5064375.621292809],[-2310857.414187491,5064775.698682072],[-2310928.6044625733,5065176.281334665],[-2310999.794966334,5065575.842293579],[-2311071.239492718,5065976.154959272],[-2311141.6834458075,5066375.9673871165],[-2311212.880057142,5066776.016787375],[-2311284.0784541746,5067176.06339001],[-2311355.2790256096,5067576.356984996],[-2311426.232662635,5067976.392878982],[-2311497.4356191587,5068375.914660264],[-2311568.3908612244,5068776.44735348],[-2311639.597782797,5069176.2105035335],[-2311711.3094523605,5069576.469309319],[-2311782.269270965,5069976.479962938],[-2311853.4811521345,5070375.970884264],[-2311924.4453583467,5070776.478415341],[-2311995.412904827,5071176.2166050505],[-2312066.37988801,5071576.201944939],[-2312138.1023194916,5071976.429786723],[-2312209.072489221,5072376.151301281],[-2312280.0448614103,5072776.119735826],[-2312351.521602939,5073176.331023081],[-2312422.4999245745,5073576.035767455],[-2312493.977509308,5073976.235976706],[-2312564.9590147934,5074375.673920343],[-2312635.692493664,5074775.875582264],[-2312707.1754904645,5075176.05883725],[-2312778.662218101,5075575.728541893],[-2312727.697739343,5075632.655461508],[-2312660.499905419,5075708.886244793],[-2312592.7968460014,5075784.868037608],[-2312524.350378493,5075863.404247106],[-2312486.4638276496,5075958.33553488],[-2312448.5765612437,5076052.752930546],[-2312410.190035942,5076147.179331865],[-2312372.3034590497,5076241.853991249],[-2312334.4174319957,5076336.780732509],[-2312296.53069616,5076431.199201238],[-2312258.6445102007,5076525.869751741],[-2312221.0091133253,5076620.283846647],[-2312183.1240389044,5076715.464340435],[-2312144.486935341,5076809.63571795],[-2312106.852357737,5076904.304004564],[-2312068.9672560496,5076999.227697394],[-2312031.0846208455,5077093.89560313],[-2311993.1989376913,5077188.310603661],[-2311955.3142376137,5077283.235794483],[-2311916.929420796,5077377.653744749],[-2311879.044559396,5077472.322928684],[-2311841.1602516044,5077567.243829682],[-2311823.9912284934,5077627.279435378],[-2311796.624729865,5077725.3682082],[-2311768.5079027656,5077823.469298819],[-2311741.1416718205,5077921.557198246],[-2311713.525356101,5078020.158596296],[-2311685.4080747254,5078117.747766487],[-2311657.7920283685,5078216.348285617],[-2311629.9265183057,5078314.18855761],[-2311602.3103119936,5078412.53289743],[-2311574.193994835,5078510.375622106],[-2311546.828701729,5078608.460461602],[-2311519.2128985547,5078706.803486043],[-2311491.345298536,5078804.641610971],[-2311492.7508798363,5078895.221009227],[-2311495.1742642433,5078996.983304499],[-2311497.098379959,5079098.749008092],[-2311499.2732729577,5079200.261307891],[-2311501.1976398393,5079302.026214082],[-2311502.871063273,5079403.796849652],[-2311504.7956866324,5079505.563762073],[-2311506.720435845,5079607.3302749805],[-2311508.645310933,5079709.096388311],[-2311511.0696952846,5079810.85251324],[-2311512.994822324,5079912.618003196],[-2311514.920075014,5080014.3829181185],[-2311504.557353858,5080100.53263025],[-2311491.9634257015,5080201.7258023685],[-2311479.371954108,5080302.663405732],[-2311466.7814811817,5080404.107986494],[-2311454.4385885037,5080505.041278135],[-2311442.688951829,5080512.322166754],[-2311354.927216977,5080562.340027927],[-2311267.165991198,5080612.612909111],[-2311265.3227433865,5080706.025596111],[-2311263.24567827,5080807.840041353],[-2311261.416617691,5080909.395521547],[-2311258.8404226447,5081011.215750331],[-2311307.5113498163,5081080.549547917],[-2311364.9677589415,5081162.999435422],[-2311422.67298612,5081245.701116239],[-2311480.1267680796,5081328.150648147],[-2311537.834886573,5081410.851899289],[-2311540.973740801,5081490.4561706865],[-2311544.6533732414,5081592.444193016],[-2311549.0827147705,5081693.9141733],[-2311552.762603023,5081795.904206191],[-2311556.6928083682,5081897.379994375],[-2311547.724840079,5081922.436406808],[-2311512.1026025116,5082018.5797657],[-2311476.4759855405,5082113.707278204],[-2311440.350116167,5082208.840949751],[-2311404.727407683,5082304.4782494055],[-2311369.10206856,5082400.11198982],[-2311333.479622641,5082495.745429119],[-2311298.1051851623,5082591.122698573],[-2311262.483006633,5082686.755259056],[-2311226.8582078773,5082782.390220776],[-2311191.2362972125,5082878.021900829],[-2311155.8619492077,5082973.142163469],[-2311120.2375516016,5083068.775806661],[-2311084.6160421325,5083164.40616806],[-2311048.9951118524,5083260.291338654],[-2311013.370225586,5083355.413162057],[-2310977.7491178634,5083451.042202891],[-2310942.376014656,5083546.415087056],[-2310906.7524156333,5083642.043284292],[-2310871.1317146285,5083737.673809266],[-2310835.5083838133,5083833.301124889],[-2310799.8870561384,5083928.420283458],[-2310791.1807127213,5083959.066637213],[-2310763.821752186,5084056.620384801],[-2310735.9644403234,5084154.690757516],[-2310708.356466943,5084253.265089967],[-2310680.2479023603,5084351.079843868],[-2310652.639751782,5084449.398052482],[-2310625.2823622236,5084547.460080132],[-2310620.9077776866,5084621.8097277805],[-2310615.8312647985,5084723.647362435],[-2310610.003982653,5084825.2392294025],[-2310604.1772820703,5084927.085910426],[-2310599.1011623736,5085028.922290178],[-2310593.5246122475,5085129.999135148],[-2310587.9492018074,5085231.841257642],[-2310595.5073343082,5085260.490700764],[-2310620.708595801,5085358.620346627],[-2310646.6599607626,5085456.484555903],[-2310672.361263366,5085554.859387844],[-2310697.56284651,5085652.988039371],[-2310723.5145318117,5085750.851258876],[-2310748.4680142677,5085848.979711218],[-2310774.4199132947,5085946.842446654],[-2310800.1226608804,5086045.725886146],[-2310825.3238719725,5086143.342438201],[-2310851.0268364092,5086242.2253838815],[-2310893.2389868665,5086334.274605688],[-2310934.9454237185,5086425.822571615],[-2310976.655612924,5086517.877865978],[-2311018.8652686877,5086609.926324005],[-2311060.5756396386,5086701.9838878885],[-2311102.0350255053,5086794.041681639],[-2311143.9957287083,5086885.584980648],[-2311186.2057372746,5086977.632371022],[-2311227.665388015,5087069.689363003],[-2311269.876030659,5087161.991429842],[-2311271.5018674904,5087231.677910043],[-2311273.1880237414,5087333.416814118],[-2311275.370467615,5087434.893576988],[-2311277.556250567,5087536.6223059045],[-2311279.4910978326,5087638.356736792],[-2311281.9259085646,5087740.339406167],[-2311283.8605514136,5087841.817825445],[-2311286.2979164734,5087943.544447977],[-2311288.233273313,5088045.277266344],[-2311289.917685293,5088147.010350852],[-2311292.603284945,5088248.479931261],[-2311294.2884124564,5088350.46723368],[-2311296.7264142563,5088452.191841977],[-2311304.5035311226,5088462.519407357],[-2311363.714596635,5088544.419302891],[-2311422.6760335215,5088625.556676504],[-2311481.886767125,5088707.200992186],[-2311540.8483327487,5088788.337986618],[-2311574.686903967,5088816.64157613],[-2311650.636902953,5088881.528015162],[-2311727.3369265543,5088946.15209497],[-2311803.78638458,5089011.03455478],[-2311880.489245155,5089075.658374646],[-2311957.1893856525,5089140.282119131],[-2312033.6394243636,5089205.419434987],[-2312110.3396430286,5089270.04295534],[-2312114.4755263464,5089341.469318868],[-2312120.6663042167,5089442.8863775125],[-2312127.1055149934,5089544.29978287],[-2312133.297006917,5089645.971244884],[-2312140.241360322,5089747.37723572],[-2312146.6818757937,5089849.29983664],[-2312152.872812608,5089950.459744084],[-2312088.911545108,5090008.790268564],[-2312013.954637872,5090077.183617133],[-2311938.9978296966,5090145.576623004],[-2311863.789120878,5090213.462216237],[-2311788.83251041,5090281.854537996],[-2311713.8787579965,5090350.246480755],[-2311639.1706529344,5090418.6348597845],[-2311564.464475516,5090486.515307498],[-2311489.508260663,5090554.906260286],[-2311414.052303778,5090623.048241562],[-2311356.0425707,5090651.026510273],[-2311265.273811729,5090694.949808914],[-2311174.504654235,5090738.620678629],[-2311083.737850446,5090782.0357553875],[-2310992.4694438553,5090825.709727636],[-2310901.700943283,5090869.632094927],[-2310810.9343324336,5090913.046652308],[-2310719.6651852066,5090956.212386884],[-2310628.8964132136,5090999.881689944],[-2310538.1309295427,5091043.803090883],[-2310536.6362001924,5091048.654197288],[-2310503.781375832,5091145.742911788],[-2310471.1731166523,5091241.810056089],[-2310439.0653000036,5091338.377749352],[-2310406.210885603,5091435.465121193],[-2310374.102869263,5091531.776758653],[-2310375.609385866,5091534.810672417],[-2310418.5765617085,5091626.3254065635],[-2310461.7921256856,5091717.833821666],[-2310504.756717945,5091809.348063748],[-2310517.2892947914,5091820.377757709],[-2310592.244252276,5091886.289813694],[-2310667.445743025,5091952.708861384],[-2310742.900630605,5092018.872111017],[-2310818.6038595405,5092085.029188745],[-2310832.183657952,5092119.18952793],[-2310869.1470945813,5092213.32452442],[-2310906.3612168734,5092307.200787232],[-2310943.8260239046,5092400.818319419],[-2310980.7902196883,5092495.20760888],[-2311018.004156455,5092588.830658161],[-2311055.7189715006,5092683.206744289],[-2311092.685737298,5092777.339974634],[-2311128.3365186034,5092837.408090591],[-2311179.551629819,5092924.487552573],[-2311230.5175608555,5093011.059730593],[-2311281.7360606054,5093098.393852042],[-2311332.9541560644,5093185.469788823],[-2311383.9203215525,5093272.044089466],[-2311435.138575692,5093359.122374169],[-2311485.8538245363,5093445.696702168],[-2311537.32053715,5093532.771282521],[-2311588.538544076,5093619.593735569],[-2311639.505563657,5093706.4192454815],[-2311716.202759719,5093767.981587557],[-2311794.9039406944,5093830.0279187085],[-2311873.355050702,5093892.587720858],[-2311952.0567828547,5093954.88898959],[-2312030.507961028,5094017.445778872],[-2312108.4593336927,5094079.756655495],[-2312126.7998011666,5094118.683656874],[-2312170.5193316387,5094209.92628949],[-2312213.7363424366,5094300.920085705],[-2312257.2049888126,5094392.168282111],[-2312300.172064595,5094483.672315634],[-2312343.388862032,5094574.412990658],[-2312386.8587260554,5094666.167873779],[-2312391.0516665527,5094766.827779083],[-2312394.7468020497,5094868.25642596],[-2312398.9451490785,5094970.185575226],[-2312402.6377805294,5095071.6134555815],[-2312380.266447621,5095151.257349157],[-2312352.6712838807,5095249.27754956],[-2312325.076262587,5095347.300107428],[-2312296.982006128,5095445.325940665],[-2312269.638322255,5095543.344324958],[-2312242.0437072953,5095641.362739919],[-2312214.4497135743,5095739.635835703],[-2312177.586754473,5095832.6913958825],[-2312140.4785144343,5095927.2721094685],[-2312103.1175577682,5096022.365942902],[-2312065.256406209,5096116.958406362],[-2312027.897509184,5096211.541065317],[-2311990.5369601776,5096306.633558234],[-2311953.1783390976,5096401.218130885],[-2311916.068637396,5096496.051333996],[-2311878.7102812175,5096590.632214498],[-2311841.350275782,5096685.722920189],[-2311803.9921957008,5096780.30571386],[-2311523.4981548125,5098629.401766769],[-2311198.7913760105,5101516.574628028],[-2310897.296083976,5103065.564076171],[-2310699.968456523,5103381.852761822],[-2310695.4258739627,5103487.421607933],[-2310642.7482441193,5104299.866877472],[-2310613.665896562,5104398.375778026],[-2310633.6629854073,5104510.993330439],[-2310664.861260367,5105214.025210637],[-2310677.4020330724,5105351.1403896315],[-2311173.1910324455,5106349.376648329],[-2311258.352134793,5106507.409049455],[-2311887.096004305,5107410.852469044],[-2312020.8373169336,5107583.504916526],[-2312112.7062617354,5107716.78991525],[-2312623.432956781,5108665.954055069],[-2312669.895785349,5108866.670997499],[-2312670.133706827,5109587.279724761],[-2312641.057766282,5109685.768654355],[-2312636.5224942816,5109791.057710546],[-2312268.83783136,5110965.750675096],[-2312239.7638760754,5111064.230332188],[-2311867.3215245996,5112344.131482533],[-2311795.5172840287,5112590.054328195],[-2311759.741022305,5112713.013052403],[-2311147.897765194,5114724.469933468],[-2311097.713421875,5114896.391684234],[-2311047.784964651,5115069.073538517],[-2310413.8880591393,5117607.574050383],[-2310119.550755659,5118616.75594584],[-2310069.8788974006,5118788.894261264],[-2310033.862810828,5118911.819770691],[-2309555.5212280625,5119653.977324956],[-2309459.453949639,5119893.009074342],[-2309365.4787964625,5119945.528432148],[-2308981.1271437122,5120634.8694386985],[-2308867.9738085186,5120842.09395437],[-2308808.4251009505,5120958.192386269],[-2308741.171423697,5121099.031629036],[-2308424.9320123736,5121914.227664942],[-2308374.51922101,5122086.60125039],[-2308023.643150626,5123292.3804745525],[-2307995.3383341925,5123391.048929392],[-2307986.056248392,5123602.006283619],[-2307788.508169972,5125092.271834279],[-2307920.479263047,5126113.968002205],[-2307828.1245996905,5126433.392491299],[-2307686.1134361234,5126921.836209511],[-2307544.106435631,5127410.520293478],[-2307522.852166687,5127525.334399288],[-2307428.6730303494,5128025.083123949],[-2307333.747128383,5128524.8298395015],[-2307307.64271412,5129026.486852183],[-2307280.55681603,5129533.988497926],[-2307253.973723272,5130041.472830394],[-2307227.3974864646,5130549.200870158],[-2307200.8207843835,5131056.408422502],[-2307174.2487903773,5131564.114445947],[-2307147.179172376,5132071.051510107],[-2307120.613579906,5132578.480728352],[-2307093.803832232,5133086.156754134],[-2306981.8254001904,5133556.80429676],[-2306863.9029645952,5134051.639091544],[-2306745.2332011894,5134546.216921547],[-2306627.319537655,5135040.518900927],[-2306509.1569456286,5135535.321785171],[-2306391.2483870797,5136029.85232081],[-2306273.0958171,5136524.631752873],[-2306155.194529242,5137019.141670031],[-2306037.0486056074,5137513.6429803725],[-2305918.9041895615,5138008.387268232],[-2305801.016573308,5138502.861972555],[-2305759.969287495,5138802.926201464],[-2305691.4038219517,5139306.412307914],[-2305622.8432346797,5139810.393419702],[-2305554.285006248,5140313.856517862],[-2305485.9814243875,5140817.304974884],[-2305406.229319361,5141145.7417453],[-2305286.361783173,5141640.168415095],[-2305286.1324948096,5141648.800941488],[-2305261.139578652,5142156.248158484],[-2305236.897774375,5142663.674904566],[-2305212.1617011055,5143170.587448405],[-2305211.449884538,5143186.838834246],[-2305195.2259963714,5143694.143252706],[-2305178.503597811,5144201.442844687],[-2305162.285323971,5144709.23154333],[-2305146.0692909444,5145216.499958671],[-2305129.110563406,5145724.275736203],[-2305112.9016322647,5146231.52457714],[-2305095.9459453267,5146738.771973147],[-2305079.7454310614,5147246.505115933],[-2305063.298890564,5147753.721075267],[-2305047.1041766936,5148260.92563574],[-2305030.6660858495,5148768.628449148],[-2305011.414127064,5149156.08208185],[-2304986.970463278,5149663.357947879],[-2304923.8565440904,5149925.992705702],[-2304805.050315246,5150420.2077173935],[-2304685.7471631654,5150913.907747734],[-2304573.502321327,5151237.518737183],[-2304406.1280581937,5151718.095005846],[-2304172.072476914,5151964.544277454],[-2303823.4893631074,5152331.640884511],[-2303474.910441878,5152699.239423868],[-2303214.831629263,5152942.945652273],[-2302845.178412543,5153288.460379727],[-2302475.780217509,5153634.468848082],[-2302464.3568011983,5153667.081683265],[-2302292.2409536364,5154145.107233254],[-2302120.130156264,5154622.61178219],[-2301991.945038763,5154873.802505844],[-2301760.2173931766,5155325.640748876],[-2301528.7415088057,5155777.461418451],[-2301297.7698039035,5156229.776123477],[-2301066.3009614334,5156681.57592601],[-2300835.3390501672,5157133.864108753],[-2300603.6262388644,5157585.643638532],[-2300482.472157756,5157748.946407518],[-2300179.5746027236,5158154.91004577],[-2299876.437525826,5158561.880738],[-2299573.5490620476,5158967.822585441],[-2299270.415583691,5159374.774291053],[-2298966.7831900776,5159780.703499495],[-2298663.9043084364,5160187.627539655],[-2298361.0299490835,5160594.034600187],[-2298269.4644775973,5160777.230689874],[-2298042.542385436,5161230.881606138],[-2297814.8750050743,5161685.035774856],[-2297569.646878084,5161945.147253457],[-2297222.8930095835,5162314.006197589],[-2296875.3888612348,5162681.846686182],[-2296770.744615368,5162838.809114516],[-2296487.447568964,5163259.614702808],[-2296473.3919624067,5163331.795659334],[-2296378.981605381,5163830.933007624],[-2296284.8245640937,5164329.546565268],[-2296190.672733341,5164828.654002242],[-2296218.761419757,5164939.367658223],[-2296344.02404476,5165429.217281018],[-2296469.536515529,5165918.548929977],[-2296594.5529565653,5166408.889310058],[-2296719.8220140794,5166898.71447032],[-2296844.593408328,5167388.025112584],[-2296969.6203445084,5167877.832268439],[-2297122.794133596,5168238.000173421],[-2297320.059949353,5168701.5728495885],[-2297517.5795673616,5169166.146665168],[-2297741.2627121448,5169592.371421669],[-2297976.012872401,5170037.7253699545],[-2298210.766509173,5170483.57850706],[-2298304.1113147815,5170745.068191037],[-2298473.654301466,5171221.098805237],[-2298642.4483685647,5171696.624483485],[-2298811.744480653,5172172.133175377],[-2298981.294413907,5172647.63345813],[-2299150.596163835,5173123.128571387],[-2299319.9007315617,5173598.615493441],[-2299489.4591087606,5174074.088413096],[-2299658.769489882,5174549.558943486],[-2299827.8313521077,5175025.0242905235],[-2299997.3966781744,5175499.966924754],[-2299870.3683938626,5175524.8090891475],[-2300014.3789322088,5175904.756875332],[-2300192.9459752506,5176376.536230621],[-2300338.8262983304,5176462.981638675],[-2300769.448111213,5176717.838411031],[-2301199.3203869835,5176972.702373931],[-2301629.6925935647,5177227.558550041],[-2302060.067027652,5177482.918583448],[-2302489.9413904343,5177737.777138917],[-2302920.318442584,5177992.627874939],[-2303350.6949763526,5178247.985287366],[-2303781.0721996427,5178503.3381000655],[-2304210.9493465833,5178758.189449811],[-2304641.3264251538,5179013.033013742],[-2304663.1821873896,5179041.660544086],[-2304964.6529276306,5179443.000305324],[-2305267.123951441,5179844.323191256],[-2305569.0975516103,5180245.646984722],[-2305871.3196466966,5180646.454842539],[-2306173.298425004,5181048.274615215],[-2306342.3454683693,5181344.244935992],[-2306591.8925942364,5181781.146525714],[-2306840.690546291,5182218.556447361],[-2307090.2437480213,5182655.951068521],[-2307101.0563538517,5182754.132999736],[-2307158.1599919307,5183257.167777801],[-2307119.512592285,5183704.073210337],[-2307121.246327639,5184100.321775628],[-2307124.5761821447,5184607.008928204],[-2307076.2852496784,5184847.76842568],[-2306976.759907903,5185345.027380432],[-2306877.48666246,5185842.268298533],[-2306881.83513985,5185872.617560938],[-2306952.4658753457,5186373.900800895],[-2307077.568403053,5186772.179031634],[-2307228.957301532,5187253.737407158],[-2307380.3491910826,5187735.287115078],[-2307388.859562588,5187894.272690599],[-2307416.730764312,5188399.573907761],[-2307444.358955827,5188905.369721006],[-2307422.3137368322,5189054.073679279],[-2307349.603198134,5189555.9843918],[-2307276.149073108,5190057.889006254],[-2307040.3273947025,5190329.184110912],[-2306709.2908307104,5190711.531934927],[-2306377.507127188,5191093.877946914],[-2306350.744872557,5191174.740796005],[-2306346.041515034,5191189.992005162],[-2306186.713887885,5191671.59489617],[-2306028.1430918695,5192153.176351189],[-2306464.5640876424,5192176.884325511],[-2306770.806674385,5192641.813023004],[-2306525.7705082153,5192689.793568138],[-2306305.2710696845,5192743.561256558],[-2306037.0405190038,5192891.601846798],[-2306014.435471051,5193095.999485253],[-2306110.442624876,5193460.065229852],[-2306366.2729874277,5193808.057413898],[-2306712.988350928,5194098.748784908],[-2306953.4447364504,5194180.494182935],[-2307303.6462051417,5194235.616917403],[-2307720.4460845403,5194227.6498208605],[-2307903.4672940494,5194112.5350921275],[-2307960.016447515,5193652.959641896],[-2307981.028074134,5193342.714799997],[-2308057.038308777,5193019.154935464],[-2308330.6043470902,5192741.366193917],[-2308611.277481259,5192648.889969031],[-2309058.2038908773,5192516.444863146],[-2309492.7789571565,5192433.282454391],[-2310012.2300944095,5192212.842367281],[-2310516.8086892343,5192112.629110331],[-2310890.4334541433,5191981.040684277],[-2311211.3039954035,5191861.2202725],[-2311432.637198061,5191910.259106035],[-2311672.3472333835,5191994.036611762],[-2311932.757445862,5192212.317492242],[-2312353.5801766636,5192519.875883178],[-2313032.13545769,5192834.498250512],[-2313567.2969699027,5192985.17328305],[-2313972.7569126943,5193026.954309483],[-2314532.367467675,5193078.046880367],[-2314820.0591301215,5193066.011548344],[-2315339.2653342243,5192845.542227287],[-2315765.9956159233,5192576.523931807],[-2316192.7296067704,5192308.003284401],[-2316555.624676445,5192418.16936421],[-2316864.8593580015,5192647.520152823],[-2317210.732144702,5192832.8622100465],[-2317752.0723091937,5192958.629382597],[-2318138.9188474813,5192969.209902712],[-2318554.6401192304,5192855.327353506],[-2319001.574415813,5192722.325295712],[-2319575.2931275265,5192487.997868549],[-2319900.378799164,5192432.4347910015],[-2320250.338034327,5192487.016978948],[-2320592.962762983,5192907.9792410415],[-2320657.1512761973,5193185.345198342],[-2320685.456004634,5193506.705282762],[-2320664.1823006957,5193817.003238084],[-2320548.0325658033,5194420.730176138],[-2320435.875427676,5194788.328016537],[-2320259.0565855727,5195429.729087936],[-2320272.5321102715,5196036.422384641],[-2320413.0375954984,5196541.79801812],[-2320533.588147876,5196911.147009839],[-2320702.3713987973,5197186.716659772],[-2320885.691796114,5197622.675107486],[-2321338.0903980136,5198016.428380022],[-2321655.9534040624,5198431.022327934],[-2321986.2602753765,5198901.68275231],[-2322429.2638843884,5199555.866804335],[-2322666.4986098586,5199873.143638036],[-2322706.177255897,5200145.154563106],[-2322612.667619074,5200543.336876387],[-2322506.218492616,5200886.460841789],[-2322269.5561306714,5201120.210374855],[-2322070.6256491784,5201414.7883537635],[-2321759.5994000705,5201632.192109585],[-2321491.6292634057,5201779.698965977],[-2321111.811486917,5201849.526926987],[-2320765.157468419,5202109.879484145],[-2320540.3468989218,5202294.343684813],[-2320636.1374328644,5202658.328687269],[-2320866.1100876178,5202895.135262582],[-2321207.432487624,5203210.127805555],[-2321584.6362001016,5203481.143957271],[-2322042.1307769865,5203745.132062197],[-2322455.7135925665,5203971.660038134],[-2322687.297893121,5204314.270885459],[-2322920.840901054,5204867.001174494],[-2323188.0553185036,5205165.12881612],[-2323455.2707474898,5205463.256663692],[-2323721.6289935284,5205656.068302538],[-2324055.6873635035,5205891.119905431],[-2324326.860179978,5205953.739694443],[-2324877.3338263878,5205818.61933844],[-2325216.454926713,5205923.475626845],[-2325444.829100904,5206055.4643619405],[-2325674.8103796127,5206292.252341121],[-2325831.7842628527,5206617.495904953],[-2325841.7779727583,5206908.019897505],[-2325558.0264343354,5207341.2504698],[-2325414.1216114047,5207622.945020116],[-2325227.9217083687,5207973.4900092855],[-2324918.5287632938,5208295.604843459],[-2324547.3621907714,5208550.599495411],[-2324028.2183908517,5208771.888550665],[-2323458.3856532034,5208876.310698803],[-2323010.383650586,5208903.858043801],[-2322409.4837618745,5208922.0641187355],[-2321880.5835623797,5208851.837194595],[-2321063.7573941415,5208794.103284366],[-2320566.181225915,5208810.075759118],[-2320261.85750649,5209001.977626077],[-2320097.4829127956,5209147.175083936],[-2319897.2340783128,5209337.344405295],[-2319821.041563697,5209660.714094847],[-2319630.3072708184,5210141.843757436],[-2319512.0753709786,5210534.032434477],[-2319142.9104411583,5211000.016507877],[-2318703.81829178,5211212.695406851],[-2318329.6902764114,5211257.564260438],[-2317850.1255765255,5211198.884670987],[-2317369.943667897,5211034.9239772605],[-2316811.2115309495,5211089.032058268],[-2316390.7444959166,5211332.859506745],[-2315799.130868751,5211642.453904178],[-2315390.8695150763,5211941.29209178],[-2315134.519747246,5212038.929267075],[-2314668.779698228,5212141.0290045],[-2314031.0236060056,5212203.119740643],[-2313283.5308459657,5212292.291087265],[-2312910.7788671963,5212441.887316049],[-2312478.242627682,5212735.402131073],[-2312161.3595553217,5212976.956737243],[-2311740.6561483345,5213220.218329594],[-2311424.027232452,5213461.758221025],[-2310911.715597363,5213762.747389487],[-2310168.4800362014,5214272.876648987],[-2309482.1174804517,5214874.425188472],[-2309075.2654255885,5215279.408934899],[-2308798.6458969675,5215792.176084463],[-2308509.3263089615,5216249.917208742],[-2308324.5763735706,5216705.426916006],[-2308126.124227258,5217105.426763511],[-2308005.6914665643,5217287.449241869],[-2307631.3334441944,5217331.734155351],[-2307382.441244734,5217063.896149274],[-2307123.146622794,5216756.205697194],[-2306846.8115486903,5216578.242396269],[-2306476.3264728514,5216517.739546021],[-2306038.7937438725,5216595.131599885],[-2305751.257183842,5216711.780328279],[-2305559.7218976794,5217086.88844261],[-2305416.264609267,5217473.578506778],[-2305227.8868085933,5217613.868325923],[-2305019.004009509,5217617.787004742],[-2304747.4001069707,5217642.661379807],[-2304433.6343466276,5217630.070783747],[-2304029.841088061,5217628.633094909],[-2303624.64036031,5217582.686371827],[-2303456.9045989644,5217412.0813863585],[-2303256.2203093152,5216500.114102954],[-2303012.115212302,5216102.185202304],[-2302678.2796912226,5215866.691465148],[-2302437.316455177,5215784.959866463],[-2302143.489409619,5215821.729400457],[-2301906.410712973,5216055.175209854],[-2301810.270697768,5216242.979279549],[-2301684.5546469623,5216554.576786723],[-2301507.116306296,5217090.897379491],[-2301394.367312599,5217457.984046615],[-2301187.99796273,5217672.3310533045],[-2300906.887997658,5217765.099830635],[-2300672.0825422895,5217657.492931935],[-2300443.4457782963,5217526.038424557],[-2300346.811009202,5217162.367735944],[-2300250.679060791,5216799.190839848],[-2300048.8626612597,5215780.992682208],[-2299768.3904656256,5215426.993251499],[-2299435.689916267,5215297.229497341],[-2299165.0237979027,5215234.55686498],[-2298927.714869756,5214916.995246436],[-2298832.7194880643,5214658.515965582],[-2298769.334737602,5213935.1675260635],[-2298547.7728721215,5213332.527643499],[-2298310.9752278444,5213015.444543495],[-2298039.557943216,5212952.272649892],[-2297573.2128915656,5212948.516939176],[-2296883.9052936723,5212788.4311309885],[-2296242.297718506,5212534.689214574],[-2295657.554018742,5212371.882172872],[-2294918.670773689,5212200.210881506],[-2294434.3346900363,5212271.545233961],[-2293994.7827748125,5212484.043517151],[-2293544.277597466,5212851.493950661],[-2293056.5347852805,5213158.133449447],[-2292820.584765983,5213497.305062177],[-2292450.120079131,5213857.232019814],[-2292024.4173160237,5214230.425816664],[-2291632.8234373596,5214349.234767251],[-2291216.9421675745,5214462.248956327],[-2290739.6603100053,5214613.9030411],[-2289771.888230493,5214861.191025653],[-2289122.342531757,5214972.294050607],[-2288206.419103237,5214890.630462387],[-2287623.4428096996,5214938.233543386],[-2287036.441840506,5214565.473985191],[-2286898.6608923683,5214375.806698922],[-2286974.1638480257,5213946.942270772],[-2286953.2806535736,5213706.360887805],[-2286890.7594261114,5213087.808656398],[-2286895.8170761503,5212407.248772231],[-2286697.914136634,5211704.694304189],[-2286372.0420519416,5211103.764812888],[-2286190.2368880995,5210772.900775345],[-2285807.0934562096,5210526.297731398],[-2285258.4772379966,5210319.528568851],[-2284592.34007185,5210059.453362056],[-2283811.4339658828,5209956.527073542],[-2283157.0913877343,5210197.239547138],[-2282491.17276859,5210488.670638744],[-2282026.5931909727,5210694.824523826],[-2281532.689547584,5211026.274578457],[-2280547.6727694683,5211348.106479567],[-2279583.292633798,5211911.008203781],[-2278893.9843519405,5212301.283925397],[-2278375.3107644385,5212626.373552677],[-2277826.4386134977,5212970.511752065],[-2277541.1832470796,5213298.002943972],[-2277290.0329031628,5213921.534200805],[-2277093.876343771,5214532.282989838],[-2276934.0870673135,5215098.09116952],[-2276724.3444592305,5215548.104921457],[-2276504.531698751,5215706.873108288],[-2276052.3099254533,5215863.701433121],[-2275659.3502250114,5215877.221473374],[-2274893.4441879583,5216039.589621941],[-2274212.978138014,5216169.627865765],[-2273655.9468508265,5216328.116265144],[-2272926.193459114,5216997.836763516],[-2272571.881722294,5217177.806087593],[-2272220.05612017,5217016.870871093],[-2272252.749935986,5216657.417096848],[-2272280.030959698,5216322.296980013],[-2272277.751772896,5216111.920133334],[-2272344.7858393025,5215497.658044948],[-2272266.8769680294,5215059.5031622825],[-2271905.482915302,5214607.832557568],[-2271380.517876497,5214301.639126234],[-2270556.2186282817,5214161.672246951],[-2270009.375436292,5214165.275506201],[-2269437.994341688,5214163.081501143],[-2268754.6213517017,5213977.5228034565],[-2268076.658059931,5213766.610998554],[-2267774.416219941,5213617.750065196],[-2267483.999393515,5213418.175446104],[-2267234.4736186345,5213045.1559675895],[-2266971.9873832446,5212616.129892732],[-2266611.740787204,5212269.630025224],[-2266273.636491493,5212164.16176372],[-2265726.7945891013,5212167.758668718],[-2265074.7576955804,5212068.329921045],[-2264374.5313586434,5212062.003155583],[-2263755.4670540234,5212153.398289496],[-2262824.990248564,5212461.210360632],[-2262022.7298403378,5212666.919493926],[-2261194.548872817,5212762.139933281],[-2260801.345640807,5212775.628846564],[-2260094.576463517,5212688.923786057],[-2259362.773468924,5212596.427972867],[-2258442.113384022,5212644.103140801],[-2257681.8842141908,5212781.020365259],[-2257087.11577115,5212878.1606512405],[-2256469.8395160963,5213180.370752843],[-2256025.0708400295,5213522.12313902],[-2255445.5505517004,5213885.082550385],[-2254834.441640179,5214161.898409423],[-2254400.115400223,5214349.265871563],[-2254077.15239814,5214614.786747722],[-2254098.3112910166,5214856.268682648],[-2254210.31302358,5215039.603279863],[-2254464.625133217,5215282.550645553],[-2254862.14126835,5215690.783291267],[-2255117.348879903,5216039.3978749905],[-2255269.3909165068,5216494.323289496],[-2255181.48549602,5216867.955004398],[-2254856.4911592463,5216922.613676446],[-2254463.296087729,5216935.547745209],[-2254124.6935367645,5216830.0647209715],[-2253606.0282034846,5216604.204433754],[-2253239.4547470906,5216176.938223715],[-2252655.821160293,5215568.002632799],[-2252349.256193187,5214997.9683432495],[-2252170.14894,5214325.882899423],[-2251916.548955179,5213532.225414527],[-2251680.223850468,5213213.718957613],[-2251412.703907896,5212915.275982736],[-2250987.2789065135,5212736.408734676],[-2250458.6906624776,5212665.384623885],[-2249887.076715818,5212663.105693756],[-2249358.735610038,5212591.570468091],[-2248663.302753185,5212455.1241038535],[-2248119.860201841,5212222.939456868],[-2247460.4014786747,5211937.415365857],[-2247100.6496024258,5211590.427199267],[-2246832.4968353524,5211186.285271341],[-2246552.2678920766,5210831.83509068],[-2246405.527703654,5210246.300051525],[-2246228.093707346,5209679.804657624],[-2246019.9625723115,5209132.350869992],[-2245714.3266952876,5208667.392957292],[-2245293.691338306,5208358.972792757],[-2244869.4112880193,5208285.272612356],[-2244358.9442371833,5208244.390099513],[-2243866.9696053085,5208128.951880414],[-2243410.8590326253,5207970.124246203],[-2243096.550105597,5207870.419945522],[-2242812.9411523445,5207751.158993014],[-2242351.1655396777,5207616.163598959],[-2242012.9554288452,5207616.3600963475],[-2241793.6480059056,5207774.559179597],[-2241575.4723346694,5208037.940852796],[-2241212.239693137,5208583.103630188],[-2241030.1846969957,5208803.083133877],[-2240737.656483852,5209049.565614614],[-2240345.3480092403,5209167.169808629],[-2239941.721209288,5209335.464608249],[-2239362.199351315,5209697.863129356],[-2238757.1472856817,5210054.96099893],[-2238207.194468547,5210293.109939401],[-2237576.0816242383,5210433.535877924],[-2237169.93171791,5210390.962870119],[-2236450.223590133,5210248.670586187],[-2235737.0629466344,5210186.196209135],[-2235274.1517711924,5209946.523131494],[-2234940.0807161247,5209710.4958707765],[-2234436.7535398784,5209093.010894916],[-2233857.711635689,5208904.668113931],[-2233329.1332303584,5208833.08938716],[-2232793.0011038426,5208681.186860654],[-2232209.190550269,5208623.357654244],[-2231594.4283866254,5208583.561781227],[-2231115.1733466126,5208524.079709927],[-2230556.7844657153,5208576.201934927],[-2230134.037753568,5208713.3084384855],[-2229583.3438104265,5208951.928684936],[-2229130.399634813,5209107.555254007],[-2228915.8765243916,5209135.685861502],[-2228424.550408351,5209125.370182295],[-2228054.7629322545,5209038.892182835],[-2227415.967224332,5208993.267766066],[-2227177.800844505,5209121.261845068],[-2227020.0448719137,5209346.469871296],[-2226752.9621988093,5209703.821858751],[-2226528.4032265367,5209992.443471478],[-2226175.006642407,5210276.899617194],[-2225930.9317468978,5210429.20984576],[-2225661.821247713,5210575.722370231],[-2225276.5873756767,5210774.05174979],[-2224884.8029727554,5210892.058945814],[-2224546.855298519,5210891.6815696545],[-2224140.3157493873,5210743.405228444],[-2223710.5319258417,5210800.139382877],[-2223319.8880772805,5211022.779311271],[-2223311.002079744,5211388.399672025],[-2223327.5491825114,5211864.955479307],[-2223442.0960204946,5212259.047824198],[-2223474.324648387,5212580.724460696],[-2223418.6406499133,5212806.287616843],[-2223299.363481942,5212949.1222088],[-2222917.791047513,5212921.9033313915],[-2222719.0986637697,5212834.069427505],[-2222344.6827610005,5212647.533454935],[-2222018.749160667,5212449.349018357],[-2221659.4898511725,5212102.397380857],[-2221155.884820431,5211485.525605998],[-2220807.5535783493,5210983.745813193],[-2220434.83199176,5210580.803449889],[-2220143.0270609166,5210276.07383876],[-2219774.241756549,5210189.062253886],[-2219399.688580298,5210232.039455996],[-2219210.6024840446,5210371.594671914],[-2219139.4300189614,5210670.133457345],[-2219141.7188185365,5210880.41426345],[-2219158.016382021,5211356.958454731],[-2219088.2454064963,5211760.615090015],[-2218955.2915740754,5211991.55302093],[-2218667.564165394,5212107.385387283],[-2218071.6960378094,5212098.639720947],[-2217604.663556147,5212093.561023889],[-2216886.765333349,5212160.9369486375],[-2216432.0565293054,5212106.686668518],[-2215983.0046120584,5212027.09947302],[-2215257.299671178,5212013.673390165],[-2214993.96465147,5212030.658031224],[-2214742.5987565042,5212102.609187073],[-2214535.792928822,5212316.6276774015],[-2214421.2190182996,5212578.174137334],[-2214220.071461546,5212766.850990967],[-2213884.1817018427,5212976.681677637],[-2213608.534114373,5213043.324973925],[-2213355.117244431,5212905.019586018],[-2213131.7482188633,5212642.049498971],[-2212944.731465677,5212335.72167306],[-2212670.8943582373,5211956.019153341],[-2212459.3461934137,5211643.881697097],[-2211983.4649575837,5211348.227322044],[-2211434.8759724027,5211140.293817659],[-2210923.5392918256,5210993.627927227],[-2210432.4790492477,5210982.716167886],[-2209947.723060313,5211052.10679661],[-2209316.6543469834,5211192.312101179],[-2208647.3347265753,5211270.746881549],[-2208059.4301636335,5211447.374306692],[-2207268.0867896453,5211602.414106397],[-2206704.968500737,5211784.322135623],[-2206287.017809188,5211790.803317953],[-2205777.9820984993,5211854.36145759],[-2205310.7126805787,5211849.741636648],[-2204867.324801023,5211745.295556041],[-2204337.862915611,5211567.469932885],[-2203875.200290854,5211327.269114351],[-2203614.7313611996,5211108.66515187],[-2203163.8860288146,5210818.295741733],[-2202640.7356928997,5210721.267337521],[-2202297.1407272853,5210745.1457070485],[-2201710.1443023365,5211026.854911679],[-2201501.695307176,5211135.211108091],[-2201122.649454199,5211308.048439674],[-2200780.6087599527,5211542.656819685],[-2200310.6361533515,5211878.178994718],[-2199859.041833549,5212243.81713403],[-2199277.9661673885,5212500.645802222],[-2198768.6909605362,5212564.159755615],[-2198270.076813471,5212472.917364298],[-2197843.763589503,5212188.365560564],[-2197460.362270436,5211940.247471195],[-2197298.1265692944,5211639.244089146],[-2197209.0993420836,5211251.045323462],[-2197223.869905124,5210860.725455505],[-2197109.159037391,5210361.090222451],[-2196964.658194083,5209986.093003002],[-2196691.970746232,5209711.513581726],[-2196309.7294772365,5209568.997942081],[-2195879.311539806,5209519.485589781],[-2195456.605889624,5209655.885296373],[-2194959.5441233884,5209775.3762609335],[-2194493.930068794,5209875.327002561],[-2193856.4672191422,5210039.255815457],[-2193207.4409833923,5210253.840499265],[-2192771.521895496,5210334.762274459],[-2192299.749523474,5210459.522020485],[-2192066.116819497,5210456.937386972],[-2191641.8636799566,5210382.5822519325],[-2191174.5987622477,5210377.407569155],[-2190911.0238043456,5210393.836895014],[-2190641.4431244303,5210540.20473316],[-2190343.074529472,5210811.1899572555],[-2190105.089357951,5211043.6300428035],[-2189722.608730824,5211556.535681035],[-2189356.9518384114,5211890.358770338],[-2188966.7593143163,5212217.862315145],[-2188422.456910993,5212535.859151203],[-2188196.1403650083,5212613.526364465],[-2187846.3986620195,5212662.168483092],[-2187420.490119563,5212482.715027839],[-2187124.1645876537,5212307.96128274],[-2186815.118712302,5212077.253600298],[-2186366.9899279233,5212102.672772529],[-2186193.971743718,5211991.301914433],[-2186025.8724967884,5212441.763652089],[-2185893.356102647,5212778.149596824],[-2185814.905527107,5212995.229089394],[-2185566.783173532,5213383.340124363],[-2185288.126183027,5213894.537674343],[-2185169.0891280007,5214286.33059705],[-2185023.1996708973,5214462.1603493355],[-2184803.204069198,5214620.0671214955],[-2184367.300735419,5214700.4016391365],[-2184011.6608917657,5214774.337375273],[-2183361.2587833963,5214882.163875386],[-2182673.601402962,5214929.746649455],[-2182145.4696289613,5214962.530390979],[-2181690.9391804305,5215012.224793389],[-2181409.4045746564,5215103.058316893],[-2180950.132797816,5215283.133772455],[-2180521.966887211,5215549.26825451],[-2180143.6214927877,5215827.502158821],[-2179916.8161949483,5215905.127751764],[-2179462.291378269,5215955.307676982],[-2178945.308920988,5215832.8687149985],[-2178284.4459450366,5215440.149104639],[-2177870.1819399726,5215105.9893862195],[-2177481.1159250094,5214882.197180954],[-2177197.2600820796,5214762.890396288],[-2176913.9042795342,5214643.076726928],[-2176541.8765499685,5215001.557746841],[-2176365.9671499627,5215300.915701993],[-2176054.6595332893,5215515.793696701],[-2175694.0377674974,5215719.56086847],[-2175386.8076987807,5215698.4939380605],[-2175041.572060281,5215617.708216949],[-2174701.825002333,5215405.530759612],[-2174492.071101839,5215303.136826677],[-2174208.0530891074,5215078.76465509],[-2173862.1530932127,5214891.904856465],[-2173386.5097649675,5214595.254888569],[-2172864.0376157244,5214603.183349088],[-2172551.5686130095,5214712.492423412],[-2172148.19416728,5214984.883202877],[-2171653.2524321447,5215313.27234959],[-2171316.2494440028,5215417.2654039115],[-2170906.3104797737,5215608.885687317],[-2170691.987226434,5215742.420881473],[-2170415.8651199685,5215807.897725753],[-2170040.688443324,5215745.0902505275],[-2169793.6752014775,5215581.457521563],[-2169522.1292190836,5215412.015241605],[-2169245.0926030767,5215372.944240919],[-2168883.3104599686,5215471.123156953],[-2168676.3042885074,5215684.380240068],[-2168554.46467903,5215865.442746255],[-2168402.433573685,5216065.502477226],[-2168219.5494570215,5216179.508324344],[-2167777.7600088427,5216284.554659814],[-2167580.4838931225,5216238.09512761],[-2167290.307323785,5216038.543536885],[-2167096.4320625267,5215651.124381851],[-2167032.5547358026,5215373.481501024],[-2166935.0797779695,5214694.631320306],[-2166740.1364181153,5214097.0750173535],[-2166549.2732861126,5213264.075575783],[-2166434.2648348315,5212764.667914247],[-2165961.1395198028,5212022.430965475],[-2165775.5126978722,5211820.765732989],[-2165441.682944497,5211584.2570238],[-2164866.095045187,5211054.209037484],[-2164302.3212362044,5210474.018890653],[-2163837.191718624,5209917.553029546],[-2163489.9851314244,5209520.009494229],[-2163006.2354703755,5208933.409293204],[-2162578.3684228053,5208437.663605475],[-2162174.3833969166,5207843.141846454],[-2161554.502871614,5207171.012486466],[-2160922.66056572,5206443.414425105],[-2160476.182995901,5205917.505938062],[-2159986.2981326864,5205355.154149283],[-2159510.0382312834,5204953.329755074],[-2158971.7410904607,5204483.929933781],[-2158285.3443434187,5203875.0803387035],[-2157794.824572563,5203207.08457774],[-2157261.652768877,5202503.135449499],[-2156832.278312566,5201797.081907181],[-2156428.5906505594,5201201.922720286],[-2156197.544866782,5200753.536709987],[-2155947.088313669,5200064.278310343],[-2155807.2300355607,5199452.694855465],[-2155531.7515268843,5198757.595778404],[-2155263.329032767,5198142.261120368],[-2154987.6097627576,5197446.624908417],[-2154903.895049978,5196927.393717564],[-2154820.436917555,5196408.652297379],[-2154810.8344805827,5195907.8322581565],[-2154831.178444534,5195387.478806436],[-2154729.996582457,5194943.193287552],[-2154451.4396239496,5194693.354937299],[-2154156.920423482,5194728.277701995],[-2153881.66357373,5194899.484588901],[-2153551.42441389,5195083.393625434],[-2153184.3293665918,5195311.151429722],[-2152927.060274021,5195407.85352036],[-2152608.258881346,5195436.955354047],[-2152226.9315475645,5195398.977710292],[-2151740.6700749593,5195257.45640123],[-2151192.6265319902,5195047.835928205],[-2150331.1998022483,5194842.990109134],[-2149759.2626045593,5194733.190984162],[-2149217.7747297143,5194604.372262294],[-2148945.3804625333,5194329.70205214],[-2148790.2423655107,5194108.904574296],[-2148762.4108340167,5193682.0594105795],[-2148957.2725300505,5193413.129246977],[-2149293.9242005963,5193204.387151302],[-2149660.7728733835,5192976.619832443],[-2149801.043784306,5192826.030968759],[-2150087.245626732,5192500.013819499],[-2150281.8647098173,5192231.565573223],[-2150384.0118518565,5191914.535648642],[-2150357.327485853,5191592.780588665],[-2150311.5264654737,5191240.383214213],[-2150259.182358316,5190807.659531115],[-2150220.432400913,5190536.572595803],[-2150131.9806535584,5190147.192125978],[-2149901.8762915707,5189803.779033738],[-2149562.0619149543,5189486.791449127],[-2149131.2870314717,5189331.536790904],[-2148780.6556093944,5189274.538557836],[-2148393.4101786744,5189260.89689709],[-2148129.5884484258,5189277.308972935],[-2147811.412796691,5189411.587932123],[-2147333.211539324,5189560.680200115],[-2146634.339191837,5189762.126661981],[-2146155.5072287023,5189805.552155769],[-2145498.7815254196,5189833.136320121],[-2144694.73531561,5189930.504154424],[-2144222.0709525472,5189949.58884816],[-2143631.2703668084,5189808.631405698],[-2143152.060001365,5189746.8930348195],[-2142445.2705746987,5189762.848271884],[-2141961.030314525,5189831.584945531],[-2141439.9327040827,5189943.676130115],[-2140850.3983045593,5190013.503398917],[-2140218.2104307553,5190046.865257808],[-2139561.238981158,5190073.909962435],[-2139038.127840114,5189975.709200847],[-2138447.831275881,5189835.234190749],[-2137782.5502869817,5189571.685423779],[-2137228.612443601,5189386.850791264],[-2136699.592051712,5189313.981295396],[-2136025.136258753,5189415.501989987],[-2135367.6663571964,5189442.533137812],[-2134428.2619516645,5189455.291251542],[-2134225.3353127814,5189433.127116239],[-2134224.614764628,5189441.220583663],[-2133942.5717177074,5189191.894033942],[-2133811.1412363555,5189021.888112721],[-2133502.80423574,5188625.726421319],[-2133383.6948968824,5188404.0262735225],[-2133145.719829175,5187959.609343705],[-2132907.753661301,5187516.193832491],[-2132670.5390284318,5187073.270508758],[-2132510.2718852707,5186812.55056824],[-2132410.8305708044,5186703.3720092755],[-2132198.0612509064,5186448.755293526],[-2131876.522416037,5186063.817666565],[-2131554.98534254,5185678.875225003],[-2131232.9463960864,5185293.428782381],[-2130911.163748337,5184908.986496547],[-2130589.381040968,5184524.032218092],[-2130267.849203462,5184138.566107288],[-2130163.4240519055,5184033.473815435],[-2129810.483194781,5183677.652294914],[-2129700.1154407123,5183589.303073452],[-2129308.566495665,5183277.360582159],[-2129164.7669678363,5183142.845036373],[-2128797.626688029,5182801.824099176],[-2128430.2368288604,5182460.80225151],[-2128256.5990417055,5182234.0616525365],[-2127950.787880522,5181835.762020133],[-2127645.731357282,5181437.449283546],[-2127348.427583222,5181109.338989972],[-2127236.703470051,5180990.658086175],[-2126892.0001864363,5180626.121477671],[-2126833.5518413945,5180577.681640064],[-2126448.2358838427,5180257.554838197],[-2126063.170224948,5179936.917916413],[-2125678.855713647,5179616.27016064],[-2125414.045632135,5179351.517664482],[-2125078.6262228168,5179207.347633521],[-2124619.4565876657,5179009.343099623],[-2124601.4469214147,5179009.023106969],[-2124101.170164621,5178999.560815146],[-2123601.3973773997,5178990.595800841],[-2123100.870451136,5178981.132108536],[-2122601.092106289,5178971.154133751],[-2122344.390085489,5178949.040078346],[-2122230.8271755595,5178946.679141794],[-2121730.8084015823,5178938.721103206],[-2121230.7872433756,5178930.761076045],[-2120730.518312739,5178922.804392303],[-2120230.7470279844,5178914.330466854],[-2119730.7297437894,5178906.364364974],[-2119230.4619196746,5178898.398846017],[-2118730.445388673,5178890.431499502],[-2118230.4264616976,5178882.459379656],[-2117729.907054118,5178873.983159188],[-2117230.14253644,5178866.004389193],[-2116730.124730367,5178858.029016546],[-2116670.6063348195,5178860.160345811],[-2116170.1825618707,5178878.47786728],[-2115914.986762874,5178928.642435585],[-2115423.5909581627,5179024.224010252],[-2114931.947714171,5179119.804651449],[-2114439.803362394,5179215.386448169],[-2113948.4114890434,5179311.464227978],[-2113456.268563981,5179407.038846036],[-2113263.1478439993,5179822.1029474],[-2113049.6734175524,5180280.845939547],[-2112934.246739266,5180527.74584098],[-2112916.626835358,5180566.351213535],[-2112703.909093557,5181024.561021791],[-2112490.195822907,5181483.272506398],[-2112276.7370233526,5181941.9711943865],[-2112063.2817686903,5182400.654082883],[-2111849.829135595,5182859.831092951],[-2111636.3791831075,5183317.983606595],[-2111422.9346126127,5183776.630198967],[-2111209.4917701753,5184234.756673565],[-2110996.0543094086,5184693.374227072],[-2110783.121306874,5185152.481032074],[-2110569.1873374386,5185610.573494197],[-2110355.760575227,5186069.152030977],[-2110142.3373923143,5186527.720275469],[-2109929.165916073,5186986.27012528],[-2109715.7498759096,5187444.812193692],[-2109502.5864500217,5187902.83163992],[-2109289.1766537675,5188361.851720414],[-2109076.02037215,5188819.844976462],[-2108862.620485442,5189278.835984432],[-2108649.4685972505,5189736.803049371],[-2108435.5730948043,5190194.764564471],[-2108222.1812143344,5190653.718950322],[-2108175.85122569,5190839.127588564],[-2108052.622107443,5191329.489381674],[-2107929.148681402,5191819.843049358],[-2107899.9969927,5192184.432332066],[-2107937.9474502765,5192434.153510313],[-2108014.350890117,5192933.072755328],[-2108089.754256805,5193431.993673493],[-2108165.913824634,5193930.893001224],[-2108242.076909332,5194429.781100766],[-2108318.2407667497,5194928.66077948],[-2108393.6609564857,5195427.533939535],[-2108469.8346177945,5195926.391104779],[-2108546.007121775,5196424.730291689],[-2108621.936927629,5196923.564698745],[-2108697.87219968,5197422.894579224],[-2108774.0599826844,5197921.706719948],[-2108850.0003952854,5198420.507319468],[-2108925.942412687,5198918.792728972],[-2109001.889913424,5199417.573568302],[-2109077.5928094084,5199916.342816654],[-2109154.2973293997,5200415.093592713],[-2109230.0045640175,5200913.8402830055],[-2109305.9662559954,5201412.575952423],[-2109382.182385441,5201911.295033146],[-2109458.1511875615,5202410.008088877],[-2109534.3744314574,5202908.704549305],[-2109580.5747822174,5203212.255347234],[-2109610.3503534915,5203407.394971664],[-2109625.1610131986,5203485.521703235],[-2109829.3619853095,5204538.393431761],[-2115406.354305295,5208776.480958237],[-2115646.2265004525,5209034.120710213],[-2118527.812315641,5212578.462480252],[-2122689.8230554676,5217593.69205182],[-2123010.0827439274,5218114.942384474],[-2125489.834935473,5220793.141695997],[-2125967.569074623,5222312.484881456],[-2125861.719439524,5222838.837463079],[-2125667.8196263616,5224078.525164586],[-2125511.023493935,5225273.86881099],[-2125367.976194881,5225869.622332079],[-2125109.743609803,5226726.306486095],[-2124883.1508792033,5227668.904963651],[-2124636.290950533,5228371.019040471],[-2124378.8467178694,5229228.0722669745],[-2124093.5289078015,5229763.529528621],[-2123830.4097574158,5230749.692052439],[-2123563.2919608615,5231210.77463219],[-2123315.7722727736,5231807.327705469],[-2123102.9228563886,5232149.832962834],[-2122854.956397539,5232641.45321636],[-2122625.138160989,5233164.148363451],[-2122568.768752001,5233832.417742036],[-2122499.661596035,5234445.816525644],[-2122385.967398079,5234812.021107756],[-2122113.1999372696,5235402.632625041],[-2121939.575686564,5236016.476561648],[-2121580.719264441,5236534.252015661],[-2121038.5535715707,5237165.193592913],[-2120983.508226239,5237273.118130665],[-2120838.2723083748,5237344.592854186],[-2120738.19085345,5237390.427062096],[-2119705.0645153713,5237670.05065977],[-2119513.3503617435,5237693.05621095],[-2117742.8839203017,5238234.293269128],[-2117592.356260685,5238296.226479251],[-2117458.97886935,5238390.265504778],[-2116814.009584279,5238785.107254891],[-2116705.170491693,5238885.9634485915],[-2116588.689054936,5239011.592824946],[-2116113.942384745,5239722.894478926],[-2116017.213696512,5239959.738466298],[-2115628.608421589,5241363.289083849],[-2115517.3512756913,5241649.139082425],[-2115466.358080491,5241821.004362801],[-2115184.2561162747,5243041.441728977],[-2115143.7671650825,5243268.6331419535],[-2115090.66115012,5243359.859169171],[-2114964.917082677,5244254.648069249],[-2114857.5166528407,5244449.695034928],[-2114522.3027312695,5244867.626311494],[-2114164.2656365563,5245489.859842467],[-2113765.2439153623,5246390.624265584],[-2113543.161895465,5247098.700552128],[-2113157.4075006563,5248159.481378283],[-2112924.7891190415,5249127.062927461],[-2112619.56452508,5250180.914983556],[-2112484.1439228426,5250961.57371399],[-2112396.813128412,5251649.05825663],[-2112091.6341742976,5252702.7522462495],[-2112048.7497818084,5253531.806987899],[-2111973.7163005564,5254168.703980728],[-2111945.529743575,5254502.925442197],[-2112019.4639016283,5255280.958309522],[-2112000.399240214,5256009.956849945],[-2111875.326724172,5256530.885384238],[-2111596.4120956245,5257040.6234708065],[-2111358.9419520586,5257377.218380326],[-2110937.4603614714,5257722.548390597],[-2110445.1299041086,5258574.627033266],[-2110038.9299291736,5259289.903297001],[-2109881.4648331916,5259619.6660832735],[-2109729.882334553,5259924.192957226],[-2109608.9686279395,5260209.798190751],[-2109380.668892545,5260836.764200205],[-2109195.8179517495,5261604.793917319],[-2109108.61228472,5262291.848317917],[-2109001.7427548557,5262737.891264897],[-2108818.4994280757,5262956.046490477],[-2108636.0093590324,5263174.696005442],[-2108459.907981863,5263472.827565517],[-2107961.8418436986,5263590.1182209505],[-2107317.576111353,5263776.69098467],[-2106800.8567967624,5263863.429758685],[-2106043.913734662,5263865.753909292],[-2105337.055396087,5263984.910400082],[-2104604.654962635,5263994.050071068],[-2104445.568761165,5263984.915412645],[-2103946.5519777667,5263957.706875854],[-2103608.684652937,5263900.852796969],[-2103115.9012019443,5263818.21469731],[-2102858.221039616,5263795.370207183],[-2102753.672560116,5263790.775146404],[-2102368.7774162684,5263628.127866681],[-2101908.2097311094,5263433.94438826],[-2101568.4231061707,5263599.102226387],[-2101511.089748021,5263687.711511309],[-2101240.093780129,5264112.49225636],[-2100968.591938965,5264536.25691678],[-2100697.3447429626,5264959.500903647],[-2100425.855136725,5265383.7407899005],[-2100154.363823331,5265807.465067997],[-2099882.878777949,5266231.175846663],[-2099611.648084587,5266654.868124035],[-2099340.167307959,5267078.551960477],[-2099068.6977830324,5267503.2292224895],[-2098797.474896077,5267926.883797389],[-2098526.255776664,5268350.020011721],[-2098254.796826638,5268774.656662054],[-2097983.8328329413,5269197.76365299],[-2097712.001022023,5269621.369714977],[-2097440.6716773175,5270044.957803988],[-2097169.5992140034,5270469.032120663],[-2096898.2794294995,5270893.095094127],[-2096626.5832302491,5271316.141105133],[-2096355.521350243,5271740.17471918],[-2096083.7079296024,5272163.699459539],[-2095812.7746288632,5272587.2028782675],[-2095737.8903268783,5272811.748085768],[-2095578.1362909286,5273289.085853181],[-2095534.0982614686,5273357.894249735],[-2095262.5489067992,5273781.366717545],[-2094990.3775412743,5274204.3264179975],[-2094718.835245923,5274627.771686597],[-2094447.2990339103,5275051.705191328],[-2094175.262303089,5275474.622981588],[-2093903.8574107059,5275898.026274249],[-2093631.8303166265,5276321.421414798],[-2093360.4299164647,5276744.292864833],[-2093088.5313691548,5277167.157853865],[-2092817.1406033211,5277590.503827518],[-2092545.1276570666,5278013.844372999],[-2092273.3690970694,5278437.169058072],[-2092001.9889672187,5278860.4768031165],[-2091730.108088627,5279283.270745465],[-2091458.2333536493,5279706.555496141],[-2091186.6103965128,5280129.319910577],[-2090915.3684781592,5280552.571847932],[-2090643.6311767467,5280975.814404319],[-2090371.7706229717,5281399.044167564],[-2090338.0676978813,5281601.471987939],[-2090147.530457024,5281818.3263546415],[-2089815.17061762,5282194.789041001],[-2089482.692362474,5282571.742083779],[-2089150.4653275798,5282948.176240584],[-2088817.3673765776,5283325.109966727],[-2088485.146363389,5283701.519434582],[-2088152.9256172962,5284077.919354855],[-2087820.5892169392,5284454.806743554],[-2087487.7515283395,5284831.187116881],[-2087155.54521632,5285208.051629141],[-2086822.8375814091,5285584.403592489],[-2086490.513153168,5285961.745735472],[-2086158.4372812815,5286338.070343759],[-2085825.738688597,5286714.385141379],[-2085493.6715004407,5287091.186440986],[-2085161.1057333234,5287467.475359319],[-2084828.545661769,5287844.256077545],[-2084496.4848420562,5288220.515935081],[-2084164.0548467296,5288597.270573205],[-2083989.4808256205,5288917.391291866],[-2083890.3046639275,5289028.798775211],[-2083554.987244189,5289402.034175436],[-2083219.6781897666,5289776.262755673],[-2082884.8683390992,5290149.970615605],[-2082549.4412281723,5290524.175495634],[-2082214.2624787432,5290897.861792699],[-2081878.9626770604,5291271.536767274],[-2081543.6685809542,5291645.703439207],[-2081208.5015183508,5292019.856662122],[-2080873.3347251716,5292393.493429201],[-2080538.170919876,5292767.117807638],[-2080203.139629848,5293141.232750214],[-2079867.9818045138,5293514.832323802],[-2079532.3307985642,5293888.927661682],[-2079197.3029928964,5294262.501367448],[-2078862.28093254,5294636.062637459],[-2078526.7629480034,5295010.119629462],[-2078191.8709078745,5295383.655007753],[-2077856.2348772902,5295757.688129587],[-2077521.4728578355,5296131.197599453],[-2077186.4657616697,5296505.200622457],[-2076851.210821442,5296878.6893415395],[-2076515.7080577526,5297252.170454055],[-2076366.2274283676,5297464.370602842],[-2076076.061378184,5297874.118980919],[-2075785.9015484003,5298284.360360765],[-2075676.8473724416,5298413.337427142],[-2075351.90839581,5298795.720790981],[-2075026.8484989742,5299178.593476174],[-2074701.7944645812,5299561.453335189],[-2074376.9888270427,5299943.797324999],[-2074052.0622528535,5300326.1295502195],[-2073727.141566758,5300708.949977093],[-2073402.3452312485,5301091.255583372],[-2073077.5547914673,5301474.049356269],[-2072752.6406259472,5301856.330531053],[-2072427.4787332946,5302238.600596568],[-2072102.5763825206,5302621.857818756],[-2071777.9195434686,5303003.597374426],[-2071453.2714261177,5303386.325933414],[-2071127.8767752855,5303769.551414814],[-2070803.2320445396,5304151.75059117],[-2070478.2099923687,5304533.441897539],[-2070153.574307694,5304916.119009907],[-2069828.9417335393,5305298.78324274],[-2069503.8106384042,5305681.441418334],[-2069178.8038188592,5306063.579348459],[-2068853.9269098935,5306445.706145107],[-2068529.430824362,5306828.320587132],[-2068204.3121566193,5307210.924400233],[-2067879.4445714478,5307593.012516184],[-2067554.5800757462,5307975.084796608],[-2067230.223224534,5308357.6467543915],[-2066905.3622058723,5308739.696178899],[-2066580.5099187354,5309122.23337209],[-2066255.6607464289,5309504.757620707],[-2065930.1888966395,5309886.773224353],[-2065605.5911373282,5310268.76892956],[-2065280.8724381651,5310650.749928362],[-2064956.0386199984,5311033.725784309],[-2064631.4529496843,5311415.682630677],[-2064306.8732818237,5311798.12714099],[-2063981.6654076732,5312180.063068055],[-2063656.967939124,5312562.482607496],[-2063331.7690466908,5312944.392560864],[-2063165.832494443,5313195.579128102],[-2062888.8543834132,5313613.711160434],[-2062611.8798483217,5314031.831834102],[-2062597.6581335103,5314058.534596179],[-2062550.9165016694,5314146.70299],[-2062317.7300392943,5314591.049669796],[-2062312.4111471337,5314601.124554188],[-2062084.0428927091,5315034.882184373],[-2061850.7401778842,5315479.200138575],[-2061617.0608048034,5315923.00295531],[-2061384.0139335762,5316367.289226672],[-2061150.2240054002,5316811.563715337],[-2061121.4172736278,5316909.106853131],[-2060868.0198734524,5317334.958914786],[-2060611.9049707127,5317765.833490823],[-2060355.7937980941,5318196.693521118],[-2060099.6893301166,5318628.042148102],[-2059843.4675344033,5319059.877524807],[-2059586.8659584867,5319490.700505192],[-2059330.7697297651,5319921.502235655],[-2059074.178365091,5320352.293263506],[-2058818.2166311124,5320783.567937543],[-2058562.0135667438,5321215.330214029],[-2058305.557457285,5321646.076439528],[-2058049.6069632922,5322077.307226387],[-2057998.3742633762,5322248.197626599],[-2057941.6077215734,5322350.929908254],[-2057698.2046106039,5322789.060787884],[-2057454.6870651047,5323227.67801003],[-2057211.79626132,5323666.275570493],[-2056968.4104374785,5324104.862109617],[-2056725.0284624894,5324543.433773214],[-2056481.6473044292,5324981.487615704],[-2056238.2702704393,5325420.029542858],[-2055995.6495198074,5325858.550812229],[-2055752.2799183812,5326296.562793173],[-2055509.0412232222,5326735.059062356],[-2055265.806383749,5327173.5404161755],[-2055022.5751161724,5327611.506738324],[-2054779.3479874919,5328049.958254872],[-2054536.1247180463,5328488.394834981],[-2054292.9022386663,5328926.3136642175],[-2054049.686687059,5329364.720365005],[-2053806.474998215,5329803.112108292],[-2053563.3908893447,5330240.987926859],[-2053319.6880667454,5330679.353518878],[-2053181.3470439175,5330971.575298582],[-2052966.3620413786,5331423.729619427],[-2052900.9597518803,5331643.220330559],[-2052871.4105880547,5331696.56495165],[-2052628.9690141564,5332134.872411667],[-2052386.4103716684,5332573.665740896],[-2052143.8525158358,5333011.944134035],[-2051901.5493370595,5333450.205642694],[-2051659.0023421405,5333888.956665827],[-2051416.3324315145,5334327.690828142],[-2051174.1617973219,5334765.406483604],[-2050931.6295560722,5335204.6122121895],[-2050689.0980758888,5335643.3004318345],[-2050446.81816353,5336081.471556708],[-2050204.4184936376,5336520.131302395],[-2049962.0195661837,5336958.273421207],[-2049719.6304097923,5337396.900218441],[-2049476.985310583,5337834.514294076],[-2049234.6011735792,5338273.110929342],[-2048992.2237035544,5338711.695189838],[-2048750.0950071071,5339149.760032191],[-2048507.2237019073,5339588.314992979],[-2048264.855142147,5340026.851137205],[-2048022.858979908,5340464.370061451],[-2047779.999380192,5340902.882366728],[-2047537.7692888891,5341341.3721583355],[-2047295.1623450897,5341779.349935422],[-2047053.064076274,5342217.808499961],[-2046930.6437202895,5342289.81569882],[-2046498.6094361977,5342542.857766544],[-2046067.205659471,5342796.388771589],[-2045635.8003635409,5343049.408599692],[-2045203.8979046885,5343302.423227842],[-2044772.6231837294,5343555.924031066],[-2044524.766423202,5343853.651078943],[-2044484.1947172587,5343940.068014132],[-2044271.9621279303,5344393.24254525],[-2044059.9908668962,5344847.401468271],[-2043847.6424677256,5345300.545755483],[-2043635.4249495517,5345753.673556781],[-2043423.2120167834,5346207.288018316],[-2043210.377098706,5346660.389155258],[-2042998.048355731,5347113.970526836],[-2042772.9879662653,5347473.016538454],[-2042507.3472833019,5347896.917700986],[-2042241.0879682924,5348321.310983109],[-2042149.5032756273,5348462.625873329],[-2041876.5969932964,5348882.541173094],[-2041604.0599302528,5349301.437583009],[-2041331.1609875269,5349721.323366766],[-2041058.3897398855,5350141.19348207],[-2040785.120055036,5350560.550295509],[-2040512.4769114007,5350979.8906634655],[-2040239.7166860653,5351399.716419227],[-2039967.086914359,5351819.526467611],[-2039693.9559381024,5352238.823249727],[-2039421.2067464362,5352658.604573214],[-2039148.2038538477,5353077.3716445165],[-2038875.588791467,5353497.122437959],[-2038602.974655332,5353916.858411954],[-2038329.8620748613,5354336.083875243],[-2038057.5027754265,5354755.286481416],[-2037784.4008535903,5355174.981426511],[-2037512.0516859954,5355594.157093656],[-2037238.957133042,5356013.822304624],[-2036966.4857781152,5356432.966415745],[-2036693.6460674491,5356852.10102783],[-2036420.6865898254,5357271.720728797],[-2036148.2323836898,5357691.321860776],[-2035875.4037092053,5358110.409240525],[-2035602.7027528114,5358529.483457597],[-2035329.7580320572,5358949.043535693],[-2035056.9404132036,5359368.086049021],[-2034209.2092718855,5360970.419119203],[-2033806.1287508544,5362254.950310222],[-2032791.0819223267,5364385.08149948],[-2032443.9367682259,5366085.88035152],[-2031666.5685489038,5366268.634395119],[-2029526.1206276964,5367566.874918018],[-2028524.9893119698,5368290.921486159],[-2027680.5017707373,5369196.792017929],[-2027101.552522602,5370106.807130812],[-2026703.7285474401,5370780.157537201],[-2025659.061061822,5373086.823884288],[-2024749.339028144,5373945.760307549],[-2024491.0558767484,5374225.264280426],[-2024313.9797517743,5374534.705400071],[-2024179.820360688,5374849.852130352],[-2024118.1147881246,5375123.044912976],[-2024056.7282952063,5375476.670421189],[-2023898.8805494062,5375799.44344823],[-2023692.5456076325,5376106.038817799],[-2023494.6693440112,5376388.591809793],[-2023223.8254213731,5376728.561010917],[-2023049.3150764906,5376938.511267779],[-2022841.9211423104,5377165.15666057],[-2022555.9227448222,5377552.65785171],[-2022294.2334842905,5377948.478823239],[-2021977.7452014813,5378512.468798113],[-2021676.3534115374,5378948.971818131],[-2021478.6913594163,5379311.863995639],[-2021233.365149781,5379738.98336011],[-2021060.3368502015,5380190.094728659],[-2020889.00746632,5380721.083150994],[-2020684.926776761,5381268.246428943],[-2020553.1902367224,5381758.4889672045],[-2020446.4717864129,5382337.942473779],[-2020379.0850963986,5382875.675715875],[-2020328.9352323397,5383445.735359398],[-2020205.9547354074,5384072.661526085],[-2020114.0823061743,5384523.111640458],[-2019933.892307208,5384997.575736149],[-2019775.7266265422,5385319.610979352],[-2019715.0413280784,5385673.4705186],[-2019402.437248161,5385812.243248619],[-2018798.9241703982,5385858.003277538],[-2018275.6505663136,5385902.751025586],[-2017792.4535590515,5385906.802112464],[-2017260.7714321632,5385895.186241107],[-2016777.959368533,5385900.229829958],[-2016382.8281625835,5385879.262105994],[-2016003.3469309197,5385810.268022099],[-2015405.8705764574,5385671.2601479925],[-2014865.080840732,5385523.905566994],[-2014322.832191039,5385295.688880734],[-2013700.4725990715,5385068.971898728],[-2013207.7869686328,5384936.289055054],[-2012790.0622609549,5384988.343567024],[-2012331.753090695,5385080.586141972],[-2011978.8195344987,5385260.022289678],[-2011536.414860942,5385304.232566203],[-2011126.1327375886,5385331.269952346],[-2010078.2994062006,5385260.46895521],[-2009819.0137901157,5385150.277448324],[-2009696.7009563087,5384950.871572758],[-2009523.4931078271,5384575.567512629],[-2009319.4811357805,5384295.798356505],[-2009121.9717498075,5383912.647508533],[-2008966.956524767,5383649.537991923],[-2008697.866094162,5383323.238251733],[-2008494.3125978077,5383123.82977484],[-2008251.310730232,5382965.604626626],[-2008016.712885604,5382863.738745139],[-2007717.851632438,5382794.22873369],[-2007401.4787729133,5382532.121840228],[-2007238.4669456773,5382372.892499102],[-2007065.7742242941,5381997.545713309],[-2006933.6155842666,5381661.378213787],[-2006857.1981963783,5381236.9801670695],[-2006829.8444958543,5380908.627662664],[-2006825.5934698165,5380507.222983688],[-2006894.5133171442,5380129.809810209],[-2006907.9448671339,5379840.622756862],[-2006904.7775580736,5379519.5753980335],[-2006829.6446791315,5379255.40568009],[-2006690.6252288427,5379024.094800013],[-2006503.819988693,5378857.500900602],[-2006212.2148155894,5378683.083330729],[-2005945.3648625538,5378597.393313692],[-2005686.969932496,5378487.680661209],[-2005420.1193767032,5378401.489382521],[-2005201.1774129644,5378250.57700423],[-2005060.897326758,5377858.972917442],[-2005009.8261565226,5377602.62054412],[-2004870.2419611444,5377290.900059866],[-2004771.383856647,5377098.766940591],[-2004617.09087772,5376915.97561756],[-2004414.3829531046,5376797.412112337],[-2004099.1750422686,5376695.54723291],[-2003743.689701561,5376554.486810996],[-2003372.1622809872,5376460.470037456],[-2002928.1080589166,5376344.4415442],[-2002467.6997618992,5376196.056601209],[-2001855.2067998084,5376105.072019353],[-2001525.6023018807,5376212.04011346],[-2001220.108078839,5376246.441567395],[-2000784.1280728972,5376105.3891017465],[-2000588.6793969048,5375882.407863923],[-2000222.6637329787,5375524.67423861],[-2000011.9369993287,5375350.225429445],[-1999606.773342367,5375112.59270138],[-1999323.2599979592,5374914.633731369],[-1999096.3771805645,5374788.229962722],[-1998790.1897940591,5374742.23566054],[-1998531.8633276462,5374712.4146632645],[-1998290.6364987995,5374714.449730698],[-1997968.793792992,5374716.993969558],[-1997702.6365726048,5374711.195124833],[-1997220.251567271,5374795.161178272],[-1996778.5235278497,5374919.814269204],[-1996544.501239997,5374897.328302927],[-1996261.9272158616,5374779.266795956],[-1996162.6351126633,5374507.230033591],[-1996281.0096668154,5374224.819714651],[-1996366.321527318,5373879.68694399],[-1996395.4484616842,5373542.892198589],[-1996415.926002275,5373149.211786712],[-1996323.6548262457,5372772.722815444],[-1996169.2488860283,5372589.409904565],[-1995827.8013901801,5372239.473864788],[-1995639.138154702,5371912.030896725],[-1995482.5460373773,5371487.978776181],[-1995511.4341747123,5371151.143002338],[-1995493.2740909148,5370878.034181554],[-1995465.8541537512,5370549.539238433],[-1995407.2318937585,5370317.14104328],[-1995169.4786848326,5369814.151032035],[-1994851.4123577995,5369390.591672317],[-1994605.3349417916,5368911.612183717],[-1994400.2870640112,5368472.321662566],[-1994317.2450814736,5368232.065770397],[-1994266.9648558607,5367975.610618193],[-1994191.4525362523,5367631.387000059],[-1994044.2674242123,5367423.506042896],[-1993785.2058950977,5367233.3362188125],[-1993478.8975479095,5367187.349018491],[-1993189.7439534087,5367254.161814368],[-1992820.1503029275,5367401.421568256],[-1992331.651115248,5367669.841553052],[-1991874.2385271555,5367842.632846032],[-1991247.0710937048,5367959.560968639],[-1990869.4663188064,5368050.904654685],[-1990295.580982738,5367758.853955065],[-1990140.4400265473,5367575.513853316],[-1990098.6735780165,5367374.958822466],[-1990136.4778802728,5367094.461136286],[-1990110.3779713497,5366845.342902137],[-1990075.7022910225,5366621.255500888],[-1989833.2354825402,5366462.450396225],[-1989580.7012158749,5366167.319761882],[-1989402.4434142555,5366057.056442938],[-1989463.995832677,5365702.943004872],[-1989566.8828392897,5365469.964118067],[-1989483.2975136675,5365149.247842334],[-1989328.6634466113,5364965.883553364],[-1988722.4055446635,5364690.505522413],[-1988343.1897333278,5364621.007423839],[-1987889.955679796,5364367.621588652],[-1987582.294271727,5364161.259089226],[-1987418.6042896449,5363842.04553409],[-1987303.0122430609,5363537.507210163],[-1987187.6822094661,5363233.962377779],[-1987095.0527836848,5362777.367152512],[-1987076.2599455363,5362424.213527069],[-1987016.867951695,5362111.295461329],[-1986901.5455267187,5361807.725390515],[-1986802.9363915753,5361535.528374582],[-1986535.1339317495,5361288.908635028],[-1986131.0686554846,5361131.624381283],[-1985330.8963637217,5360792.514628403],[-1984901.8129579334,5360466.984504594],[-1984616.4986411326,5360108.034722303],[-1984606.9050007167,5359892.207833858],[-1984693.3397536392,5359625.7832445605],[-1984876.2460427491,5359391.704751196],[-1985124.098984847,5359205.177538587],[-1985283.2030073113,5358963.250332575],[-1985320.6271705371,5358601.664569936],[-1985133.621102339,5358434.458151835],[-1984794.5131629996,5358325.218613638],[-1984334.5119745107,5358176.287747922],[-1983705.4384203875,5358052.948225223],[-1983220.342017109,5357815.716905424],[-1982043.0182170076,5356580.8895200435],[-1981838.5952324683,5356221.351935529],[-1981652.0967295142,5356054.129938347],[-1981417.4108217277,5355951.701046569],[-1981339.1461640461,5355875.237435031],[-1981214.572948489,5355752.594518235],[-1980867.215197094,5355586.921947123],[-1980421.3133322056,5355228.952932619],[-1980081.6663735693,5355039.235098526],[-1979597.4922764695,5354881.955265849],[-1978982.773549684,5354550.0780140795],[-1978602.9845189727,5354320.130955564],[-1978069.5461125497,5354067.195792231],[-1977422.936388404,5353751.019000213],[-1976896.8013771134,5353394.059139864],[-1976451.1650675274,5353036.565192998],[-1976214.9994745713,5352693.192843395],[-1976099.964761736,5352388.512319267],[-1975992.9374574025,5352140.764528786],[-1976047.2738615568,5351891.452099212],[-1976132.716572686,5351545.448236932],[-1976193.8256909747,5351111.604060826],[-1976216.1538359786,5350878.983861466],[-1975974.136163428,5350800.587413203],[-1975764.7907664801,5350785.969465734],[-1975459.0218894016,5350820.478764208],[-1975185.3990223142,5350838.778474874],[-1974639.9618504548,5351035.340918981],[-1974206.1283800092,5351134.677520821],[-1973723.5670390846,5351218.833099332],[-1973208.5805053832,5351238.706957139],[-1972846.2114243621,5351201.092175895],[-1972507.4858950467,5351091.832086127],[-1972240.7874031926,5351005.0972126555],[-1971756.216655157,5350768.317380512],[-1971416.0490756442,5350498.095410611],[-1970849.290547794,5350100.8762699915],[-1970493.033205039,5349798.256716606],[-1970168.1710995378,5349479.431206675],[-1969795.3317733374,5349144.917336807],[-1969536.1983349035,5348954.639573463],[-1969229.61583506,5348828.1682982175],[-1968832.8829714744,5348565.800012507],[-1968420.5984086653,5348352.527636029],[-1968096.7768889978,5348114.173421859],[-1967917.7357745338,5347842.870115829],[-1967745.755784315,5347467.020881121],[-1967646.8053610672,5347114.683288216],[-1967555.0732847515,5346737.790461603],[-1967479.8030985873,5346392.785401451],[-1967413.2849247449,5346104.716114957],[-1967225.9053191326,5345856.942043736],[-1967008.1946619714,5345786.376882091],[-1966653.91496299,5345724.711357712],[-1966274.8374418463,5345655.210542695],[-1965896.3828246086,5345585.705061086],[-1965452.4908486186,5345468.6264916025],[-1965121.361924227,5345334.305352632],[-1964773.7483169085,5345088.083765889],[-1964666.8697608854,5344839.775966931],[-1964544.0385460453,5344560.063611219],[-1964493.9869413956,5344303.871481956],[-1964410.8869144467,5343982.888300028],[-1964264.278164783,5343775.332251319],[-1964078.5878743813,5343688.551341431],[-1963636.6208402677,5343731.476573479],[-1963338.1637542923,5343661.441473688],[-1962903.1426299145,5343600.30714902],[-1962717.4497229527,5343513.5230555795],[-1962529.807551746,5343185.222860502],[-1962398.4878369924,5342849.04507613],[-1962250.9666023988,5342481.462053626],[-1962103.7172686972,5342193.386508687],[-1961810.2422662906,5341697.732981036],[-1961567.958730913,5341538.803636599],[-1961270.026820921,5341549.27969677],[-1960876.1586904896,5341607.900449872],[-1960813.2920833733,5341801.354582484],[-1960686.658598064,5342107.244424266],[-1960551.6642557816,5342357.176807362],[-1960336.421517569,5342607.633965264],[-1960008.6666650865,5342874.827875902],[-1959598.0923785847,5342901.536806041],[-1959260.024546943,5342871.760888165],[-1958912.6938687451,5342706.034860515],[-1958670.0353785332,5342547.1156794345],[-1958515.5860386654,5342363.113096932],[-1958256.0708722146,5342092.291839799],[-1958069.7313117546,5341924.996351813],[-1957746.8278057028,5341766.605322043],[-1957488.6322773963,5341736.302997372],[-1957215.1264748343,5341754.608674462],[-1956982.2521629208,5341812.150530665],[-1956677.4996198616,5341926.670277188],[-1956404.6421346322,5342024.9766839035],[-1956042.4197805794,5342067.361928936],[-1955656.12748031,5342022.39981492],[-1955193.2802491984,5341949.434552286],[-1954887.2320776805,5341692.422499905],[-1954580.6828209187,5341434.909916473],[-1954274.757424341,5341177.393806231],[-1954253.6429960576,5341159.530783448],[-1953959.8809718597,5340888.428663409],[-1953708.6184250936,5340655.549007188],[-1953360.4685732883,5340458.813979177],[-1953127.3599011193,5340326.32645658],[-1952809.6575888754,5340083.380649551],[-1952566.703049678,5339897.4497848535],[-1952242.8032139987,5339662.0422409875],[-1952115.0744048303,5339568.866142225],[-1951805.5608339023,5339315.35808679],[-1951604.494317078,5339150.650902536],[-1951213.0879923413,5339068.211208175],[-1951081.0358332484,5339041.07711643],[-1950730.4199868618,5338848.848094891],[-1950544.3875883082,5338747.050892158],[-1950209.10107651,5338528.716172804],[-1949873.6944452892,5338310.87705553],[-1949720.2971822014,5338210.365635541],[-1949362.396373093,5338032.184322687],[-1949272.730728295,5337987.265207129],[-1948913.7184820916,5337810.5897939615],[-1948554.583112795,5337634.413317739],[-1948352.691698738,5337535.220355075],[-1947981.242568197,5337387.631069635],[-1947800.2776339983,5337315.307246225],[-1947415.8140698466,5337204.811969808],[-1947137.806098821,5337125.623279687],[-1946738.0097717678,5337137.758950411],[-1946338.594774394,5337150.891387256],[-1946273.7326742357,5337152.817896311],[-1945899.5194537102,5337294.309464268],[-1945566.5879848532,5337421.026008067],[-1945168.5826277682,5337458.6467888905],[-1944797.4375147356,5337494.090621095],[-1944436.5560950763,5337667.488157796],[-1944076.555051414,5337841.376764793],[-1944044.4049098755,5337856.590912366],[-1943726.3460881372,5338098.707870212],[-1943456.3100174582,5338305.498098526],[-1943128.04421119,5338534.670324972],[-1942968.637522483,5338645.72128922],[-1942627.622253092,5338855.463787338],[-1942400.6579458783,5338995.452964778],[-1942020.2079714448,5339118.438821219],[-1941639.7584435658,5339241.421130382],[-1941619.426135253,5339248.052459027],[-1941219.743365746,5339258.15582882],[-1941069.6487407093,5339262.632588409],[-1940682.7503105884,5339162.145214815],[-1940551.405203331,5339127.999640721],[-1940156.857564496,5339062.56382273],[-1939948.0097465373,5339027.921365789],[-1939551.7867688716,5338973.993877348],[-1939240.0139352037,5338931.519816039],[-1938844.7391022365,5338869.087949105],[-1938735.7560644792,5338852.294630169],[-1938336.948201207,5338823.883652994],[-1938171.8762079184,5338812.453597014],[-1937778.1696292823,5338741.510034215],[-1937384.5871193449,5338670.562311547],[-1937294.6066418749,5338654.146661953],[-1936948.931070022,5338452.890278992],[-1936603.1292898639,5338251.630824332],[-1936599.1110232433,5338248.655522418],[-1936243.920261718,5338064.458174156],[-1936012.391801645,5337943.958771405],[-1935615.4652631688,5337897.0311042685],[-1935218.0367218875,5337849.607094054],[-1935149.356268096,5337841.053718121],[-1934779.99167627,5337687.4453000305],[-1934646.5105905826,5337632.309488089],[-1934286.8851073436,5337457.638285241],[-1933985.3161381485,5337311.589818969],[-1933634.2113152307,5337120.859759818],[-1933284.7362370978,5336930.619754811],[-1932888.5146410984,5336876.6842374755],[-1932576.625338806,5336835.205098172],[-1932178.2776744345,5336800.282833422],[-1931779.8092727223,5336765.862116816],[-1931732.9076568366,5336761.667774589],[-1931341.5079430079,5336680.197785232],[-1930950.2318700112,5336598.227587017],[-1930810.9165245458,5336568.629917753],[-1930416.9735824359,5336499.175121451],[-1930023.1487680427,5336429.222860399],[-1930008.2589755747,5336426.81936051],[-1929634.4612975337,5336283.232058695],[-1929261.7855707405,5336139.639660891],[-1928873.90048657,5336040.645104659],[-1928693.478781319,5335994.309700389],[-1928312.5762941495,5335873.267278575],[-1927931.1684059112,5335751.229888236],[-1927742.4087025193,5335691.448333217],[-1927358.8071949459,5335577.9241887685],[-1926975.327115561,5335464.398747659],[-1926836.188921414,5335423.294044183],[-1926439.3617075693,5335371.855620806],[-1926042.5281012673,5335319.416062513],[-1925848.2419814575,5335294.169830305],[-1925454.7068606152,5335366.208197432],[-1925253.070386176,5335403.008884833],[-1924873.7719287341,5335530.452589713],[-1924494.4743872308,5335658.391482605],[-1924300.8956416962,5335723.633289235],[-1923907.1984389261,5335653.670232596],[-1923513.2504992888,5335583.705433087],[-1923497.8619197686,5335581.304727394],[-1923110.3528305187,5335482.798736599],[-1922929.931466378,5335436.459699429],[-1922544.2602253933,5335331.442633603],[-1922158.07835222,5335225.427932457],[-1922093.0942774196,5335208.348102969],[-1921835.2497895407,5334902.012032632],[-1921614.4403274178,5334639.938541309],[-1921424.5568870548,5334288.160330007],[-1921233.9198987808,5333935.879702399],[-1921202.0438536142,5333877.084613132],[-1921016.7704697994,5333522.764584252],[-1920942.4893553327,5333381.23616006],[-1920652.7230495967,5333105.087397199],[-1920362.710325829,5332829.436395605],[-1920205.2524003757,5332679.940172877],[-1919907.669770309,5332412.335446714],[-1919789.7438502193,5332306.586703841],[-1919418.053418053,5332158.969383756],[-1919237.3411633302,5332086.629570044],[-1918912.8482722344,5331852.697338488],[-1918830.7190881472,5331793.221323465],[-1918589.1842448742,5331474.239865531],[-1918362.5245807956,5331174.161138992],[-1918019.0963472843,5330969.350555716],[-1917692.352922183,5330773.9298123615],[-1917295.8225648627,5330827.9993313765],[-1916942.381996622,5330876.289538688],[-1916543.4911675646,5330912.368231332],[-1916145.4649444162,5330947.439028095],[-1915987.4328101513,5330961.961480689],[-1915591.3061127018,5331020.019454812],[-1915477.0401932683,5331036.756378175],[-1915096.1991948208,5331159.723578786],[-1914890.4986352297,5331226.051976677],[-1914506.0716692728,5331335.032449416],[-1914364.8321962697,5331375.442980738],[-1913972.3314058958,5331453.471830045],[-1913794.3132042636,5331489.616174483],[-1913396.7327086371,5331535.170395647],[-1912999.2699691376,5331579.721473737],[-1912994.1531129717,5331580.754773671],[-1912602.5044708643,5331498.263874028],[-1912211.1103232757,5331416.768517612],[-1912096.8341883335,5331393.001653103],[-1911705.1857537571,5331310.509491402],[-1911314.0389692725,5331228.010810405],[-1911224.7937139485,5331209.082863111],[-1910827.9537816006,5331155.62272237],[-1910431.875832343,5331103.656338752],[-1910212.315432047,5331074.060937094],[-1909823.7036720503,5330978.047171081],[-1909519.4743122966,5330902.4918554155],[-1909142.133139128,5330769.903088387],[-1908764.6654292562,5330637.314574013],[-1908598.7965507745,5330579.372379184],[-1908202.7030612694,5330524.903253977],[-1907890.6809026522,5330481.8989290735],[-1907490.7012308345,5330484.455037426],[-1907291.2116128157,5330485.729429605],[-1906893.927622131,5330440.7655858295],[-1906757.4606718733,5330426.136742006],[-1906362.072351596,5330364.659242272],[-1905966.8081224684,5330303.18306625],[-1905824.9225605507,5330281.587847394],[-1905429.426730247,5330223.110856841],[-1905033.308099762,5330164.634424368],[-1904991.7649647612,5330157.901690922],[-1904592.3193496878,5330165.945871788],[-1904192.121003823,5330173.494697735],[-1903972.89857491,5330177.390379633],[-1903573.154808648,5330197.435370374],[-1903472.9367729,5330202.074747418],[-1903075.3313911317,5330244.102212374],[-1902727.8123753571,5330279.80988228],[-1902336.7282631996,5330363.789525019],[-1902237.114364905,5330384.920431483],[-1901844.0835956892,5330457.910537039],[-1901451.4310362586,5330531.397400514],[-1901383.0446298523,5330568.326343227],[-1901015.0474728027,5330411.673892573],[-1900647.0474551439,5330254.519212842],[-1900399.2536297732,5330149.100485861],[-1900163.073700086,5329826.619301383],[-1899973.682604636,5329568.336426708],[-1899874.8537941154,5329418.470732173],[-1899785.780052024,5329348.037599436],[-1899425.0582365387,5329174.834056408],[-1899407.3801099157,5329166.446905461],[-1899233.1561683218,5329131.052980659],[-1899108.6188124132,5329105.344947183],[-1898709.0270261676,5329090.380423151],[-1898644.8861520195,5329087.7888843035],[-1898545.255889299,5329067.420656287],[-1898415.379522513,5329066.7452462595],[-1898017.6423027872,5329028.769088996],[-1897702.5722823811,5328997.767023508],[-1897323.5259966187,5328872.176325569],[-1896943.9747422966,5328745.587892972],[-1896682.3006388436,5328658.7504225895],[-1896532.729613639,5328627.698999532],[-1896144.625277522,5328531.660749191],[-1895756.0135620986,5328435.12637485],[-1895368.0335029706,5328339.089063532],[-1895297.5501474745,5328322.035185356],[-1895093.2011429083,5328305.828678819],[-1894693.596913211,5328288.8594106175],[-1894294.3770452284,5328273.385911052],[-1893894.7728865375,5328256.414628892],[-1893831.756459191,5328253.811816408],[-1893672.3807254967,5328272.817643921],[-1893277.813841682,5328340.306866408],[-1893053.1895860839,5328379.722453905],[-1892918.2158332304,5328403.072869947],[-1892546.660279848,5328550.900367812],[-1892174.8513251264,5328698.229321387],[-1892013.76184615,5328762.735831359],[-1891724.527000947,5329039.520787218],[-1891436.0460405317,5329316.290402794],[-1891147.0591074575,5329592.556606452],[-1891010.0247305585,5329723.893125117],[-1890939.9758094342,5329813.814454839],[-1890864.4526996615,5329927.763940257],[-1890571.1935374597,5330199.540459894],[-1890277.5578746,5330470.812923666],[-1890062.216924378,5330671.107861237],[-1889966.8785218797,5330754.6794498125],[-1889637.3386178915,5330982.1732102],[-1889307.545388287,5331208.664811049],[-1889240.5871076945,5331254.066139059],[-1888866.252214674,5331395.854353378],[-1888705.7661306362,5331455.835845342],[-1888575.890860346,5331455.644784059],[-1888180.7405920858,5331392.126829994],[-1888022.5811145627,5331367.122647396],[-1887868.4210076672,5331361.084459294],[-1887477.0943575928,5331445.491250212],[-1887086.3907559146,5331529.888780263],[-1886944.4640639925,5331560.260648197],[-1886804.158546084,5331609.615062792],[-1886450.1077763,5331795.741323101],[-1886096.686129254,5331981.858522278],[-1885988.6760025988,5332038.50499518],[-1885616.6311009894,5332185.749770229],[-1885253.4289752182,5332328.434177059],[-1884853.8211305838,5332329.909873998],[-1884759.698722868,5332329.990752384],[-1884635.03962289,5332304.773181714],[-1884510.6253527529,5332279.055425965],[-1884126.409531857,5332166.983936725],[-1883898.1157067674,5332100.928065615],[-1883708.908305811,5332010.137511293],[-1883569.8926739604,5331929.534934537],[-1883196.9721066675,5331785.406259644],[-1882823.553025904,5331641.282816615],[-1882559.2790540995,5331539.462062629],[-1882390.5184791414,5331479.031394326],[-1881995.0096363074,5331418.004792096],[-1881599.621640742,5331356.475439537],[-1881383.78429461,5331322.825362326],[-1881139.0063475517,5331376.314473443],[-1880752.6781250844,5331479.650101479],[-1880365.845430313,5331582.487198182],[-1880314.4356062757,5331596.299471935],[-1880204.6228733272,5331625.46276012],[-1880004.693703677,5331713.652012668],[-1879642.4207049035,5331883.795604641],[-1879314.1720775052,5332038.236172745],[-1879224.0597939629,5332098.259069991],[-1878837.3495611793,5332200.58222292],[-1878619.6045506278,5332258.888945788],[-1878227.4665269826,5332177.842650908],[-1878171.144846022,5332166.693763462],[-1878076.4757220242,5332120.800530454],[-1877982.184656669,5332075.406243316],[-1877613.5625762565,5331919.255624732],[-1877265.4969939599,5331771.971757322],[-1876919.7114435628,5331571.204393875],[-1876639.4227065183,5331409.013925416],[-1876245.488643508,5331339.969937395],[-1875851.2914712091,5331269.428492276],[-1875761.944760393,5331253.983623718],[-1875662.4408262304,5331233.6069977],[-1875295.0882718642,5331391.772864104],[-1875092.5325406783,5331479.467479808],[-1874832.2365342132,5331607.490052202],[-1874616.7898210054,5331770.715567324],[-1874285.8673911297,5331995.105551714],[-1873954.8224765065,5332219.991295049],[-1873623.8989423255,5332443.870195585],[-1873589.2982856627,5332467.068434499],[-1873214.3287983008,5332606.26295802],[-1872914.4257631833,5332717.0193192335],[-1872799.5249951642,5332770.682139006],[-1872689.7193677376,5332800.330116715],[-1872289.8007548805,5332792.273269685],[-1871991.0170825752,5332786.095515743],[-1871590.9316174819,5332791.026272372],[-1871190.8424870656,5332794.956059289],[-1871157.9735762384,5332795.656841956],[-1870822.4506815718,5332578.349183985],[-1870745.3823582735,5332528.851986386],[-1870607.2771541723,5332318.337699817],[-1870440.8096537967,5331954.595491302],[-1870274.2235554825,5331591.346076923],[-1870213.747145133,5331458.800719407],[-1870134.352324778,5331338.860574467],[-1870055.202544431,5331218.417015923],[-1869863.2005114453,5330867.30510532],[-1869671.0801431413,5330517.185280579],[-1869479.206186479,5330166.061125696],[-1869414.3222409494,5330047.523834794],[-1869256.1644053967,5329808.122392059],[-1869007.1623738962,5329494.814873839],[-1868761.1950483376,5329186.481635293],[-1868652.3062607022,5329086.201666266],[-1868518.3810343721,5328980.576236821],[-1868433.8974181768,5328885.140402929],[-1868119.5737964334,5328637.689115005],[-1867853.7380732645,5328427.920897216],[-1867753.7332878734,5328407.542211777],[-1867515.091047865,5328306.053951075],[-1867163.8746403055,5328114.296190853],[-1866978.483047941,5328013.481088537],[-1866849.656115796,5327883.331094252],[-1866715.1099836312,5327777.705409881],[-1866442.2469076568,5327484.509685782],[-1866205.008407614,5327230.577461069],[-1866063.0813916493,5327006.045156471],[-1865991.4892158809,5326893.032687364],[-1865777.2222741393,5326555.487425375],[-1865637.8254607592,5326334.930293001],[-1865538.6222625857,5326184.599652358],[-1865428.4362477392,5325800.419727979],[-1865337.158330098,5325480.094697568],[-1865169.3657548346,5325117.747983785],[-1865093.0686874515,5324952.271298158],[-1864921.9123678566,5324590.936187394],[-1864826.2630663319,5324389.086673125],[-1864522.35243228,5324639.883498056],[-1864214.3427804594,5324894.6990753375],[-1863905.9564690965,5325149.0111372],[-1863585.955748252,5325127.986072896],[-1863187.1609312054,5325100.44642007],[-1863008.4120882628,5325100.042420612],[-1862608.5334285048,5325098.499220219],[-1862208.152810054,5325096.456523498],[-1861808.2742170535,5325094.911005027],[-1861699.0759098416,5325063.5919756405],[-1861314.5177860456,5324954.489576421],[-1860929.4614203535,5324845.891139778],[-1860682.2179620832,5324846.408672059],[-1860282.3552061887,5324847.356164561],[-1860120.6628233942,5324934.813696162],[-1859768.8751896773,5325125.390034245],[-1859417.7139267002,5325315.957291467],[-1859405.298706205,5325329.526484039],[-1859137.8132197936,5325626.530421363],[-1859054.5877296426,5325650.02703996],[-1858669.909224024,5325758.823288444],[-1858544.9544948856,5325667.129557749],[-1858222.2124470216,5325430.706383421],[-1858120.8984445021,5325302.382913681],[-1857872.9112270651,5324988.034455044],[-1857773.4385707825,5324774.7338403715],[-1857604.8920580617,5324411.41153591],[-1857584.5314592903,5324374.052116843],[-1857392.6903493807,5324022.860482349],[-1857201.2233220467,5323671.663564028],[-1857009.7642129231,5323320.959519091],[-1856817.8051382422,5322969.751366371],[-1856717.390493646,5322804.420214417],[-1856509.2394289381,5322462.301543274],[-1856328.9164114643,5322390.429677803],[-1855957.4824832694,5322241.252188514],[-1855612.442948751,5322313.846299545],[-1855221.098804885,5322397.219299247],[-1855027.5700096248,5322471.38063118],[-1854653.8502208344,5322614.620730128],[-1854324.032421751,5322662.623248304],[-1853928.2789596037,5322720.521201472],[-1853736.2176413017,5322690.206857776],[-1853341.2017531306,5322627.142662378],[-1852946.313092701,5322564.578501162],[-1852716.4489161463,5322506.001381506],[-1852328.8294998722,5322406.9039976755],[-1851997.2689096215,5322336.954184991],[-1851606.2531024122,5322253.869674868],[-1851534.337949823,5322247.310344067],[-1851135.7351766902,5322210.256073816],[-1850737.763931364,5322173.698411075],[-1850372.1569953628,5322195.916616543],[-1849972.6864160888,5322219.342559054],[-1849680.4225723338,5322315.584015124],[-1849300.840949664,5322440.344385857],[-1849020.998350217,5322445.042876265],[-1848620.8017800658,5322452.474737526],[-1848465.5016022883,5322404.438909012],[-1848083.6378697376,5322285.807460769],[-1847780.843984304,5322198.685218383],[-1847396.2779404337,5322088.066734959],[-1847379.1207673773,5322082.672125017],[-1846996.7497029386,5321963.045030311],[-1846615.2587423916,5321844.41210375],[-1846459.155907109,5321787.881154607],[-1846083.062308901,5321652.721054197],[-1845966.5765709137,5321614.944518282],[-1845586.4142407698,5321488.803195558],[-1845206.8777175345,5321362.65753698],[-1845037.4052679623,5321247.2346680965],[-1844706.7497469224,5321022.329412139],[-1844619.0611570207,5320952.389476858],[-1844306.378985579,5320703.385049217],[-1844092.0423075315,5320629.215804356],[-1843714.105089312,5320498.558710319],[-1843335.9141943783,5320367.403942759],[-1843124.3718511693,5320340.198062781],[-1842727.6831089999,5320289.127226082],[-1842373.6424787147,5320201.80852243],[-1841985.29525697,5320105.699565476],[-1841659.6440587,5320000.713590855],[-1841278.6269453308,5319877.571199267],[-1841226.211143482,5319890.884291392],[-1840839.2240244923,5319991.692346689],[-1840451.8560904972,5320091.496976498],[-1840422.674722138,5320122.162466542],[-1840357.3593971562,5320191.530011685],[-1840082.3069269233,5320481.572134479],[-1840042.269801279,5320714.710737129],[-1839974.1229316974,5321108.940179183],[-1839952.7068400164,5321241.505996367],[-1839888.0639933455,5321636.201695673],[-1839681.8075245859,5321793.364273775],[-1839364.4674440501,5322036.145852018],[-1839328.6988973178,5322152.297242844],[-1839212.616984592,5322535.278780753],[-1839159.1115131446,5322712.499308664],[-1839096.782166951,5322917.251181299],[-1839079.438625167,5322981.816295264],[-1838976.2604138735,5323368.696957835],[-1838872.5765534726,5323754.071738382],[-1838715.3403992525,5323992.354522851],[-1838495.3296305211,5324325.441370523],[-1838324.4835691408,5324565.793120974],[-1838092.5595395684,5324891.939251842],[-1837909.1453851678,5325081.892733055],[-1837630.4729803284,5325368.334124303],[-1837607.0815917803,5325385.45938967],[-1837282.9548268027,5325619.703849736],[-1836959.0739891876,5325853.439105675],[-1836871.8158235592,5325910.412516649],[-1836537.848816069,5326130.210372449],[-1836353.284712428,5326237.215105517],[-1836006.8145718935,5326436.598721963],[-1835790.3246315753,5326633.209176475],[-1835494.6748787274,5326902.217515621],[-1835242.6754633603,5327194.439813377],[-1834981.9953206184,5327497.694165071],[-1834900.5663605633,5327606.069835796],[-1834660.4919785764,5327925.177176993],[-1834565.3107607488,5328013.651384552],[-1834273.568481255,5328286.59442523],[-1834040.487697497,5328487.260196288],[-1833737.164232126,5328747.273596805],[-1833464.3428721987,5328987.619899868],[-1833164.4272450525,5329252.593280775],[-1833108.5136051185,5329304.364016232],[-1832815.2725012505,5329576.282165106],[-1832522.1536016462,5329847.690470434],[-1832483.9643137993,5329876.381399472],[-1832164.6483984906,5330116.972530735],[-1831844.8315757148,5330357.058789716],[-1831509.3290312956,5330529.310618703],[-1831153.7655173985,5330711.661462565],[-1830797.8311190812,5330894.507655404],[-1830662.9951319406,5330977.19065583],[-1830322.102704966,5331185.412264655],[-1830196.6354855937,5331286.515831299],[-1829885.0164736505,5331537.003514432],[-1829804.177243959,5331619.367168332],[-1829523.527378243,5331903.623428478],[-1829370.081289885,5332161.671658419],[-1829165.943018355,5332505.389759169],[-1829083.98890249,5332646.673564531],[-1828883.4873915298,5332991.853932566],[-1828864.6113910018,5333010.438361081],[-1828580.3160641724,5333290.685106371],[-1828295.9074679865,5333571.9207287375],[-1828028.1866074672,5333747.709396856],[-1827694.1294427605,5333967.306928805],[-1827366.9430138431,5334147.918863495],[-1827016.961865828,5334340.640852725],[-1826666.8607001035,5334533.8536815215],[-1826306.4982223518,5334706.15364806],[-1825945.6380559201,5334878.949756196],[-1825791.3435400787,5334966.695228879],[-1825444.2759194057,5335164.867184141],[-1825181.9846102358,5335386.512127665],[-1824877.1869990043,5335644.833211396],[-1824785.7909605536,5335793.61361757],[-1824576.7810061278,5336133.743055482],[-1824368.2725269417,5336474.360544286],[-1824353.8112868925,5336517.871050344],[-1824226.3077750162,5336896.950393318],[-1824099.0483213507,5337275.02167219],[-1823994.092937097,5337527.676742556],[-1823841.1540927887,5337896.391759879],[-1823754.413919007,5338124.972477284],[-1823612.884897505,5338498.09865146],[-1823529.8358986645,5338641.804216736],[-1823329.2522748886,5338987.297866578],[-1823129.048399866,5339332.779335886],[-1822974.7766928098,5339611.62142867],[-1822781.851878179,5339961.535993695],[-1822589.1791830324,5340310.9383481],[-1822541.3087607506,5340442.949587984],[-1822406.434386697,5340818.464960585],[-1822369.012690522,5340999.312229938],[-1822288.6212280982,5341390.477509066],[-1822261.502680127,5341522.860336583],[-1822181.1115293205,5341913.507897228],[-1822243.6891228438,5342225.515563792],[-1822322.1793651106,5342617.258793785],[-1822448.2891907615,5342877.5077138655],[-1822622.6888593193,5343237.273011718],[-1822796.589165568,5343597.034653328],[-1822879.2586135722,5343678.400641255],[-1823164.8687571315,5343957.709760558],[-1823227.072589671,5344342.522451064],[-1823290.590527676,5344736.303273286],[-1823319.550292931,5344953.656811761],[-1823372.4621171434,5345349.475658689],[-1823279.57663673,5345477.698116456],[-1823045.7681796495,5345801.2529700035],[-1822963.604036904,5345924.923772341],[-1822743.6049554332,5346257.367065047],[-1822687.5749497588,5346326.515247161],[-1822436.3017598987,5346636.173224482],[-1822185.0337419142,5346946.319762915],[-1822115.260567757,5347034.991422844],[-1821867.8898424136,5347348.09906194],[-1821811.0720300055,5347577.855797427],[-1821714.953352452,5347965.436649663],[-1821675.5583641739,5348072.888182291],[-1821537.2289259352,5348447.219637663],[-1821402.6005064142,5348795.584731925],[-1821259.015346653,5349167.928131046],[-1821129.8404256732,5349325.233726846],[-1820876.7038075638,5349633.821750097],[-1820665.7969214031,5349884.821169707],[-1820409.1432691056,5350190.421163694],[-1820152.6153759737,5350496.008741031],[-1820148.671814354,5350504.510273255],[-1819983.5389317048,5350867.939076754],[-1819818.9045503114,5351231.35751069],[-1819798.1932982071,5351364.61046569],[-1819736.0177193896,5351758.3785737725],[-1819806.3501842166,5352008.314211904],[-1819913.6066322362,5352392.67561738],[-1820020.9924526333,5352777.030857901],[-1820032.4779781022,5352956.965448463],[-1820057.9601894699,5353354.711284747],[-1820059.1258856514,5353578.570532537],[-1820059.998896477,5353977.427460985],[-1820056.7295241551,5353992.900689728],[-1819976.30216019,5354383.208951373],[-1819896.0022560935,5354774.003065827],[-1819838.3184601504,5355054.491547074],[-1819757.899315885,5355445.267590149],[-1819757.1011920755,5355564.915072097],[-1819755.6095234852,5355963.234348204],[-1819705.7394753168,5356324.4144844],[-1819651.6095598757,5356719.500786638],[-1819657.5870673337,5356914.374049492],[-1819669.7299745602,5357312.585856588],[-1819681.755556537,5357711.785561665],[-1819753.4923343065,5357961.624747733],[-1819863.9075672333,5358344.837894079],[-1819985.515538737,5358540.576226367],[-1820196.5041662694,5358880.88110965],[-1820460.0863563917,5359181.032435419],[-1820723.6700460417,5359481.177292958],[-1820852.5133604265,5359834.858301211],[-1820989.8811143963,5360209.918070212],[-1821285.7457078819,5360477.985974902],[-1821582.2377905054,5360746.545143362],[-1821585.178511787,5360755.998770494],[-1821699.352537398,5361137.641108222],[-1821813.9082002959,5361520.273250157],[-1821828.2546729764,5361854.082562692],[-1821844.9360385546,5362252.658545262],[-1821845.5981650408,5362311.455509545],[-1821848.5341244054,5362710.088914496],[-1821851.470224219,5363108.71481513],[-1821870.218414066,5363197.311316466],[-1821953.84298864,5363587.031775266],[-1822037.2230344769,5363977.244551536],[-1822134.9556088597,5364170.063888788],[-1822314.845365752,5364526.377587233],[-1822376.6896106463,5364698.950290917],[-1822511.2188288192,5365074.42272479],[-1822645.6265329383,5365449.888184287],[-1822673.2061234345,5365619.638981194],[-1822737.8738847333,5366012.891882707],[-1822756.5070856756,5366154.785216699],[-1822807.5654467845,5366550.089408675],[-1822858.6293635822,5366945.38132508],[-1822856.5705729483,5367024.602854094],[-1822845.785462458,5367422.694868132],[-1822834.8827861822,5367821.274036629],[-1822648.8462897446,5368094.216182882],[-1822424.464882035,5368423.63543914],[-1822200.4630814812,5368753.042874871],[-1822143.7140125132,5368840.004874592],[-1821925.3652109115,5369173.357511998],[-1821706.6429036485,5369506.202376769],[-1821663.2939348875,5369596.576885702],[-1821488.499386271,5369954.585880573],[-1821448.8192992616,5370224.737845014],[-1821391.5327182673,5370618.490163848],[-1821333.7510483204,5371012.733729934],[-1821275.8454644731,5371406.964249267],[-1821218.0659319274,5371800.686340529],[-1821160.168867319,5372194.897702107],[-1821102.3950734623,5372588.597925297],[-1821045.0025531086,5372982.78486952],[-1820987.2381045271,5373376.959997031],[-1820929.3497889135,5373771.127539264],[-1820871.4634798788,5374164.784593149],[-1820813.5809019469,5374558.927455395],[-1820756.3295430744,5374953.058938557],[-1820698.5758763358,5375346.6824904885],[-1820640.5815791213,5375741.292486925],[-1820583.3324705272,5376134.891603373],[-1820525.3403023141,5376528.980166325],[-1820467.601817637,5376923.059226764],[-1820409.7385542046,5377316.628506152],[-1820352.3842723418,5377711.180354206],[-1820294.5240279383,5378104.727660189],[-1820236.6730740033,5378498.760575844],[-1820179.3238283156,5378892.782757319],[-1820121.47866343,5379286.793636412],[-1820063.629979052,5379680.296932385],[-1820006.169072477,5380074.783230355],[-1819948.326176894,5380468.264492654],[-1819890.4926208535,5380862.234005038],[-1819833.1570642535,5381255.690777439],[-1819775.2062207735,5381650.135343526],[-1819717.8764620312,5382043.570059023],[-1819660.054492823,5382437.49266072],[-1819602.734242481,5382831.404525223],[-1819544.7876278162,5383224.809178647],[-1819487.0946880688,5383618.201578139],[-1819429.659124346,5384012.078149105],[-1819371.724943106,5384405.94881926],[-1819313.7936529554,5384799.80566957],[-1819256.4908529823,5385193.651168682],[-1819198.5616745593,5385586.989487589],[-1819141.2646994584,5385980.812840051],[-1819083.3478189814,5386374.625352669],[-1819026.0566771002,5386768.426529844],[-1818968.1391472842,5387161.720547514],[-1818910.7270543065,5387555.497410561],[-1818852.8218670797,5387949.268278852],[-1818795.542381334,5388343.0223303465],[-1818737.6365200933,5388736.272156347],[-1818680.2388884462,5389130.007159053],[-1818622.3426161285,5389523.730851164],[-1818564.9480820233,5389917.443799261],[-1818507.0604199825,5390311.145224553],[-1818449.671742553,5390704.8359183455],[-1818392.4089726761,5391098.01596132],[-1818334.5273416548,5391491.684006597],[-1818277.1500377487,5391885.341294433],[-1818219.1466594595,5392278.491486812],[-1818161.7791733267,5392672.622621734],[-1818104.4080693016,5393066.24373725],[-1818046.5400800942,5393459.359911514],[-1817989.1748686705,5393852.961466254],[-1817931.185982123,5394246.05594035],[-1817873.82938187,5394639.632423656],[-1817816.472988594,5395033.200491279],[-1817758.4967196342,5395426.757527012],[-1817701.2691461728,5395819.803894723],[-1817643.9205232481,5396212.84242317],[-1817585.95308309,5396606.365927082],[-1817528.4874006761,5396999.878680652],[-1817470.6460403556,5397392.883255267],[-1817413.1862319922,5397786.370888006],[-1817355.859992431,5398180.345417451],[-1817298.5290188459,5398573.314127155],[-1817240.5793003212,5398966.77316087],[-1817183.131303642,5399360.215963161],[-1817125.8091792096,5399753.151088631],[-1817068.3709640335,5400147.070078176],[-1817010.4291956571,5400539.985623581],[-1816952.9930470502,5400933.386286588],[-1816895.6827391186,5401326.276576091],[-1816838.256375043,5401720.150601596],[-1816780.3264330428,5402113.021262155],[-1816722.9021086518,5402506.374245846],[-1816665.4807709146,5402899.718721456],[-1816608.0651338939,5403293.049194559],[-1816550.6458240973,5403685.872677501],[-1816492.7345984306,5404079.185629315],[-1816435.3251083128,5404472.482348794],[-1816377.9146934757,5404865.272095226],[-1816320.391056331,5405259.045274816],[-1816263.1133432263,5405651.811941313],[-1816205.7157624075,5406045.0663249865],[-1816147.6983417226,5406438.309441984],[-1816090.3027777304,5406831.0428771535],[-1816032.9141242774,5407224.263413607],[-1815975.651269873,5407616.973750008],[-1815918.1445649627,5408010.172255702],[-1815860.7648276542,5408403.356177142],[-1815803.3868957115,5408796.033212023],[-1815745.893072736,5409189.693370661],[-1815687.892797956,5409582.350552295],[-1815630.5250173048,5409975.491979058],[-1815573.0322467824,5410368.12437212],[-1815515.6731726395,5410761.24041878],[-1815458.1915471703,5411154.843924618],[-1815400.7077352384,5411547.442372286],[-1815343.3576563234,5411940.527161119],[-1815285.8837859356,5412333.598420135],[-1815228.5329467282,5412726.162368323],[-1815171.06508501,5413119.213686512],[-1815113.600198382,5413512.2509154845],[-1815102.6465684746,5413595.722939527],[-1815085.9221379738,5413723.409727136],[-1815050.3121986731,5413989.222617796],[-1814997.9875767096,5414383.206347557],[-1814945.1604382715,5414776.6855113],[-1814892.9618537887,5415170.150514858],[-1814840.5155110417,5415563.605604661],[-1814788.3229471748,5415957.048131102],[-1814736.00660975,5416350.477128885],[-1814683.6960627788,5416743.897517107],[-1814631.3898092292,5417137.8045938555],[-1814578.9585321615,5417531.202821781],[-1814526.6610548142,5417925.084420351],[-1814474.3598222765,5418318.459415891],[-1814435.0386929072,5418463.076427381],[-1814331.6650954674,5418846.224984943],[-1814228.1676128958,5419229.362525],[-1814124.7997715576,5419612.48798336],[-1814374.534733939,5419705.256683738],[-1814749.1421184647,5419845.156257214],[-1814700.0996579737,5420084.60007057],[-1814620.5327681524,5420473.56194878],[-1814540.59001878,5420862.018696913],[-1814493.6778655138,5421086.0495981965],[-1813959.2336529337,5423007.337357111],[-1814030.1564525312,5424213.349810237],[-1814055.9211021767,5424685.1209865445],[-1813658.2968069806,5425527.736343935],[-1813039.3552330504,5426192.086643499],[-1812860.8474788272,5426581.263291195],[-1812683.3060040458,5426965.9601800935],[-1812665.3675384575,5427635.241414727],[-1812320.7474099838,5428593.0041911],[-1811674.252601615,5429380.275981765],[-1810984.9881442194,5429535.779215493],[-1811311.268972971,5431006.507268615],[-1810894.2925258302,5431585.903559529],[-1811008.8015377645,5432361.542454974],[-1810176.2946636402,5432693.069691622],[-1810672.482933963,5433166.173730691],[-1809995.8133737284,5434205.106441446],[-1809949.665891395,5434763.564501775],[-1808975.9499197882,5435140.647031519],[-1809139.7567204905,5435694.780259871],[-1808977.4549909707,5436305.667503393],[-1808532.8407421352,5437007.8206206905],[-1808129.1693671294,5437408.891660085],[-1807454.0299724352,5437619.643554212],[-1807147.6450845266,5438172.481509837],[-1806697.280188698,5438666.356266776],[-1806255.594291637,5439472.898472462],[-1805954.763013365,5440233.263666231],[-1805728.5773511792,5441010.152194474],[-1805358.542348589,5441496.652750937],[-1804488.7158088756,5441405.23260115],[-1804143.3493803332,5441896.566194609],[-1803717.69864619,5442396.596857639],[-1803074.0281001388,5441527.899748248],[-1802786.5681838086,5442110.169831398],[-1802394.4003994456,5442695.267605746],[-1801874.987116948,5443380.379578542],[-1801233.1336680069,5444141.68353788],[-1800533.2440693574,5444579.663434311],[-1799727.6361023197,5445019.975913783],[-1798897.2176811083,5445222.0914488835],[-1798581.8474912602,5445694.27849831],[-1798311.820851983,5446435.717376042],[-1797808.0375670076,5446813.924899081],[-1797492.6823769296,5447286.035055436],[-1797225.1810845681,5447898.601443647],[-1796447.020121134,5448215.314996216],[-1796271.6363147835,5449468.7463749405],[-1795774.1248341023,5450287.966580962],[-1794965.6509869264,5450623.989535239],[-1794961.9941258512,5451812.708160561],[-1794461.3471605242,5452527.305580853],[-1794448.4192219102,5453171.378084268],[-1794302.6123233822,5453940.114583766],[-1793607.8990948976,5454120.173627262],[-1793392.309027385,5454614.87704909],[-1792861.3764154913,5455348.68272487],[-1792210.2317646937,5455564.674548925],[-1792069.7971556934,5456075.880479983],[-1792115.66140407,5457042.216563909],[-1791455.6172826958,5456946.430665202],[-1790708.6683299602,5457476.409761797],[-1790332.3922256911,5457986.819311968],[-1789689.8427074114,5458281.855453793],[-1789052.9092452466,5458785.15689597],[-1788662.9039795205,5459240.616161809],[-1788198.222106171,5459911.501838585],[-1787503.1242723102,5460324.362558757],[-1786613.6624499299,5460667.084369715],[-1786176.1685456284,5460982.606971859],[-1785502.4621661804,5461063.914478619],[-1784103.0149638052,5461111.431058746],[-1782417.5975014814,5461145.990183367],[-1781436.6664124245,5461546.280166989],[-1780890.662529724,5461526.742991],[-1780180.5022900694,5461419.192153953],[-1779670.4755220907,5461356.0142584555],[-1778674.747413005,5461002.56452945],[-1777725.8118833813,5460556.969227378],[-1776927.8526335205,5460609.938707512],[-1776223.6880318143,5460710.088320524],[-1775059.6974485035,5460603.464709014],[-1774675.5665243298,5460557.688175851],[-1774402.4621490242,5460488.319295415],[-1773738.4480230177,5460397.426591145],[-1773043.3464383846,5460324.434297123],[-1772292.4186227585,5460159.133431282],[-1771598.3184586558,5459877.925520743],[-1770804.0598020435,5459675.664810717],[-1769923.2064498973,5459503.350618511],[-1768986.4536589424,5459342.089612125],[-1768316.5982261396,5459171.584635719],[-1767429.2106647845,5459023.518472702],[-1766659.7556295118,5458827.109135373],[-1765797.862776525,5458581.040657364],[-1764650.12432573,5458210.240687016],[-1763726.377940631,5457896.111914434],[-1762591.5044040207,5457580.165045063],[-1761815.899105548,5457408.496872459],[-1761146.0421195417,5457237.490204463],[-1760469.9763482136,5456986.875571951],[-1759775.763758094,5456705.650174926],[-1759261.1366624085,5456547.5096699605],[-1758802.0284433446,5456377.819345975],[-1758219.404057393,5456177.356537766],[-1757524.8691673758,5455999.991675584],[-1756767.5358481011,5455858.430549875],[-1756023.5096065265,5455667.862706065],[-1755435.0664353857,5455515.387187254],[-1754855.7787824867,5455394.535757991],[-1754158.7745975228,5455361.094584561],[-1753573.2108035784,5455447.977394517],[-1752691.7470990324,5455403.729120623],[-1752173.572968726,5455492.867394775],[-1751613.5162815563,5455650.870656407],[-1750911.9973766461,5455854.306098931],[-1749811.2694943598,5456199.886136773],[-1749004.225676954,5456637.995094921],[-1748416.3460718466,5457151.55405578],[-1747922.8796378665,5457711.27008174],[-1747318.2170942314,5458066.108141085],[-1746694.278990158,5458389.839142034],[-1746419.659561933,5458793.089141246],[-1746272.5981518864,5459328.431190003],[-1746305.6654245784,5459878.535672172],[-1745714.7313313915,5459590.117175966],[-1745415.1379149014,5459522.295621734],[-1744930.396416955,5459464.413889999],[-1744305.9964589295,5459555.248366071],[-1743657.1865592513,5459641.700407492],[-1743216.505509394,5459618.781293524],[-1742720.1489174606,5459144.714236727],[-1742123.8942097034,5459112.864195417],[-1741613.4401854747,5459281.946833438],[-1741261.2399985027,5459563.750899717],[-1740905.703812134,5459974.564030025],[-1740659.3011548547,5459789.4361061845],[-1740539.9894787897,5459503.594945955],[-1740310.3394399271,5459012.440954082],[-1740144.0736398594,5458354.494791642],[-1739692.6332693133,5457450.687764927],[-1739246.5683793423,5456755.449891808],[-1738984.329189385,5456516.950586695],[-1738767.6576717333,5456454.315378067],[-1738453.882199769,5456449.813244375],[-1737987.995087432,5456501.631036639],[-1737248.086773242,5456704.055571359],[-1736881.6424479543,5456792.152718191],[-1736521.4845229005,5456856.497291106],[-1732297.074737719,5458227.769906034],[-1731937.3424907795,5458465.07427582],[-1724527.467252528,5460614.722369738],[-1723447.6978116182,5461093.568875153],[-1723150.2028055957,5461827.101072918],[-1722996.740475288,5462618.97191372],[-1722875.9217598469,5463728.831327865],[-1722969.8093418987,5464473.967391177],[-1722544.9194951896,5464842.127907906],[-1721775.9863257662,5465107.48639441],[-1720987.3854463652,5465573.896734332],[-1720301.1929787437,5466167.415777354],[-1719759.5298402817,5466586.177462949],[-1719436.8246325913,5467082.356055245],[-1719083.5357189756,5467828.456062978],[-1718605.5047771095,5468546.685152065],[-1717766.949796618,5468769.597334052],[-1716690.175465937,5468885.97978344],[-1715873.8386463167,5468778.504616011],[-1714996.8354983665,5468707.226364874],[-1714343.5858628727,5469386.293821862],[-1713795.8416218383,5470527.099976584],[-1713211.2609252438,5471479.3188107805],[-1712630.2622474516,5472303.110196947],[-1712141.0905736056,5472837.384323226],[-1711191.2910921345,5473086.042912945],[-1710705.2883986249,5473259.988424388],[-1710015.861462645,5473980.735433951],[-1708712.3494268584,5474743.392600462],[-1707601.022345548,5475471.938156136],[-1707033.6341455125,5475885.302915411],[-1706441.6126061645,5476525.158747768],[-1705840.9844410797,5477086.052649589],[-1705601.3895679065,5477677.126455139],[-1705397.448260502,5478457.014475591],[-1705216.2801226575,5479371.448900772],[-1705364.961493029,5480334.8621646715],[-1705799.7921897634,5481312.346073412],[-1706004.088899801,5482494.951337451],[-1706013.67648683,5483375.634480691],[-1706060.3636223078,5484212.296333901],[-1705912.694031422,5484746.612001064],[-1705414.7404298673,5485434.027883992],[-1704755.6770433907,5486135.062631765],[-1703588.079213541,5486411.733110935],[-1702293.3046982654,5486787.735810102],[-1701125.5494381625,5487296.508972914],[-1700149.9437512215,5488003.450377627],[-1699956.919737768,5488965.91386282],[-1699744.5242925307,5489666.661529451],[-1699782.2816952066,5490888.685625318],[-1700234.7485159305,5491559.363249623],[-1700622.7140055508,5492164.124149506],[-1701097.7523158826,5492737.152047397],[-1701397.0371825113,5493502.178415648],[-1701596.8576036608,5494012.175211384],[-1701959.7995717241,5494611.487365984],[-1702543.351170404,5495054.167113815],[-1703104.2485282165,5495826.9400736885],[-1703431.5295013448,5496701.618000468],[-1703550.22698528,5497451.064422597],[-1703683.1982675283,5498023.133063878],[-1703746.4596781803,5499018.869335223],[-1703740.6323073697,5499507.4230390955],[-1703743.1269076748,5500307.665468543],[-1703694.7273599575,5501560.970772099],[-1703566.095651101,5502357.396617291],[-1703404.7626906142,5503069.146757779],[-1702912.0027488463,5503963.624050365],[-1702794.604003306,5504942.985982692],[-1702871.8004702243,5505992.301548934],[-1702699.318169039,5506520.756483351],[-1702198.451973699,5507335.229709244],[-1701575.2029041138,5507760.576001146],[-1701083.3804178531,5508278.180527593],[-1700679.4461787578,5508459.495602468],[-1700161.9907477116,5508651.334431028],[-1698913.1455629305,5509166.2511688955],[-1697817.3626772363,5509587.3634407],[-1697396.9656562589,5509697.804927138],[-1696843.701874199,5509933.442600902],[-1695694.5864024442,5510470.190563672],[-1694092.4018716707,5510802.001402342],[-1692929.488597866,5511284.064091597],[-1692698.2710686377,5511721.758234541],[-1691961.9670086433,5514029.759396312],[-1691377.338148158,5514979.345717529],[-1691045.377249015,5516090.221992984],[-1690349.18755634,5516833.765392182],[-1689667.0752543188,5517167.669090643],[-1688974.4767879494,5517551.714102326],[-1688807.243260359,5517822.858859089],[-1688378.547011151,5518086.02847485],[-1687891.6693894854,5518258.3249338],[-1687167.8841093064,5518428.016084976],[-1686539.2181211486,5518413.703714982],[-1685359.4998697082,5518041.341128295],[-1684169.1589944647,5517718.152302946],[-1682917.4447111252,5517431.920954521],[-1682338.2617982964,5517428.347302674],[-1681664.713154401,5517609.743768027],[-1680852.0589320767,5517707.767897269],[-1680376.4259176678,5517831.347895962],[-1679794.3036334089,5517956.057585533],[-1679146.0636578342,5517910.7884862805],[-1678289.798114668,5517508.468723749],[-1677344.566947811,5516802.983190119],[-1677139.9709566904,5516254.196387763],[-1676699.7431493225,5515803.563153187],[-1676451.2736928156,5515635.3099856395],[-1676028.2692251815,5515525.8160383515],[-1675474.8084765726,5515409.134972072],[-1674939.5361667755,5515322.908643132],[-1674578.5966719037,5515281.160994036],[-1674054.8132232383,5515354.192453907],[-1673699.3165005185,5515393.055876349],[-1673462.260875394,5515487.292544501],[-1673163.0815524906,5515618.48393299],[-1672838.1275095765,5515846.056681739],[-1672482.6303092802,5515884.909064671],[-1672240.0218540914,5515900.006335919],[-1671996.59551364,5516019.308937976],[-1671702.47138151,5516229.61608141],[-1671496.6718531065,5516410.300158043],[-1670897.490513492,5516567.453488822],[-1670517.673922135,5516599.448978107],[-1670057.0942247068,5516532.766465538],[-1669671.2115131256,5516484.652460178],[-1669203.8708485595,5516441.570396082],[-1668626.280787443,5516214.332451575],[-1668290.0987073393,5516075.218831061],[-1668005.1255150498,5515845.598210898],[-1667837.8559428095,5515672.331990424],[-1667701.4037497186,5515480.835722026],[-1667553.1432272836,5515234.303192747],[-1667442.3333603186,5514945.438845431],[-1667269.0125933301,5514692.542937542],[-1666859.1368609383,5514534.363007601],[-1666616.7271417852,5514445.740659524],[-1666411.1887177182,5514418.510518772],[-1666143.013156726,5514427.251459963],[-1665875.3413182325,5514436.481581557],[-1665451.3094576092,5514534.412941108],[-1665114.8614335444,5514603.21795536],[-1664821.547608158,5514709.803303089],[-1664547.235360756,5514742.141267487],[-1664229.5549511367,5514738.660755166],[-1663876.2637655882,5514464.894640143],[-1663802.737791702,5514388.813000057],[-1663659.6046160462,5513956.468648205],[-1663643.5063897197,5513773.637490719],[-1663618.1542723763,5513639.972581088],[-1663451.2049046413,5512246.102744311],[-1663433.186823459,5511549.017413292],[-1663091.2063466776,5510993.479794567],[-1663071.6526364202,5510926.151287889],[-1662923.6675589646,5510679.56174024],[-1662345.730003724,5510452.291602094],[-1661972.151343258,5510459.241377593],[-1661766.0373896484,5510536.24526511],[-1661559.9185418529,5510612.757324615],[-1661210.8326905514,5510730.777054137],[-1660675.6807586378,5510644.058044549],[-1660283.8730766196,5510516.317912634],[-1659923.396137354,5510371.325445198],[-1659619.3056636718,5510214.449858081],[-1659196.8813497464,5510000.22626054],[-1659010.6217927374,5509900.697652458],[-1658613.7273885927,5509589.086286818],[-1658359.605393684,5509341.173823326],[-1658087.303285481,5509062.804659077],[-1657746.0997664589,5508844.517195864],[-1657152.797885733,5508517.9453366725],[-1657118.4792997285,5508498.821951448],[-1656727.6496288294,5508267.821099384],[-1656429.6928846545,5508086.342219952],[-1655908.0228498562,5507847.179795944],[-1655311.6553119472,5507588.457261513],[-1654697.4459571363,5507195.033642262],[-1653909.8325112234,5506548.137571915],[-1653514.1834089272,5506133.221979149],[-1653049.1240486794,5505777.905023562],[-1652764.0771831626,5505548.200009257],[-1652510.817438572,5505195.994831067],[-1652176.9522981353,5504745.057057949],[-1651818.5285439822,5504287.754517282],[-1651440.9558396402,5503903.749770339],[-1651057.12036217,5503543.357861632],[-1650660.2703805058,5503232.16116914],[-1650269.2058845132,5503000.138581952],[-1650083.2117081091,5502900.588128352],[-1649859.3669189403,5502841.91715035],[-1649423.2602725758,5502884.898209666],[-1649180.0245292052,5502900.525556485],[-1648936.5530798063,5503019.435416579],[-1648836.2197775834,5503201.563613814],[-1648660.2105542566,5503467.904957893],[-1648478.2941333053,5503655.068292217],[-1648122.797607622,5503797.25235595],[-1647854.735090692,5503805.534449813],[-1647481.1529979247,5503812.500908364],[-1647133.1148377685,5503722.549273158],[-1646877.221592662,5503785.890151439],[-1646341.2487532694,5503906.701202013],[-1646104.0371119566,5504000.989209985],[-1645604.5616571535,5504184.190144011],[-1644919.066009495,5504265.872889015],[-1644259.5947897066,5504147.379046441],[-1643930.3555744118,5504087.885886575],[-1643581.0788541012,5504100.708156715],[-1643387.2458574844,5504232.781694502],[-1643159.947577998,5504798.588103294],[-1643145.8623927087,5505055.272989773],[-1643137.5674431366,5505391.5929924],[-1643122.6369555185,5505752.009131304],[-1643189.0436218134,5506107.376797629],[-1643480.0170956897,5506417.175391624],[-1643665.4392740524,5506621.916303312],[-1644086.2881002852,5507043.608836505],[-1644233.0677307001,5507497.643877034],[-1644293.448814824,5507773.836011741],[-1644310.9601975973,5508013.21410159],[-1644459.8892020932,5508155.557428024],[-1644574.8585568855,5508627.793499163],[-1644554.0740619514,5509012.710328466],[-1644241.2534765275,5509295.789150431],[-1643723.3484037358,5509447.41913855],[-1643224.2218275522,5509526.269833186],[-1642295.8576072422,5509622.922821617],[-1641692.962010812,5509388.333113268],[-1640941.8770650818,5509010.919908661],[-1640345.238134008,5508751.745648422],[-1639743.1814973243,5508412.947916985],[-1639457.2784286984,5508287.026588829],[-1639141.0080931538,5508074.640307163],[-1638756.2061622217,5507922.313451261],[-1638376.5792175487,5507850.101055529],[-1638052.4963507226,5507869.728494321],[-1637684.4446519248,5507955.771023798],[-1637260.3839142309,5508054.175908683],[-1636816.9242098525,5508225.349977636],[-1636529.5790384267,5508306.353781219],[-1636061.6744327305,5508470.670715848],[-1635768.9154344473,5508472.549141563],[-1635376.3947077272,5508449.009798535],[-1635109.5372070633,5508353.045095198],[-1634686.869849955,5508139.343100555],[-1634370.5070247154,5508030.670070559],[-1634071.7041017553,5507952.935362287],[-1633698.2420747075,5507960.332320255],[-1633280.1779108248,5508033.154644352],[-1632818.6211899645,5508069.667935493],[-1632557.181435269,5508053.317391917],[-1632246.1164401323,5508024.746505553],[-1631854.5583786906,5507897.0107908705],[-1631481.4240991164,5507799.227815016],[-1631058.5428989194,5507689.71778577],[-1630747.5967771837,5507660.65604792],[-1630466.3834493996,5507717.558937586],[-1629891.8527481074,5507984.220393384],[-1629679.0882304946,5508085.255640217],[-1629422.259420531,5508356.384255673],[-1629357.2154146181,5508703.906475957],[-1629218.2241917267,5509032.353243605],[-1628905.975307727,5509211.145633264],[-1628413.4650978893,5509265.361637137],[-1627995.1448273936,5509338.146823779],[-1627460.0924701765,5509250.897475362],[-1627049.0052764562,5509196.406042982],[-1626626.6098085009,5509085.914773382],[-1626115.9976178866,5509005.01903837],[-1625637.3316967,5508905.901506352],[-1625083.3508468918,5508788.210655815],[-1624741.9168808344,5508673.186534571],[-1624511.889550702,5508534.922665311],[-1624251.7589172984,5508311.197722628],[-1623942.940397536,5508244.777683812],[-1623647.6910759236,5508197.995703608],[-1623316.1905302787,5508214.156125775],[-1623017.705938402,5508231.748398138],[-1622618.0596397829,5508309.4194461545],[-1622289.1515504268,5508397.804673808],[-1621839.1690122718,5508592.968833522],[-1621621.1056587042,5508614.380678429],[-1621297.4767997141,5508529.797743675],[-1620987.8391342913,5508293.371044987],[-1620746.013849223,5508100.093391897],[-1620405.891308735,5507777.2245643865],[-1620114.556746913,5507570.738957593],[-1619897.681443045,5507384.302516018],[-1619865.8242627797,5507260.515847489],[-1620031.9599230196,5506818.535005344],[-1620423.146908525,5506050.420591038],[-1620528.0976414515,5505918.082075898],[-1620598.3596833476,5505830.019242281],[-1620899.536469582,5505237.405136232],[-1620920.9046829874,5504742.946385148],[-1620700.0118971753,5504629.7175631905],[-1620289.5446131541,5504637.65239373],[-1619595.0859471487,5504573.728455487],[-1619489.2454040365,5504578.294520829],[-1619182.2269400924,5504541.854395459],[-1618854.7358552506,5504090.133080877],[-1618803.6966948193,5503566.261042796],[-1618761.6686269671,5502864.908515486],[-1618711.4210995408,5502725.870653556],[-1618307.2549689633,5501745.279453416],[-1618221.3241965564,5501651.506360774],[-1617858.282192355,5500987.388101953],[-1617620.8903269686,5500605.253503039],[-1617595.3200399794,5500214.44779999],[-1617595.0670765291,5500086.129650192],[-1617780.8180431258,5499815.457687053],[-1617961.4437265738,5499698.181175923],[-1618348.6150417526,5499468.009771239],[-1618393.4586026696,5499374.528379443],[-1618503.8159595486,5499345.847996962],[-1618705.3554863376,5499258.035767838],[-1618928.3064385902,5499096.434339967],[-1618948.7683537053,5499066.903252231],[-1619250.8759604245,5498625.402006264],[-1619421.266993102,5498278.4889543075],[-1619549.0571781988,5497895.729760254],[-1619594.6445975509,5497621.266219036],[-1619604.9861578366,5497076.868786756],[-1619576.0031495972,5496782.82774604],[-1619583.7501268543,5496550.200317842],[-1619566.8107802738,5496311.704710298],[-1619617.9304342887,5496116.8709983695],[-1619800.5071621914,5495825.926141458],[-1620139.9888963436,5495445.7095122235],[-1620433.9929920211,5495236.219493887],[-1620759.8250603147,5495008.473202684],[-1621190.3128588675,5494886.3088836325],[-1621690.3501325028,5494600.234931128],[-1621929.7027963735,5494194.04460614],[-1622044.9812897998,5493755.073113253],[-1622035.445461821,5493388.106635879],[-1621957.3568365474,5492976.965849664],[-1621860.2268989324,5492639.636379122],[-1621361.2989707883,5491910.347790563],[-1620758.4758772035,5491778.487707308],[-1620417.3436438816,5491663.914943856],[-1619940.7330102397,5491252.887388183],[-1619563.8827287995,5490867.769298588],[-1619330.540237454,5490442.552506801],[-1619208.8624033341,5490098.330381203],[-1619230.3153757097,5489713.514481644],[-1619257.2736015946,5489407.901786972],[-1619334.6135595168,5489114.992063934],[-1619587.2987105902,5488659.880315737],[-1619676.8074200845,5488318.703489976],[-1619728.8444522528,5488019.902097612],[-1619737.1316662277,5487787.10981029],[-1619646.8195901783,5487321.205536817],[-1619525.159259945,5486976.413981127],[-1619323.438316085,5486533.313462104],[-1619046.0105704218,5486174.496020328],[-1618799.2789844254,5485901.755299669],[-1618515.2101198966,5485567.05433788],[-1618480.2809987783,5485297.38527256],[-1618487.9556925192,5485064.549687768],[-1618670.9754529358,5484773.816347764],[-1619152.0089378539,5484560.819786464],[-1619501.054951183,5484443.055052932],[-1619948.203862139,5484560.412296998],[-1620358.7575902024,5484615.320029331],[-1620644.8737954178,5484637.952815324],[-1620863.958852785,5484512.534616062],[-1620935.1131025744,5484157.4797487445],[-1620832.6459564033,5483883.455737989],[-1620806.4573338588,5483664.923289422],[-1620914.9692528525,5483200.484062497],[-1621106.7424551796,5482882.593018172],[-1621276.7265393003,5482640.056395187],[-1621544.9440214117,5482527.812451989],[-1621975.98145568,5482301.537000636],[-1622392.6790265127,5482332.296359067],[-1622846.3344746076,5482424.53307377],[-1623280.5491436347,5482589.6772486605],[-1623690.0817179354,5482748.954554832],[-1624098.7137198795,5483011.627811953],[-1624445.7053717445,5483206.959135503],[-1624757.1318963678,5483235.938605592],[-1625216.8047737395,5483303.546031179],[-1625845.6927477568,5483232.987904286],[-1626183.0957194588,5483060.541347694],[-1626627.1682881932,5482785.477826571],[-1626897.1766182685,5482465.4243744705],[-1627104.7690676549,5482180.924628555],[-1627292.7902721649,5481968.837013625],[-1627524.4216963358,5481794.585769211],[-1627774.3530174438,5481651.8077653535],[-1628212.0290299407,5481400.836502693],[-1628436.3675340435,5481355.112749367],[-1628654.0630353442,5481334.023671282],[-1628896.2931218548,5481423.202711047],[-1629187.1242304803,5481629.493517516],[-1629490.74823503,5481786.5142256105],[-1629781.4596115446,5481992.802934606],[-1630005.2715983454,5482050.989290357],[-1630272.7123611441,5482042.613259009],[-1630442.4495968532,5481800.502683514],[-1630525.7266461302,5481483.199707685],[-1630577.6759624123,5481184.169886797],[-1630649.1935391629,5480812.206379763],[-1630850.9142895646,5480447.369490329],[-1631121.2080369147,5480022.797675285],[-1631637.3428888482,5479271.168222436],[-1632033.3920488998,5478670.938897388],[-1632254.701788293,5478233.5731097255],[-1632506.7256896524,5477777.90301552],[-1632626.854168946,5477522.483818944],[-1632636.5075626334,5477082.035794402],[-1632682.8695764816,5476703.577758474],[-1632611.320893449,5476268.191101545],[-1632370.1341074293,5476074.548501564],[-1631917.5351597082,5475878.365734268],[-1631301.4421991506,5475899.784585225],[-1630841.0018460492,5475936.66117233],[-1630442.7279865942,5475936.952363687],[-1630075.790006415,5475919.447525058],[-1629896.3704882457,5475794.658877679],[-1629748.4096802133,5475651.579686195],[-1629501.4880849048,5475378.626320002],[-1629436.4769925869,5474918.570246062],[-1629645.186251893,5474425.9293523375],[-1629765.9583151056,5474170.451204631],[-1629900.4918408839,5473658.211111912],[-1629815.9162291733,5473271.066352648],[-1629714.608729785,5472749.9030483505],[-1629426.0643769125,5472231.076682965],[-1629185.1492691538,5472037.890395493],[-1628782.185712632,5471854.396608335],[-1628479.1434223563,5471593.326920757],[-1628221.1600800827,5471161.146169836],[-1628068.4070199707,5470834.701942268],[-1628039.8244303707,5470539.539448285],[-1628103.9749553218,5470295.930932879],[-1628484.5102795903,5470160.590999427],[-1628986.8832866615,5470266.01309848],[-1629353.1463730892,5470387.490213469],[-1629620.987246937,5470436.716258597],[-1629885.0817014386,5470253.801951428],[-1629977.093925968,5470104.264368652],[-1630060.5836173994,5469815.743457188],[-1629951.3574621214,5469422.626452413],[-1629742.7120301127,5469107.095849769],[-1629477.551036656,5468803.508840349],[-1629285.6420975362,5468623.003540652],[-1628972.2844348908,5468202.186779096],[-1628517.329824891,5467510.032649579],[-1628152.5044726934,5467284.526861342],[-1627878.9641606607,5467213.130903788],[-1627300.9900881595,5467192.661587133],[-1626859.8746225496,5467155.635582805],[-1626518.6820308657,5467040.505158163],[-1625935.7875351903,5466836.166220984],[-1625564.4387336783,5466635.319274951],[-1625033.7101266342,5466131.618516639],[-1624874.0850597073,5465829.252855438],[-1624671.743817191,5465489.502882189],[-1624426.7491209586,5465008.334529448],[-1624218.3834537661,5464692.73944009],[-1623867.6289001897,5464210.300557327],[-1623658.5187359897,5463894.693500672],[-1623469.0026295246,5463506.062328162],[-1623273.2097772972,5463142.093487381],[-1623113.9780626385,5462839.672123951],[-1623016.242973981,5462605.6571151335],[-1622677.6307730807,5462178.36731031],[-1622561.9958454466,5461913.807777682],[-1622440.639819224,5461568.37960855],[-1622232.3659306078,5461149.160186654],[-1622023.7788574297,5460833.992412959],[-1621738.7534931162,5460707.381754864],[-1621527.3376457414,5460704.394978332],[-1621091.3698989877,5460850.836706894],[-1620951.5558205456,5461179.588207853],[-1620811.867744495,5461508.326739255],[-1620666.9639528226,5461757.18020291],[-1620334.3888128328,5462113.440495107],[-1620059.602879081,5462250.625928634],[-1619741.598028795,5462349.934326089],[-1619424.5325914777,5462345.194354332],[-1619034.92500561,5462113.29749466],[-1618657.9982158814,5461832.058144469],[-1618374.0344607744,5461601.404357922],[-1618017.3986928486,5461142.593968632],[-1617612.660448685,5460462.94623964],[-1617052.7942664085,5459768.819310098],[-1616432.8988371138,5459225.222464974],[-1615891.3657748266,5458860.964524275],[-1615446.4970999847,5458247.418567266],[-1615127.950619288,5457682.400623621],[-1614763.1078481365,5457083.4332888955],[-1614425.8708277803,5456551.963165358],[-1614155.5799205576,5456168.311804626],[-1614096.122687893,5455891.219596273],[-1614050.0704446759,5455461.663746485],[-1613972.6825915289,5455050.419614009],[-1613931.5151434701,5454805.330114752],[-1613752.1459641685,5454679.937865981],[-1613553.9255552907,5454628.0955769615],[-1613050.5029371046,5454626.769891009],[-1612509.0771288145,5454667.954096597],[-1611849.4265384728,5454755.28043178],[-1611458.314778513,5454731.49666766],[-1611110.6109366068,5454640.524984537],[-1610729.595515803,5454457.380435995],[-1610731.5348929896,5454081.961191779],[-1610876.3409049402,5453718.04716571],[-1611066.7866810344,5453298.269013625],[-1611408.849628565,5452605.287731593],[-1611742.20872151,5452145.168461208],[-1612106.32763184,5451770.814776022],[-1612545.2084631594,5451311.39964948],[-1612915.493190665,5450912.814762451],[-1613191.6551168126,5450671.851843879],[-1613502.517601209,5450596.610882175],[-1614026.3933443176,5450421.183406285],[-1614663.0349480917,5450117.664649991],[-1615118.5162015888,5449897.471022763],[-1615743.3041058981,5449539.171477661],[-1616200.9791022104,5449111.658791165],[-1616470.9494086418,5448790.6912178295],[-1616852.2596590046,5448550.886801324],[-1617163.8797101113,5448476.101418845],[-1617656.158094204,5448317.956839045],[-1617901.0753467327,5447990.600443084],[-1617971.9946689173,5447721.9002080485],[-1617813.831238469,5447315.528713332],[-1617519.900354001,5446821.115742831],[-1617224.4025689142,5446535.020373078],[-1617090.204649072,5446238.653056575],[-1617073.7561443485,5445999.258183209],[-1617227.4738439429,5445517.535693913],[-1617453.5439975415,5445263.709771398],[-1617884.9599344614,5444932.843067708],[-1618332.822551263,5444841.38401492],[-1619029.982031825,5444710.794441664],[-1619530.789003502,5444627.096835363],[-1620293.9736773353,5444441.028877575],[-1620866.8456240124,5444277.64267312],[-1621385.0448744907,5444022.048368211],[-1622002.946971731,5443687.678980262],[-1622628.3653991676,5443224.381677286],[-1622848.3813860142,5442890.484082396],[-1623100.2452199934,5442538.7157023745],[-1623208.7091512135,5442228.291877208],[-1623132.2768031114,5441711.886556653],[-1623136.942209617,5441191.301834651],[-1622998.3252896795,5440711.07370656],[-1622636.8346970084,5440173.121199827],[-1622236.4668371722,5439780.969578866],[-1621854.498593304,5439420.377620797],[-1621341.9521232096,5439051.228653394],[-1621040.0866021907,5438789.710642474],[-1620651.5774117494,5438452.832130639],[-1620219.3892569516,5438183.246190644],[-1619979.5914783222,5437885.001285571],[-1619710.2010830517,5437501.856020192],[-1619421.6646477948,5437086.641890388],[-1619132.894398857,5436776.156246344],[-1618818.0751988487,5436563.062525179],[-1618279.0134587968,5436396.498761189],[-1617895.4484471467,5436243.363678131],[-1617245.5647186167,5435995.075908662],[-1616711.306182306,5436011.79115038],[-1616214.3120170755,5435985.919547972],[-1615625.7626103177,5435806.147534591],[-1615192.8382903275,5435640.291944871],[-1614884.5647528882,5435402.474296873],[-1614582.4629986468,5435140.42816019],[-1614410.8163377019,5434886.928488104],[-1614308.5392454413,5434572.968811038],[-1614212.43516043,5434234.775009624],[-1614248.2812000578,5433696.111889325],[-1614247.478431045,5433094.769968965],[-1614051.1620527196,5432834.882122697],[-1613768.7095614604,5432499.615926793],[-1613545.8317551166,5432440.912427761],[-1613272.223263253,5432474.252698338],[-1613015.9877447388,5432641.458929675],[-1612791.235500153,5432791.778004431],[-1612590.5364725334,5432947.959618865],[-1612236.2133200273,5432985.958182157],[-1611983.2312667046,5432840.861503713],[-1611650.1669198808,5432596.657720538],[-1611484.9531745573,5432318.899675915],[-1611233.733972645,5431965.762003863],[-1611107.2943480914,5431540.6344243735],[-1611020.0176413865,5430969.604218097],[-1610931.2413014136,5430502.833205145],[-1610695.7659791235,5429787.357202013],[-1610549.3244233106,5429540.14480491],[-1610217.0361561193,5429192.111864179],[-1610021.747242536,5428827.887775443],[-1609738.3160564515,5428596.848865788],[-1609373.656013152,5428474.767456067],[-1609137.3144512314,5428465.027559131],[-1608869.235410807,5428577.454978099],[-1608370.851431394,5428760.1867528595],[-1607973.0809199298,5428760.273298786],[-1607409.9856225832,5428586.829689091],[-1606963.9870710135,5428469.41634228],[-1606661.2910986687,5428312.075949455],[-1606352.1597397237,5428177.979593373],[-1606061.429069448,5428076.454610722],[-1605559.519584126,5427970.063605479],[-1605242.583413418,5427964.986875916],[-1605019.4660164241,5427906.772815686],[-1604648.13758738,5427809.419931135],[-1604419.605429214,5427671.1524291],[-1604186.6741151817,5427349.0342424465],[-1603966.9624579912,5426977.450813843],[-1603758.7174892249,5426661.681049614],[-1603525.274377468,5426443.3467769],[-1603186.7122862444,5426120.012651303],[-1602766.9175084804,5425905.146510977],[-1602452.51949605,5425692.463900788],[-1601996.4780520538,5425311.109736928],[-1601571.1559857468,5425016.669534299],[-1601263.3068238283,5424778.749944231],[-1600528.4994565912,5424351.183583755],[-1600040.5951224985,5424092.000463968],[-1599516.0616123697,5423771.619360444],[-1599110.393862565,5423403.446609302],[-1598691.5072798189,5423084.743771857],[-1598243.1844273664,5422574.795022099],[-1598136.8973077233,5422540.481456676],[-1598014.441457766,5422378.659225456],[-1597882.9685435311,5422076.949659862],[-1597906.409095586,5421748.108103836],[-1598009.451053159,5421461.5608709045],[-1598132.0598515787,5421244.17000472],[-1598419.372928017,5420682.184492847],[-1598518.1217270612,5420635.43263547],[-1598763.3495608142,5420308.405014937],[-1598829.0151771202,5419959.619901199],[-1598789.6664464995,5419609.140311566],[-1598688.01620614,5419191.078349668],[-1598371.8343013886,5418585.19781607],[-1597784.3505576234,5417803.508977047],[-1597331.0680047222,5417214.78520971],[-1596833.4433718293,5416691.453928138],[-1596386.7201060138,5416077.455501936],[-1595932.0029599403,5415696.422490043],[-1595598.8978761148,5415452.541229019],[-1595248.1648430459,5415177.049073465],[-1595069.2745287116,5415051.927131089],[-1594829.2044917578,5414857.730574367],[-1594547.7438735282,5414522.184142],[-1594438.9165223246,5414232.632869887],[-1594374.4271631641,5413875.6777874045],[-1594321.5140999614,5413574.5752429245],[-1594164.6231556977,5413167.412367778],[-1593970.324551163,5412802.891555052],[-1593705.4588205924,5412602.313338872],[-1593012.2130740467,5412419.79531818],[-1592449.292448615,5412245.309152673],[-1592052.1516826174,5412245.961057693],[-1591635.709798476,5412318.895838888],[-1591423.0043655334,5412419.932034662],[-1591165.7857818715,5412691.761237823],[-1590607.9233979518,5413197.922202401],[-1590261.902820085,5413604.027370295],[-1590018.7114123187,5413722.445476757],[-1589676.5576299012,5413814.928692528],[-1589234.6927469063,5413881.9698396865],[-1588496.4374554812,5413870.71567037],[-1588086.840244353,5413814.999512409],[-1587778.1317094439,5413681.835123343],[-1587496.427111157,5413345.801300953],[-1587432.2003573445,5412989.356010876],[-1587539.9295466077,5412782.28919867],[-1587711.0456971817,5412435.541761309],[-1588045.2602062386,5411974.04725719],[-1588245.908402437,5411818.635549592],[-1588440.5324570788,5411581.61391782],[-1588736.0503337367,5411267.612527661],[-1588777.3548847733,5410912.782611151],[-1588681.909363093,5410574.1699443385],[-1588542.7886926702,5410198.075633562],[-1588375.2804182651,5409630.582541896],[-1588168.1434262248,5409315.027171285],[-1587880.9608761691,5408899.258822087],[-1587462.6620436204,5408579.858111102],[-1587010.4019113262,5408486.672544734],[-1586581.8947992667,5408504.750470596],[-1586023.315494571,5408514.296660448],[-1585718.6994324513,5408565.160583317],[-1585439.8081676494,5408517.485368792],[-1585149.7312586214,5408414.920427714],[-1584908.6308028153,5408325.077114572],[-1584774.3585874697,5408132.996475399],[-1584698.2244648088,5407720.559023177],[-1584850.1998555625,5407446.979629398],[-1585119.388107094,5407230.941027132],[-1585315.8419869556,5406890.413112693],[-1585579.3978792722,5406593.720245763],[-1585608.1180242656,5406287.81291089],[-1585356.5188124261,5406038.1537439665],[-1585016.0935277713,5405922.864188932],[-1584625.500142815,5405897.79130336],[-1584378.3504163378,5405832.703236472],[-1583809.8237777767,5405578.536251406],[-1583537.327248776,5405357.636177921],[-1583331.4932723928,5404981.636770129],[-1583356.1938092383,5404559.908864221],[-1583490.7819117305,5404186.8361044675],[-1583681.7605048898,5403767.060154961],[-1583982.4463597857,5403532.547093901],[-1584151.4988374398,5403393.951640103],[-1584292.9987716773,5402960.432241854],[-1584538.8347319819,5402633.00516334],[-1584870.7627424365,5402381.044955704],[-1585266.2260466719,5401988.298154698],[-1585638.7723697743,5401380.759890249],[-1585710.566275263,5401112.227010919],[-1585788.1666937044,5400818.917310459],[-1585928.4971396383,5400489.761418192],[-1586104.1179108687,5400326.840072861],[-1586292.738638822,5400115.354426105],[-1586428.5222270763,5399602.013148283],[-1586693.557243945,5399201.142950884],[-1586758.7990718863,5398956.840427203],[-1586865.9965108978,5398252.899239683],[-1586765.3845998808,5397833.801673003],[-1586522.917188363,5397352.245066042],[-1586361.0329335677,5396864.481627253],[-1586298.2365557791,5396403.134291998],[-1586277.9811186902,5395979.280704236],[-1586239.8748677932,5395525.2559528705],[-1586218.9256760534,5395205.384839369],[-1586252.1932166794,5394978.939899284],[-1586274.2886948658,5394697.0568891885],[-1586333.5634711778,5394372.949263181],[-1586436.7500614221,5394085.841497222],[-1586545.6326824315,5393774.933641109],[-1586768.883291429,5393232.827951156],[-1586872.7818133743,5392841.17119757],[-1586976.5599709009,5392449.996789078],[-1587060.7701341128,5392132.192250798],[-1586995.3502316454,5391879.753190534],[-1586768.9962295392,5391636.744625937],[-1586437.000846473,5391392.089812575],[-1586042.1513156162,5391183.303550533],[-1585499.498647421,5390935.359069562],[-1585124.7298376132,5390654.174608953],[-1584707.6261885334,5390229.944533122],[-1584383.5421874959,5389856.933822072],[-1584164.4700993875,5389484.566227404],[-1584142.5982626623,5389269.60751853],[-1584233.145740627,5388927.4421995245],[-1584369.2862983502,5388414.173827051],[-1584441.0115050636,5388144.886301258],[-1584377.0767313268,5387788.326153509],[-1584199.7183748554,5387558.4868908],[-1584212.602071863,5387509.883727298],[-1584297.3450801733,5387191.97358976],[-1584319.2291550233,5386909.937157168],[-1584353.0291774576,5386683.361020322],[-1584264.3020553915,5386319.908536544],[-1584062.0214766338,5386083.1930431],[-1583810.0521648827,5385938.321525291],[-1583333.2883067282,5385838.79031129],[-1582503.2902912386,5385776.592580138],[-1581682.51260075,5385978.002120418],[-1581179.1377014667,5386080.7392208865],[-1580731.549027004,5386171.894712495],[-1580345.2352034317,5386332.223569587],[-1580126.6589171325,5386456.816171007],[-1579878.1901091407,5386495.782009316],[-1579593.130255955,5386472.921121814],[-1579322.2963662813,5386296.403159471],[-1579139.8507028432,5385987.288163066],[-1578910.7423373298,5385455.81797087],[-1579017.3951635235,5384856.331490093],[-1579091.5852869463,5384378.343200015],[-1579157.6168961686,5384029.717434176],[-1579085.9141168878,5383801.476893883],[-1578940.1904268381,5383553.65143552],[-1578799.8097317836,5383385.600029026],[-1578308.938852809,5383439.257904514],[-1577967.114762122,5383532.073675253],[-1577446.5962796512,5383499.093102463],[-1577299.7743173863,5383355.846195034],[-1577148.5809751716,5383027.74586111],[-1577110.9540680859,5382572.87872763],[-1577073.2040223018,5382117.995020643],[-1576992.305001413,5381625.5683715325],[-1576742.1804186525,5381271.987903708],[-1576443.078977326,5380904.680805415],[-1576013.5453133602,5380530.369016619],[-1575590.5766082976,5380130.248890608],[-1575275.7569817528,5380020.753720518],[-1574806.447061574,5379896.40274949],[-1574133.9028297407,5379639.87557365],[-1573735.747971554,5379247.098813669],[-1573571.9396251002,5378968.050023609],[-1573484.7496188509,5378500.351949515],[-1573534.199108194,5378016.317505462],[-1573409.7021975603,5377590.858083896],[-1573379.8008656017,5377006.908041663],[-1573223.4410237882,5376599.377781183],[-1573076.3828885003,5376455.58889841],[-1572804.5986312798,5376383.618794068],[-1572564.1807532962,5376293.69304327],[-1572211.806109367,5376226.9551375145],[-1571808.2158018304,5376251.124048713],[-1571441.4564140197,5376337.641371087],[-1570982.319228014,5376372.904146934],[-1570468.6251504412,5376315.136036052],[-1570041.7256107435,5376228.3162370045],[-1569689.5949794764,5376161.077781185],[-1569157.4256471414,5376072.629616775],[-1568841.3760825188,5376067.741676083],[-1568530.285423495,5376142.659690567],[-1568007.6662715143,5376317.941649394],[-1567622.557140391,5376373.767560728],[-1566921.1361222516,5376423.213039523],[-1566600.3730108105,5376337.524247428],[-1566454.0380715413,5376309.753365375],[-1566410.1645275345,5376207.272468214],[-1566060.8661087616,5375877.254056777],[-1565736.424513426,5375681.510315726],[-1565235.5945815342,5375707.97548794],[-1564839.4915485084,5375987.928356059],[-1564628.3561518556,5376124.970054126],[-1564403.582631432,5375900.143662603],[-1564106.6516249606,5375155.962435638],[-1564052.3417419947,5374494.728999894],[-1564169.247567254,5373602.316767229],[-1563485.5934217316,5372738.834850115],[-1563155.4277130521,5372389.360114069],[-1562844.611542737,5371966.417749597],[-1562213.213497915,5370961.348724267],[-1561611.5826193888,5370042.4221410705],[-1561093.6321436688,5369407.8590306295],[-1560660.7244426152,5368847.88243314],[-1560154.0604297926,5368268.797109604],[-1559869.5804495201,5367748.456962065],[-1559624.8102412063,5367081.131797313],[-1559506.9755631487,5366631.118454758],[-1559362.8344806521,5366278.411925269],[-1559086.582250223,5365628.998868209],[-1558637.1315696905,5364934.02175487],[-1558410.488368677,5364297.285951319],[-1558065.0595251676,5363708.571563048],[-1557748.2303789388,5363309.770978428],[-1557397.1953230198,5362934.898715241],[-1556955.3376450462,5362443.239695077],[-1556638.346501641,5362020.099887476],[-1556560.4110341554,5361816.432474133],[-1556538.5211117705,5361601.151338708],[-1556586.0353913733,5361086.891126873],[-1556752.1359886196,5360726.031348416],[-1556822.3145669112,5360572.936874825],[-1556917.6165105319,5360365.6576868715],[-1557044.197308464,5360091.26832819],[-1556681.6204248064,5359921.337055007],[-1556319.0482426053,5359752.397906621],[-1555957.0952708733,5359582.465427705],[-1555881.4726161608,5359547.4967318615],[-1555530.6249215386,5359356.678522004],[-1555179.0247455917,5359165.363914754],[-1555157.6921041913,5359153.5287318425],[-1554760.2394013342,5359108.783948695],[-1554442.7232801977,5359072.689647449],[-1554046.5487690123,5359014.042583749],[-1553732.5833857695,5358967.014515235],[-1553332.8150924442,5358966.447812565],[-1553025.9249160609,5358966.043784629],[-1552632.246358393,5359032.450255355],[-1552427.3509321022,5359066.42528649],[-1552039.7528802129,5359162.087974132],[-1551928.6909806747,5359189.774861909],[-1551541.0929142588,5359285.434137439],[-1551430.150855478,5359312.1266568275],[-1551032.1688343403,5359352.733481389],[-1550867.900645348,5359369.191157509],[-1550483.7255655737,5359256.901708049],[-1550129.8639738874,5359153.438992294],[-1549775.187243397,5358969.086821758],[-1549519.8729002923,5358835.996028386],[-1549197.8354783007,5358599.418927905],[-1549114.9062231644,5358538.671812007],[-1548837.5225401209,5358251.811263391],[-1548604.2056365185,5358010.448225625],[-1548326.8212395897,5357723.085761938],[-1548157.7201980674,5357547.993339445],[-1547824.9092841947,5357325.338992669],[-1547633.3915757001,5357197.970383151],[-1547328.8314180374,5356938.984076522],[-1547024.152560373,5356680.98572362],[-1546928.588141143,5356599.927099198],[-1546582.1856664328,5356399.647879538],[-1546418.1500280688,5356305.431117097],[-1546027.9056336866,5356218.466871993],[-1545869.2816732037,5356183.293883142],[-1545469.5267638457,5356185.207808437],[-1545187.904353728,5356187.195165682],[-1544805.5612997292,5356302.702548859],[-1544423.2244792841,5356418.701942306],[-1544148.410509786,5356501.5620019445],[-1543796.9476672288,5356689.407837519],[-1543444.9829240586,5356876.755080051],[-1543256.4249121314,5356977.668176543],[-1542865.3380727633,5357057.951505952],[-1542473.6282815267,5357138.231998824],[-1542405.8438809754,5357151.870922924],[-1542006.5721362699,5357133.420059392],[-1541717.0919423108,5357120.04366566],[-1541443.834533288,5357408.829182431],[-1541360.9392172322,5357496.459553617],[-1541258.3331246506,5357823.84014],[-1541039.8786436417,5358173.448346281],[-1540881.8229044105,5358453.865699325],[-1540716.0497040115,5358756.629189067],[-1540588.2483262466,5359037.422151965],[-1540349.2486687228,5359236.22676436],[-1540088.3450277834,5359323.46490523],[-1539594.4061117072,5359192.200721109],[-1538962.2927740745,5359180.493479714],[-1538323.7361053748,5359194.6075803405],[-1537896.0789898837,5359210.969801811],[-1537616.5823275496,5359267.500813036],[-1537397.9450111622,5359392.79108632],[-1537133.1238388007,5359688.907021751],[-1536809.2196760478,5359812.563899692],[-1536585.397162091,5359857.4898771895],[-1536325.5159344655,5359840.521549725],[-1535931.7807266281,5359630.521095124],[-1535753.7708963037,5359505.115999323],[-1535278.0418433622,5359404.04899989],[-1535036.6303720712,5359418.769908501],[-1534679.9481894977,5359664.085718291],[-1534489.0168272026,5359979.770680512],[-1534153.594998064,5360440.799814893],[-1533969.996768599,5360732.128014884],[-1533668.9937044873,5360966.305496277],[-1533443.6548687841,5361115.890506056],[-1533256.394679493,5361223.177905818],[-1533045.7312922697,5361219.427399385],[-1532742.5800680085,5361164.402518564],[-1532535.083157304,5360952.298217967],[-1532439.307289165,5360716.994459148],[-1532351.760089878,5360353.174389747],[-1532236.1312094182,5359798.446966168],[-1532072.927292302,5359519.69902584],[-1531708.9214892578,5359395.9243757995],[-1531183.853218407,5359282.619929829],[-1530421.7973365572,5359262.893089206],[-1529914.819548979,5359180.28105825],[-1529511.7102199502,5359203.483335642],[-1528776.0990066328,5359085.929321757],[-1528456.8815216739,5358895.523913875],[-1527436.2381214695,5358361.716255187],[-1527043.7829854174,5358047.523306061],[-1526423.205029782,5357698.881295387],[-1525515.1407488158,5357534.7827112265],[-1525014.367991522,5357427.341729014],[-1524328.2008260917,5357715.437918292],[-1523843.2175085011,5357848.057120362],[-1523245.631687722,5358002.8800468985],[-1522735.351054251,5358128.626600495],[-1522052.6114588948,5358208.323894734],[-1521386.339003664,5358030.498813931],[-1520862.918084326,5357812.007962679],[-1520467.5359675651,5357706.188425758],[-1520084.0376528148,5357655.892230114],[-1519653.1052883903,5357488.677936116],[-1519206.8860654037,5357081.905224327],[-1518875.9131338764,5356835.472416606],[-1518607.3674873516,5356161.672778872],[-1518202.181126398,5355503.690791823],[-1518209.958331644,5354981.219824176],[-1518045.296780031,5354413.66854698],[-1518035.6217179955,5353860.4538662275],[-1518104.271611308,5353407.677633691],[-1518009.1805869087,5352939.0753499735],[-1518335.0037862593,5352709.68928276],[-1518458.792138635,5352622.9169031605],[-1518610.1652068326,5352255.665301116],[-1518761.9186146497,5351888.898893442],[-1518802.1307305556,5351791.490686014],[-1518936.7127496002,5351417.818471104],[-1519010.0770855064,5351214.086066426],[-1519062.9016162439,5350820.829686476],[-1519087.6328824533,5350634.626229981],[-1518952.455129236,5350260.370613931],[-1518893.4754619075,5350098.2754952125],[-1518752.4385787304,5349726.01450161],[-1518646.535251034,5349446.443033026],[-1518456.5259756215,5349096.675775476],[-1518405.8881736186,5349003.03990136],[-1518168.8255085566,5348682.218045414],[-1518084.0442216904,5348567.355341995],[-1517881.4642722672,5348224.565307999],[-1517678.7629609003,5347882.267291802],[-1517571.6550578566,5347700.461995872],[-1517315.0739031385,5347394.580714129],[-1517116.5878026236,5347157.492601582],[-1516786.4285025373,5346932.284789854],[-1516548.8313797528,5346771.283922478],[-1516527.9082341772,5346374.7012109915],[-1516506.9877109174,5345978.110414573],[-1516498.8381189425,5345825.723912314],[-1516569.089707404,5345434.750030241],[-1516607.1934689847,5345226.586878623],[-1516565.9143899279,5344831.525119048],[-1516548.5655969637,5344667.741143454],[-1516576.539921804,5344271.919985608],[-1516584.7672347995,5344156.6950011235],[-1516574.3586698961,5343759.5071361475],[-1516563.9560102394,5343362.80371362],[-1516557.030494861,5343112.068897163],[-1516423.7783605182,5342738.134279906],[-1516315.8819704915,5342435.607458133],[-1515977.8140357262,5342221.797686483],[-1515640.4993598189,5342007.986275447],[-1515490.4890713398,5341913.675469722],[-1515105.8590073984,5341802.825535697],[-1514721.2329897052,5341692.968645747],[-1514678.771779194,5341680.209291445],[-1514305.4128090395,5341535.055045327],[-1514052.245163459,5341436.643512912],[-1513693.5564442566,5341260.147843598],[-1513334.3666668183,5341083.652970829],[-1513179.855163889,5341007.72898595],[-1512804.5398047406,5340869.033553804],[-1512647.7681584696,5340810.499543807],[-1512281.684660283,5340649.9202785455],[-1512051.8761833615,5340548.441168005],[-1511714.434565376,5340333.625104924],[-1511377.6254519816,5340119.300548744],[-1511295.524805328,5340066.954396809],[-1511035.2627897062,5339764.943880578],[-1510774.5007806853,5339462.933488639],[-1510714.2813668416,5339392.129808227],[-1510624.8402304035,5339004.563787187],[-1510581.2254557866,5338816.98363024],[-1510507.14477601,5338426.369271926],[-1510473.3391071379,5338247.685558971],[-1510454.3506991453,5337850.896871696],[-1510435.8604598227,5337453.600032275],[-1510432.2580653944,5337381.093397043],[-1510494.059262477,5336988.953861645],[-1510554.5304966217,5336603.762805668],[-1510452.7513332204,5336218.657115244],[-1510350.975135381,5335834.037794981],[-1510327.9081187863,5335747.686729499],[-1510226.1376985284,5335363.056109205],[-1510124.8658438462,5334978.414451724],[-1510073.200927953,5334781.375638155],[-1510126.509076448,5334387.706469442],[-1510179.8169309066,5333994.025871349],[-1510192.45290378,5333899.58018755],[-1510169.236736295,5333502.193909855],[-1510159.848012017,5333346.216483182],[-1510090.4240174294,5332954.948420128],[-1510021.86928785,5332562.174596967],[-1509678.6402507816,5332356.248104147],[-1509335.4211559494,5332151.311535733],[-1509052.0571245123,5331981.431691696],[-1508652.0146613817,5331977.446719729],[-1508252.4709629759,5331973.459053284],[-1508191.7117330648,5331972.692439185],[-1507791.6529688789,5331966.221549827],[-1507391.5941167595,5331959.749840388],[-1507199.564263193,5331956.485486456],[-1506817.6447815604,5331836.658776142],[-1506436.106334428,5331717.325928959],[-1506296.9428701582,5331674.114128164],[-1505930.1428625607,5331514.4784202725],[-1505698.1055125308,5331413.474082006],[-1505307.6454763683,5331325.973776162],[-1505075.0470516626,5331273.665614105],[-1504688.3626340055,5331170.747396724],[-1504456.9577653066,5331109.491798651],[-1504076.8883967877,5330985.67824438],[-1503944.7319446108,5330942.93802527],[-1503592.9844687292,5330752.435822303],[-1503241.7424676612,5330562.428999982],[-1503128.0901972656,5330500.734784817],[-1502728.029347352,5330513.642032384],[-1502521.312783081,5330520.367553018],[-1502148.4650506289,5330662.859685046],[-1502006.188839678,5330717.545433126],[-1501663.8700826147,5330922.526863548],[-1501321.6785518653,5331127.499450031],[-1501279.5906924622,5331152.497434431],[-1500880.3142548138,5331170.859280278],[-1500512.282852052,5331188.108462764],[-1500121.8252427438,5331100.603652666],[-1499964.211160198,5331064.910141027],[-1499577.7709199963,5330960.993307072],[-1499396.4508171557,5330912.470659459],[-1499031.7455559387,5330747.856955655],[-1498825.6323628635,5330654.706549467],[-1498440.3008374404,5330547.801794635],[-1498332.9778180206,5330517.888210453],[-1497957.933097436,5330378.153891219],[-1497632.386261775,5330257.118652608],[-1497279.529356643,5330068.608671793],[-1497048.0968434762,5329944.742946803],[-1496648.281398483,5329937.759981602],[-1496291.5968302325,5329931.119364007],[-1496085.6521030725,5330271.230081657],[-1495879.0861725472,5330611.332723431],[-1495709.386030169,5330891.671680294],[-1495588.5739879385,5331270.195924346],[-1495531.479205111,5331449.257342439],[-1495501.787836623,5331845.318354068],[-1495472.2257391652,5332241.367603372],[-1495466.4736455914,5332318.389801858],[-1495341.2830985205,5332694.900217382],[-1495225.0364986304,5333043.054447376],[-1495068.400113871,5333408.230345062],[-1494911.7629954796,5333773.397846056],[-1494838.868864842,5333944.034062462],[-1494751.8876035267,5334331.782856625],[-1494722.1153868919,5334463.020370797],[-1494359.1722898553,5334628.230869526],[-1494109.7707621187,5334741.376842725],[-1493722.0995079044,5334641.439166228],[-1493342.3156479045,5334543.4632526655],[-1492946.7885113733,5334485.274153038],[-1492550.7620685403,5334426.593619171],[-1492328.2845389526,5334393.613183174],[-1491963.8192103133,5334229.022833222],[-1491599.4751676887,5334063.935645051],[-1491297.6925465248,5333926.932979727],[-1490060.6770388093,5333646.750293517],[-1489584.0979877654,5332925.7477971045],[-1488990.0537386874,5332441.586005806],[-1487885.3857309723,5332386.4340398405],[-1486653.8377433238,5333720.48192624],[-1486189.8982613645,5332924.465069591],[-1486035.749653478,5331820.826814011],[-1485255.8561213037,5330894.715183926],[-1485627.4953721522,5330059.298125611],[-1486214.1160966726,5329489.339120609],[-1486923.7404206288,5327708.554457123],[-1487349.9402142293,5326855.816916015],[-1487977.5193470318,5325882.512535541],[-1488108.153488574,5324466.649986716],[-1488042.3885285768,5323300.3894974375],[-1488052.5764737814,5322300.77138864],[-1487936.5179472438,5321280.18384985],[-1487518.6447489592,5320208.955689463],[-1486524.3849605317,5319016.537269632],[-1486165.131362464,5318057.82028153],[-1485592.5183800338,5317140.630788529],[-1485444.5291162634,5316781.689007314],[-1485269.7396597906,5315648.5932519],[-1484235.1107437504,5314705.198168471],[-1482605.3678621298,5314535.375809836],[-1480651.9006129901,5313824.218303078],[-1480041.481461041,5313131.293200252],[-1479143.4030570618,5311209.452888641],[-1477083.2137825035,5311763.466613122],[-1476409.7735087555,5310674.808150408],[-1474766.4246411794,5309809.177372701],[-1474119.488184302,5309495.307191427],[-1473430.3205818401,5309123.400546762],[-1471652.7946991757,5307978.175510816],[-1470963.269041411,5307297.324514444],[-1470412.3646945443,5306717.405286104],[-1468498.8109164368,5304520.826735974],[-1468446.7419294815,5303279.1080083],[-1470637.453438393,5303029.717455641],[-1471311.6052565924,5302089.045290661],[-1471184.088457019,5301142.992501452],[-1470910.3179241682,5300300.488981298],[-1470185.521580213,5298123.272445425],[-1469781.4416195417,5297285.11888419],[-1469746.3494152692,5296250.298650403],[-1469152.286395881,5294686.425408248],[-1469242.0986430466,5292747.679730301],[-1469203.2380611445,5291739.461150495],[-1468979.4965702994,5290750.351334123],[-1467778.4054002233,5289572.437536937],[-1467223.2978497304,5288861.991661441],[-1466803.418339577,5288276.983975418],[-1466319.779301905,5287296.722538885],[-1466201.6998249253,5286454.382028652],[-1465339.8263346942,5285100.959783632],[-1465280.6727934545,5284525.298727784],[-1465885.875547914,5281515.844702055],[-1466296.137162116,5280607.683701978],[-1466606.064606556,5279527.441090107],[-1467623.5950978205,5277923.7579155555],[-1467924.7072662346,5277048.198482411],[-1467764.1981804096,5275992.602907524],[-1466576.0291769784,5274275.798635091],[-1464219.4632978986,5274291.880661445],[-1464105.1858000336,5273269.351742317],[-1463752.2491257729,5272284.182308726],[-1463995.015413281,5271604.531801879],[-1464766.182207088,5270859.234966197],[-1465923.1200738475,5269818.477875581],[-1465896.4884645168,5267961.358337243],[-1466348.8332034473,5267265.098282065],[-1467691.16330629,5266333.428740453],[-1467781.9471807738,5266270.677400215],[-1467135.1153760692,5264103.528783486],[-1465729.582988798,5262143.555048455],[-1466060.0658955476,5260783.400532902],[-1465836.7617421602,5259176.080903042],[-1465223.84760723,5256499.281424613],[-1464854.377555656,5255150.275551536],[-1464593.933605882,5254231.475917819],[-1464543.5552521246,5252987.169325726],[-1463516.0257887202,5250625.849743518],[-1463025.5118614465,5249075.70367663],[-1462551.642982749,5247425.462816448],[-1461273.2553301794,5245639.958476361],[-1460736.9162309172,5243437.739501692],[-1459685.2061606727,5242926.149635539],[-1459274.9604851813,5242136.301494671],[-1460058.449546052,5240078.326024387],[-1459015.3196845204,5238280.527858908],[-1457825.8796539686,5236586.202144255],[-1457114.063553352,5234353.697998129],[-1456377.5746812671,5232426.935495062],[-1455636.7482090006,5230369.01720655],[-1455155.4664420427,5229695.451743474],[-1454548.591223606,5228692.006480523],[-1454260.6108899578,5226710.476732128],[-1452975.2266819922,5225901.18305798],[-1450596.454513347,5225913.212413036],[-1449314.809101367,5225696.908168234],[-1447707.966639456,5224189.090225494],[-1446846.5122404702,5222549.027220658],[-1445310.417341007,5221078.657048147],[-1444520.1749569746,5219784.616161677],[-1443768.5665243312,5217957.068273122],[-1444356.5916515444,5215994.172302366],[-1444408.5345301207,5214455.9515594095],[-1444019.8733703531,5213693.84308554],[-1443590.3711214613,5212100.253111419],[-1442331.5058880358,5210985.074718028],[-1443117.480859398,5208152.421717885],[-1443671.4024124304,5207317.23384249],[-1444920.067488855,5205877.759836742],[-1444503.113832916,5204671.856797217],[-1443717.9323709698,5203353.089866061],[-1443020.4925130391,5201971.696798626],[-1441658.3214145189,5200555.544675268],[-1441945.6511843922,5198385.648937476],[-1440482.085762559,5197570.291019032],[-1439849.4307846746,5195347.659267123],[-1439388.3923084089,5193338.777971897],[-1438935.3255952396,5192288.06282337],[-1439581.7131504635,5190193.89603611],[-1440220.4095612075,5188391.625565064],[-1441719.4489239713,5184851.385090727],[-1442852.73324799,5182719.946407378],[-1443542.55978389,5180461.186640087],[-1443921.4909064241,5177367.80123829],[-1443823.1060397215,5177304.644626508],[-1443489.5405042367,5176864.633999651],[-1442530.1501270337,5176610.040601034],[-1441840.3071465807,5176308.852457085],[-1440158.889032092,5175888.137161277],[-1440437.4369386225,5174541.0353176985],[-1440777.76294687,5173591.2355333],[-1442323.3548423406,5172380.991357104],[-1442728.3980856363,5170589.88565301],[-1444141.6410589884,5168169.346023882],[-1444873.6269483443,5167554.650346539],[-1445176.947465367,5166768.661282203],[-1445441.0120396072,5165542.7353859935],[-1446482.1984254,5164225.557158707],[-1447278.2048069905,5163327.213913205],[-1447326.4121984502,5162121.276699294],[-1449144.2467029374,5160361.619789076],[-1449618.3687311662,5159382.477157462],[-1450092.0932314899,5158713.055098013],[-1452402.1631721465,5154716.898725415],[-1453318.7932206686,5154018.082614756],[-1454465.3715388237,5153178.262917518],[-1455713.5163016317,5151735.017994287],[-1457551.3611600513,5150313.300277385],[-1458438.801631512,5150373.962263824],[-1458783.0346443302,5148732.6322401],[-1458432.5894254677,5146063.592960872],[-1457843.370787515,5143896.620285958],[-1457120.2259503833,5142068.698577254],[-1456706.4103373494,5140085.975119504],[-1456811.4814394482,5137621.861105509],[-1456707.946963977,5135174.224695331],[-1456352.0736894864,5133614.310768483],[-1455822.0947367803,5131560.45532807],[-1455303.5499537229,5129895.350263234],[-1454110.0765848565,5127806.118063499],[-1454113.4814697574,5126255.005105102],[-1453908.1525067368,5124875.319433441],[-1454408.0923645683,5123433.884770385],[-1455015.6262877088,5122734.585579855],[-1455111.2294177322,5121250.627765835],[-1455074.4303553996,5119020.274525037],[-1455180.6131963371,5118235.770863176],[-1455669.3699956865,5116559.498444379],[-1456470.71027823,5115013.002082163],[-1457143.7973994187,5114531.615947488],[-1457854.6683328352,5114134.545831678],[-1460045.733154764,5112589.428301405],[-1461952.3725762158,5111203.210610757],[-1464364.9117466323,5109411.0079781655],[-1468202.5837036287,5106641.910495075],[-1471668.3438083427,5104094.349895169],[-1474700.8878508543,5100903.507505155],[-1477260.86004595,5097762.54475941],[-1480163.3050907454,5094419.467812898],[-1482869.4228698737,5091327.404936701],[-1485320.7907483433,5087907.252444812],[-1486997.903879288,5083890.706626869],[-1488812.004158833,5079974.374243356],[-1490137.1922624847,5076363.419183949],[-1491701.3235575997,5072248.555918781],[-1492836.9428769688,5069770.808828594],[-1493003.4400138953,5068011.272593447],[-1493430.5850227028,5064999.786075828],[-1493633.0280804061,5063501.628733373],[-1493643.0767477253,5063429.344009963],[-1493081.1018905265,5061262.171803362],[-1492121.2881648638,5060090.317632798],[-1490615.5639284914,5058801.261091354],[-1488935.3276222555,5057637.624414175],[-1487376.4680538396,5056054.059280451],[-1487305.9675514016,5054331.622406689],[-1487761.6041774545,5052231.180845892],[-1487670.8155745133,5050323.596886299],[-1487031.7521620132,5047857.488606419],[-1486645.5191470617,5046029.928245055],[-1486534.3855928546,5043937.402291014],[-1486630.562106614,5042294.606484878],[-1487406.808028641,5040428.643565016],[-1487793.3229306748,5039197.545398357],[-1485668.422964346,5039462.296123142],[-1484831.6494010093,5039243.807361293],[-1483357.393649828,5037776.985110025],[-1482241.5465963436,5036318.889064055],[-1481261.8483305883,5033898.139906655],[-1482283.9181326965,5032098.952244883],[-1484222.8675516446,5029883.962139398],[-1484915.9127361572,5028767.086673462],[-1483803.181779981,5027038.483136178],[-1481610.1761537613,5026643.120028948],[-1479603.54676156,5026512.990118733],[-1477686.4377694926,5026915.897257995],[-1474771.2565771015,5028369.746819242],[-1473594.690641527,5028064.854510187],[-1472089.9986888166,5026392.231602576],[-1471437.964840214,5026106.052896264],[-1470641.885235345,5026166.161835525],[-1469330.8953069663,5026518.045567944],[-1467325.831585693,5026303.281116131],[-1465616.9080678385,5025624.537471452],[-1462767.8157300525,5024376.234778825],[-1462050.7740151633,5023549.954047851],[-1462037.0681733033,5022717.594918279],[-1461436.8664707083,5020800.113783695],[-1460629.1611007485,5018588.19583159],[-1458684.1593726825,5017792.30763225],[-1458070.903217579,5017013.637782893],[-1457996.9733828814,5015781.930801702],[-1455369.5069300951,5014922.051921457],[-1453790.4045302353,5014239.314285494],[-1451715.1598222028,5013757.753271777],[-1450526.044255237,5013349.015756028],[-1449802.0104405368,5012317.704351596],[-1448529.4331328117,5011194.122696757],[-1447647.1662694172,5010605.988600067],[-1447537.2597035372,5010532.626178123],[-1446000.924658395,5012477.555374266],[-1443922.358094402,5013681.434604183],[-1442608.5594002216,5015066.704797777],[-1441001.5399635893,5014249.005861874],[-1440458.6226718742,5013664.0899138935],[-1439981.7802073094,5012389.175271757],[-1438865.4345322181,5010642.499349789],[-1438640.8469018184,5009696.632545113],[-1438549.1622783048,5008876.315587878],[-1438268.0877920378,5007472.676561646],[-1435632.7527039738,5005941.009732612],[-1434791.6074532955,5004240.748048658],[-1433528.5576532977,5004531.507171274],[-1432560.034575604,5004380.478837918],[-1430706.3989205023,5003052.638252279],[-1430157.562649347,5002358.400253936],[-1429024.706708252,5002220.931463582],[-1425945.0541014501,5001071.079938201],[-1424104.4883126307,5000811.545927732],[-1422546.5689711722,5000628.712893657],[-1420521.9676566762,5001342.259518577],[-1418807.2560830517,5001309.092828927],[-1415726.778266171,5001457.927863724],[-1413722.9599462599,5001011.87781687],[-1411814.6043802719,5000607.662192443],[-1409338.0744817555,4999924.422720836],[-1407528.8368244295,4999692.857582162],[-1405624.9373065443,4999263.2341292715],[-1403428.5079122132,4999042.698882837],[-1401011.965578243,4998758.620104808],[-1399585.7382429289,4998540.254407689],[-1397223.412837714,4998239.04637546],[-1395883.501581897,4998112.947596349],[-1395069.2875892685,4997921.425309659],[-1393540.8126840615,4997399.474067509],[-1392333.3317960324,4996050.057328918],[-1390677.2950790534,4994347.241985665],[-1389282.1394263117,4993067.069415723],[-1387561.5444756607,4991612.370878413],[-1386071.987876192,4990483.624107878],[-1383841.063131632,4988516.278222201],[-1382683.7755797394,4987330.385254343],[-1381519.5103212988,4987831.007554137],[-1379980.9449191412,4987670.01058413],[-1378210.6930108694,4987962.343788306],[-1376637.0932727878,4987531.381897731],[-1375352.5753108072,4986154.136711898],[-1372166.6211552003,4985778.599927044],[-1370880.3915998072,4985790.769036852],[-1368871.6082684598,4985677.747003381],[-1366877.2422942466,4984580.570626447],[-1364959.6019710216,4983340.750943552],[-1363013.563203518,4983160.398571951],[-1361014.185760313,4983437.989437801],[-1359254.5337398609,4983965.101118199],[-1357383.268156573,4983797.341229559],[-1356410.7330320736,4983031.895218129],[-1354286.708667443,4983287.701980443],[-1352866.3185966215,4982886.139864999],[-1350292.8259807385,4982622.304964414],[-1348564.269258604,4982816.095595402],[-1345860.7304216332,4983152.677969467],[-1344344.825517758,4983305.465047535],[-1341068.7907390415,4983983.797006869],[-1338718.7395182685,4983316.224921325],[-1337089.4212048526,4982488.076129069],[-1335497.268452223,4981743.964467181],[-1334390.797870257,4982201.307361692],[-1332961.4508692054,4982446.077129009],[-1331462.1193239142,4981614.22883973],[-1330055.8098018903,4980538.397972658],[-1329616.062635065,4978774.138528501],[-1328065.5536785345,4978088.629230688],[-1326795.3567081552,4977711.694467884],[-1325853.5993010637,4975885.502536362],[-1324061.2392062086,4976300.654094604],[-1322700.8731904917,4976739.227517788],[-1320716.9090190437,4976627.331221075],[-1319291.414401177,4976404.586166474],[-1317571.095126947,4975663.38303709],[-1315438.9354178496,4975369.580112127],[-1313560.871424607,4975535.474854179],[-1311107.400717589,4975314.905644866],[-1309083.124934128,4974104.354334174],[-1307974.3447089684,4972949.244564339],[-1305468.1005542332,4971706.044913723],[-1303555.6620823315,4970592.594730323],[-1300581.718048226,4969526.607625073],[-1299394.684471922,4971033.542998591],[-1297669.184088266,4970029.7541420525],[-1296302.6382612681,4969764.919430046],[-1296047.104783285,4968576.931167567],[-1294822.8928006156,4968232.375287048],[-1293858.4954478592,4967532.509765108],[-1293236.9106531774,4966204.95634223],[-1292109.9626488946,4965388.051738133],[-1289914.100389903,4965357.093449904],[-1288152.5807112677,4965686.262808446],[-1287003.4723296252,4964912.801411834],[-1286146.8993995234,4965698.083129452],[-1284924.2482424336,4964756.135776996],[-1283564.3125134574,4963360.831677342],[-1282640.7795709278,4962637.757568914],[-1280375.2230656138,4961503.107577017],[-1279112.2436112778,4960279.022666405],[-1276588.5653380924,4959107.933759936],[-1275181.2147453902,4957784.585736159],[-1273070.0124889067,4956185.99504022],[-1272728.013377353,4955288.886435688],[-1271595.1326182284,4954746.612217483],[-1271791.028034236,4952731.339739394],[-1270137.2209969622,4950772.822231402],[-1266965.0641525495,4948212.407268419],[-1265482.056388836,4946858.799686928],[-1262614.95574348,4944611.883785583],[-1260523.044287252,4943072.412521445],[-1259105.9443589726,4941782.496095415],[-1256378.9204739009,4939766.730559628],[-1254950.4368159168,4938838.076655796],[-1252844.5290214017,4937087.846786717],[-1251462.1730968747,4935751.235481862],[-1249439.9958717362,4933963.212672108],[-1247547.9351462508,4932899.892035567],[-1245588.1319966894,4930758.919148081],[-1244561.7889829844,4929588.592338247],[-1242852.871868882,4927777.528543879],[-1241556.8235134839,4926247.032278351],[-1239372.2976061723,4924949.078508939],[-1237526.9096126822,4924205.784557773],[-1236426.7554999692,4923022.437518317],[-1236271.222351037,4920991.644469403],[-1235807.3191655194,4920128.812538051],[-1234306.958400718,4917573.073050844],[-1233324.4806201945,4916306.142500892],[-1231542.2618147635,4914480.629204744],[-1230064.7158439676,4913254.864308209],[-1228568.9397551874,4911115.748485908],[-1228500.2082355695,4909178.305047372],[-1228685.3605009248,4907259.326743405],[-1228605.3341644749,4905241.360575372],[-1227317.907239992,4904830.092222339],[-1225565.6783431696,4905455.417592513],[-1224277.8777605528,4904757.440114445],[-1220849.1107442821,4903291.858235968],[-1218463.919620757,4901534.114257006],[-1217524.4337551189,4900234.591750573],[-1215800.6894062313,4897603.842535322],[-1214163.1884265584,4896350.617842846],[-1212475.8720130557,4895330.607808396],[-1210524.337015501,4894180.948297563],[-1208525.0464849144,4892292.236518852],[-1207678.7362440103,4890553.341382177],[-1206705.436702485,4888359.037517985],[-1205546.3735772918,4886518.743715252],[-1204771.9605135738,4884421.118244863],[-1203816.5080284101,4882555.288728184],[-1202826.9339116404,4880885.778261276],[-1201012.182156573,4880560.959555214],[-1199490.4943508476,4880566.9254438905],[-1199447.128430798,4880566.956117957],[-1197648.3121994303,4880296.905130228],[-1197249.3246472562,4878896.387279935],[-1195127.9727188204,4877173.086990937],[-1193672.5181692836,4876602.786165622],[-1190584.4782121405,4875183.3874935955],[-1189267.718125806,4874115.841977166],[-1187054.2384228543,4873472.118653455],[-1186088.9318555181,4872182.256265693],[-1184831.3436239527,4870316.022194929],[-1183750.459821208,4868897.575725101],[-1181278.5957795458,4867802.24399609],[-1179724.6409074783,4867887.692972428],[-1176899.6287563178,4867769.845657177],[-1175208.515783116,4867908.781423152],[-1172732.104671667,4867833.855676512],[-1170843.8651041545,4867803.6489478685],[-1168101.0586961068,4867644.43160381],[-1166766.2157534973,4867508.117704369],[-1163916.0250933068,4867670.937696791],[-1162403.2701206633,4867815.188468448],[-1159153.1420838526,4868062.100651422],[-1157890.5447933383,4867808.0376459425],[-1155311.8032509289,4867602.806011459],[-1153398.4362070917,4867543.567496878],[-1150934.8770318197,4867411.017844532],[-1149272.591023164,4867240.548477005],[-1148689.778695634,4866197.437287867],[-1149247.4882327227,4864084.092154976],[-1149707.7685465962,4863229.497623475],[-1151954.9639870198,4861708.049801181],[-1152948.7143685403,4861314.334695055],[-1153810.8712089048,4860792.749723411],[-1154998.4254986765,4858454.190849283],[-1154892.2751539696,4857757.888902106],[-1155441.0375183683,4857127.551539214],[-1156380.045178765,4854743.848519199],[-1156576.4923024836,4854075.745199231],[-1156824.6703357606,4853260.983281377],[-1157399.9514198038,4850472.5545204105],[-1157433.8657682643,4849566.16304],[-1157539.911181639,4848543.472329366],[-1157950.3794745628,4845959.628823768],[-1158142.271162303,4845603.065862722],[-1158383.7805522783,4844682.3882289985],[-1159148.749343321,4843127.210500333],[-1159597.970681504,4841905.182672649],[-1160049.1750862987,4841387.475852621],[-1160874.751346494,4839633.817476804],[-1160829.6354097347,4838739.715335151],[-1159854.8572922738,4838746.1484012725],[-1157929.827514809,4838189.544378296],[-1157110.8881946332,4838041.6653125435],[-1156474.531225025,4837587.561584882],[-1154639.9454442253,4836526.177343621],[-1151084.03877863,4835491.577615558],[-1147489.1805195527,4835101.099689568],[-1145614.6742107407,4834553.169680428],[-1145794.182973742,4833998.174507368],[-1145517.78181648,4833264.587924029],[-1145155.2114927487,4832133.015289635],[-1144775.2349075996,4831102.093507129],[-1144451.3391263853,4830185.622752866],[-1144145.8672480714,4829167.886873268],[-1143860.4207042528,4828179.521389746],[-1143568.1525090984,4827086.222719418],[-1143321.156016254,4826026.965658428],[-1143053.7736879266,4824937.737530183],[-1142597.5936727587,4824049.4175014645],[-1142463.3860009434,4823218.816100598],[-1142114.496040196,4821724.420805992],[-1141726.0037120308,4820743.568873158],[-1141514.9752383165,4819768.643953603],[-1141220.6734502418,4818544.529836472],[-1140958.029167426,4817716.624908519],[-1140740.7722689814,4816922.54075214],[-1140493.8447496085,4815862.845390303],[-1140360.4297770981,4815031.704940525],[-1140066.1649482017,4813807.611154108],[-1139943.5633420758,4813056.35467388],[-1139831.9485495384,4812098.816797071],[-1139736.2469603198,4811196.187973709],[-1139636.0678098137,4810319.299420505],[-1139547.6941622805,4809521.829393245],[-1139580.6582272816,4808902.7207180085],[-1139544.367477693,4808244.800650295],[-1139310.9485846553,4807109.184939404],[-1139217.4257925698,4806050.595075488],[-1139077.1763564001,4805400.425127584],[-1138927.7868517705,4804513.966954287],[-1138565.2754122817,4802521.856756304],[-1138303.164712975,4801406.566384299],[-1138157.6534362964,4800494.696416101],[-1137691.9725151071,4798509.836004634],[-1137463.3930970845,4797635.3936551735],[-1137426.6496953277,4796977.429894408],[-1136908.9083921337,4794566.202216112],[-1136626.4989432723,4793708.0509904595],[-1136612.194686567,4792923.828560529],[-1136186.7237225762,4790711.074922952],[-1135925.0926269102,4789882.503787647],[-1135947.0953883345,4789182.356560573],[-1135544.1023983737,4786843.344478308],[-1135379.1624807736,4785901.989376996],[-1135338.3535120387,4785268.745068988],[-1134718.8739483159,4782994.87922478],[-1134233.8137810822,4782126.228994726],[-1134159.5493001924,4781539.815895129],[-1133588.5876074082,4780290.692852708],[-1133292.4061610482,4779221.360567318],[-1132981.089337301,4778383.824641762],[-1132899.6666847107,4777691.45679266],[-1132093.8487124525,4775462.096971213],[-1131927.0394087234,4774676.041222238],[-1131667.4195589542,4773977.637071836],[-1130965.374073496,4771740.621088951],[-1130735.750156566,4771021.512422044],[-1130570.764597752,4770366.023862434],[-1130308.4927354716,4769250.356959763],[-1129952.5888202586,4768665.56601038],[-1129753.7635394053,4768055.950701562],[-1129478.5254072763,4767303.095019554],[-1129118.0258075632,4766456.323756923],[-1128977.9427343777,4765518.401869488],[-1128835.911859328,4765023.489538286],[-1128781.2112439598,4764466.433491738],[-1128702.0508316173,4763330.630721187],[-1128767.492143631,4762534.2020014385],[-1128710.5032610025,4761845.842034062],[-1128728.753495202,4761171.25529817],[-1128725.7760543227,4760179.337357602],[-1128896.7738484747,4759218.8837087825],[-1128896.6026279973,4758358.150396788],[-1129042.8654394296,4757393.198847408],[-1129089.7751527943,4756410.495874159],[-1128992.2999951353,4755662.983617362],[-1129046.252309752,4754785.6691841],[-1129034.9183977437,4754131.273471712],[-1129084.3533127715,4753566.367554475],[-1129084.2996256347,4752992.590577914],[-1129126.530373596,4751748.138463923],[-1129158.0449644038,4750996.795876716],[-1129340.3656109488,4750116.130971576],[-1129265.4596083008,4749529.507605194],[-1129053.8922712784,4748708.996029194],[-1128542.4249045847,4747990.945563806],[-1128352.9470668356,4747044.263445958],[-1128008.4290770965,4746251.9363780655],[-1127742.2678613083,4745447.802991139],[-1127644.8383926926,4744700.2378460625],[-1127286.6789822318,4744270.571032183],[-1126856.7410482988,4743671.702687341],[-1126378.8977652225,4742908.058125847],[-1125883.5861263175,4742245.463751798],[-1125448.5360773134,4741671.8891123],[-1125106.4481228306,4741010.254042505],[-1124538.3124952605,4740465.430704206],[-1124083.7657800494,4739862.050056933],[-1123572.3324766832,4739144.2866481785],[-1123025.2624669045,4738341.631898336],[-1122432.701236001,4737505.019020984],[-1121473.3777053906,4736248.8756655],[-1121222.0807608727,4735785.365242427],[-1120825.2560973216,4735041.653900101],[-1120535.9459648158,4734465.394406892],[-1120337.4365603253,4734210.356141552],[-1120011.6567088093,4733733.778800743],[-1119780.372267423,4733319.430215269],[-1119202.8534766496,4732607.326537832],[-1118418.098166852,4731717.155350215],[-1118045.580595183,4731209.412053659],[-1117632.884166311,4730386.176651341],[-1117251.2613602602,4729954.918397257],[-1116955.3985288334,4729662.9269522475],[-1116560.7604223103,4729126.917512053],[-1116002.2602262325,4728468.527347271],[-1115420.6047785962,4727574.781325238],[-1115075.8357204602,4727043.7558726035],[-1114659.4539750984,4726479.208796035],[-1114214.3357916644,4725937.607348158],[-1113589.9745593013,4725194.442713804],[-1113093.584905278,4724438.867673379],[-1112721.0863780058,4723931.505143131],[-1112470.6913990874,4723462.67431713],[-1112018.809301273,4722764.80059353],[-1111513.692060454,4722086.461230404],[-1111033.5748879628,4721411.000803556],[-1110547.4660646992,4720786.716013404],[-1110042.8570734959,4720108.326242891],[-1109694.9869761898,4719603.01817692],[-1109200.3992907847,4719055.746069749],[-1108823.6385963839,4718365.943727913],[-1108280.4064628144,4717579.5612936],[-1107636.825813158,4716781.828165824],[-1107258.8531759058,4716325.275332088],[-1107018.865991389,4715987.221010556],[-1106480.1642410478,4715383.136399398],[-1106094.1776348923,4714769.801670378],[-1105617.33090977,4714068.818689161],[-1105156.614486673,4713447.0171137685],[-1104809.3865814342,4712941.844703493],[-1104585.284692507,4712683.4634550605],[-1104215.9378679497,4712149.520988513],[-1103862.595736861,4711695.53983945],[-1103515.1241476375,4711190.081922942],[-1103073.9163253964,4710622.323551419],[-1102726.44740313,4710117.103606134],[-1102271.7370022105,4709444.2597856745],[-1101937.4015013427,4709043.8343024105],[-1101289.1083448664,4708297.5833662115],[-1100853.4069637791,4707678.811325952],[-1100367.4644338945,4707053.974659792],[-1100001.0042165096,4706494.833344618],[-1099700.9107361499,4706020.432414568],[-1099463.812619103,4705656.651273123],[-1099290.0840609584,4705403.9992662575],[-1098823.7734626622,4704833.488205924],[-1098520.6875267483,4704384.671692748],[-1098195.2294386781,4703907.855323486],[-1097892.0215052234,4703459.284998558],[-1097658.2989711554,4703070.110746309],[-1097327.5976816344,4702643.98019176],[-1097145.0046148119,4702468.140575762],[-1096971.1559049843,4702215.464651283],[-1096851.6530135227,4701709.551970549],[-1096770.526218553,4701311.625314671],[-1096743.1270875384,4700660.199004084],[-1096758.2094491387,4699857.971239646],[-1096744.814229639,4699312.122036779],[-1096793.7884955152,4698876.662676001],[-1096862.6324052545,4698495.064482321],[-1096872.4939966677,4698185.541643521],[-1096914.4641537047,4697593.714821238],[-1096894.5793884522,4697098.806050338],[-1097031.652301851,4696336.071045221],[-1097070.754731152,4695769.568140307],[-1097081.7399925506,4695226.284776462],[-1097083.982329986,4694760.106936063],[-1097093.973781477,4694449.770219327],[-1097138.7048236015,4693832.49895802],[-1097070.2127032971,4693098.746094089],[-1097168.3097724158,4692461.360025833],[-1097213.1737818674,4691843.788805584],[-1097305.775201399,4691024.373085751],[-1097372.7643616078,4690435.546951897],[-1097398.3855485234,4689763.781008999],[-1097387.6442616559,4689192.1078013],[-1097434.2628108498,4688782.3636575695],[-1097481.885898111,4688139.5922611775],[-1097487.1432201439,4687646.899268763],[-1097545.2655474134,4687135.136144503],[-1097600.6386881177,4686648.478713463],[-1097541.5374027153,4686278.610593785],[-1097536.0538080665,4685655.358737619],[-1097608.9323960186,4685015.15861349],[-1097625.5725701605,4684420.405177199],[-1097659.2072562168,4683905.678182548],[-1097695.3462446455,4683364.805759908],[-1097677.1109947767,4683077.330342072],[-1097769.4821880192,4682683.308038266],[-1097810.9816552133,4682503.99900666],[-1097180.4880864292,4682555.268959045],[-1096675.3459938352,4682550.597325435],[-1095920.6350853036,4682517.956361148],[-1094844.2442141417,4682423.780743374],[-1094039.2946050526,4682385.333892364],[-1093398.0557692617,4682469.700734773],[-1093114.6143164726,4682515.721064986],[-1092531.7394930332,4682528.221865347],[-1091957.7433461787,4682464.084458355],[-1091208.1601539887,4682380.420413056],[-1090317.4794210477,4682436.28256179],[-1089404.0544445259,4682463.611586882],[-1088845.8014619362,4682479.001626454],[-1088191.1979789909,4682457.664426812],[-1087530.2169187497,4682487.334264471],[-1086703.7787051566,4682420.825842219],[-1085873.7167782462,4682379.690970675],[-1085385.3219905286,4682454.768951669],[-1084879.8108259,4682450.31627539],[-1084100.1138375092,4682414.456644715],[-1083376.5304839818,4682333.393403489],[-1082559.7127710625,4682397.404937181],[-1081882.9935503423,4682347.765202509],[-1081350.1136779292,4682365.769359072],[-1080900.59334885,4682315.078050517],[-1080398.584533808,4682284.976762804],[-1079796.7227679342,4682243.266846998],[-1078944.5465449332,4682173.818844808],[-1078211.8407738043,4682169.364981227],[-1077595.1050780027,4682256.050951777],[-1076987.4954269358,4682265.587252143],[-1076354.7679152538,4682272.475182127],[-1075499.967645153,4682228.377967731],[-1074473.8356640288,4682139.097497306],[-1073416.3356541144,4682098.1645939015],[-1072281.2303616626,4682074.400906209],[-1071520.6604062284,4682092.638046646],[-1070696.733931848,4681999.906863482],[-1069836.3127559952,4682007.290272599],[-1069253.4508252244,4682019.187241007],[-1068629.3543561224,4681949.415133419],[-1068089.1121071486,4681810.952796647],[-1067318.3014568193,4681698.380917026],[-1066690.7032271123,4681653.462826041],[-1065964.0055656428,4681597.691454032],[-1065228.6846312908,4681619.05752379],[-1064947.877797541,4681639.137232119],[-1064557.2262462545,4681517.578183218],[-1063895.2654279654,4681339.4630828],[-1062771.6707507393,4681212.603553347],[-1061850.6494456197,4681083.091391224],[-1061276.792727617,4681018.586119728],[-1060353.0220296741,4680914.435329298],[-1059612.835510658,4680753.473448411],[-1058825.9111313391,4680560.813257213],[-1058118.08828188,4680559.424778575],[-1057579.4707247226,4680628.0876154965],[-1057223.8082843008,4680639.94982243],[-1056555.727776257,4680512.807555763],[-1055785.0487459076,4680399.664029148],[-1055082.7289353411,4680346.750399438],[-1054243.3202143277,4680174.135850302],[-1053497.0109509735,4680064.403196156],[-1053122.482600399,4680022.093562822],[-1052307.5675318479,4679852.378898044],[-1051655.6091351165,4679804.748480356],[-1050981.407994217,4679728.580616115],[-1050114.010036908,4679578.667387474],[-1049655.7514211324,4679605.027437315],[-1049063.7745276217,4679693.733385683],[-1048353.3311724672,4679717.415105191],[-1047453.2493273912,4679849.394943408],[-1046767.4259834238,4679875.719189462],[-1046178.7635472117,4679938.783742663],[-1045717.8830974086,4679990.241703603],[-1044961.5121753218,4680190.133843341],[-1044158.2167901426,4680359.09093555],[-1043360.9878011607,4680476.52995215],[-1042669.4160295787,4680553.570989854],[-1041953.1047713589,4680628.72497773],[-1040975.3596589831,4680777.55733559],[-1040249.7382455514,4680928.814740451],[-1039480.7524992591,4681023.505374901],[-1038658.0329848217,4681138.005705053],[-1038019.3891652822,4681195.470523335],[-1037243.8470148924,4681340.890784265],[-1036580.2108143381,4681395.438146046],[-1035885.9602863106,4681498.834046024],[-1035126.9125690069,4681724.27552044],[-1034510.2665741884,4681809.739850191],[-1033827.0123506389,4681810.37614086],[-1033261.6673393765,4681668.640311274],[-1032893.5188936561,4681575.0302982675],[-1032214.7068743038,4681316.246788437],[-1031261.9697031518,4681026.987195575],[-1030280.930787974,4680760.182941776],[-1029718.1504070348,4680592.555721781],[-1028986.9788650833,4680354.324028566],[-1028355.5299307789,4680126.963849128],[-1027627.6716650799,4679862.841998513],[-1026965.0468687293,4679683.816020618],[-1026181.3916614745,4679465.370410666],[-1025690.5920782312,4679332.080526246],[-1025115.3814213092,4679059.269615942],[-1024499.7435318803,4678911.164351234],[-1023843.7425719767,4678681.3794589825],[-1023131.3186165356,4678496.765980268],[-1022444.2023013455,4678315.06177769],[-1021848.3091938955,4678221.105471188],[-1021294.6549353049,4677977.068364419],[-1021062.5376631285,4677794.969044998],[-1020465.0874233946,4677493.851918777],[-1019490.3062201409,4677175.195750247],[-1018556.1367410012,4676939.496573644],[-1018115.5775127696,4676811.744920842],[-1017772.3006351854,4676720.746870527],[-1017246.9572636747,4676453.717252006],[-1016712.3629332823,4676263.055960512],[-1015842.9313287323,4675905.024700436],[-1015005.9891307909,4675706.06001731],[-1014343.8077921898,4675526.9666193575],[-1013653.6961443604,4675370.587231244],[-1012730.2890460584,4674824.394011002],[-1012040.1784668709,4674668.516882383],[-1011356.5695479662,4674460.350471876],[-1010621.9752294089,4674247.386323482],[-1010040.8383379269,4674025.748462966],[-1009234.8299376428,4673778.149503797],[-1008410.0772333697,4673476.8841637075],[-1007656.8035600331,4673209.21585721],[-1006620.3637793827,4672987.404490233],[-1006254.2864997828,4672868.096250791],[-1005598.2980614129,4672637.696938337],[-1005022.7895733739,4672364.7789383475],[-1003936.6782025242,4672136.8613018645],[-1003027.889781157,4671903.965027379],[-1002540.6013035942,4671744.439719649],[-1001668.4956652797,4671411.415124047],[-1000907.9265355866,4670987.519524238],[-999883.5542068781,4670662.87798201],[-999168.5858609458,4670503.507661346],[-998384.7011237066,4670284.125329151],[-997591.693820468,4670142.147376151],[-996791.5688144057,4669842.949508701],[-996088.7271603005,4669581.29277182],[-995404.6274044862,4669373.81070695],[-994991.9455035677,4669222.74724053],[-994261.3011836649,4668983.53948137],[-993630.0019358792,4668755.479176122],[-992879.9285943097,4668462.595162033],[-992193.2068295043,4668280.214196208],[-991581.2121171491,4668106.323134702],[-991140.7250485775,4667978.474306289],[-990512.4901216365,4667724.764113767],[-989837.0824107339,4667440.100073495],[-989133.9979504558,4667178.145074005],[-988447.1518708114,4666995.744764799],[-987785.3619541223,4666816.255560693],[-987270.0261590608,4666679.387543973],[-986732.6366448418,4666514.223415473],[-986064.4722094474,4666386.252227559],[-985555.4493687324,4666198.108436157],[-985170.8897393242,4666024.037083982],[-984767.4628441846,4665796.291073205],[-984171.525358982,4665702.43820263],[-983805.7703448102,4665582.546720097],[-982919.3667873367,4665377.546990665],[-981975.9266881903,4665009.982758977],[-981175.753975153,4664710.4233157905],[-980239.0567174465,4664499.569977449],[-979555.653430914,4664291.48574703],[-978821.3955477951,4664077.567544635],[-978077.6461227958,4663733.06125064],[-977321.9584275829,4663490.318759982],[-976765.459081812,4663271.181813438],[-976112.1781247318,4663014.475009445],[-975194.0509939527,4662650.025264242],[-974219.3772075764,4662330.494609824],[-973551.5946754855,4662201.94986372],[-972571.2323224104,4661933.420158657],[-971905.8273121874,4661779.74661817],[-971361.7058962011,4661457.521415681],[-970711.9927792897,4661175.143069157],[-969546.4541244624,4660755.8241155045],[-968865.8093359332,4660522.298244345],[-968191.6535708779,4660444.747187995],[-967560.7456361204,4660216.287112949],[-966789.325413817,4659894.671880795],[-965911.7518575131,4659611.878932014],[-965102.7756181028,4659389.373410178],[-964488.1689080423,4659240.729514303],[-963801.1537000069,4659058.1993757645],[-963054.2296915737,4658738.455500846],[-962113.9985688624,4658344.83171732],[-961249.664985835,4658167.733409998],[-960431.875335017,4658021.598882627],[-959678.0311615705,4657545.851346594],[-958665.8303617056,4657118.050940556],[-957997.6819346169,4656988.919425648],[-957314.2324835359,4656780.711322273],[-956411.6722915606,4656495.1837117225],[-955475.3066918812,4656283.643995003],[-954510.7630588193,4656094.81803614],[-953599.6413872993,4655885.419376786],[-953059.5777963466,4655745.747101564],[-952342.2617570478,4655611.251453285],[-951474.6213989605,4655459.477603463],[-950610.6701544971,4655281.543432539],[-949889.6669902812,4655172.937082646],[-949215.9591662588,4655095.042517455],[-948626.2283555432,4654949.249287489],[-947889.7380377651,4654760.5318116145],[-946978.4338206458,4654551.603699167],[-946201.698146927,4654487.644051479],[-945565.1754690454,4654310.607419675],[-944581.9614147362,4654067.509185061],[-943936.4349254188,4653966.874808767],[-943149.5897219637,4653772.030669283],[-942435.1550216073,4653612.104130471],[-941742.2744560232,4653479.974283779],[-941071.5705694488,4653376.403328421],[-940079.7933438015,4653210.193412475],[-939181.4817164822,4653106.1904710485],[-938341.7808355888,4652931.368553049],[-937499.8274053957,4652781.9210163755],[-936657.7504969954,4652632.983578866],[-935824.0535718662,4652406.86540105],[-935106.5598997201,4652271.776008487],[-934317.1557124226,4652102.7789828135],[-933696.1269925389,4652004.77030301],[-932831.8764940671,4651826.733277553],[-932139.4997166884,4651695.066624656],[-931421.9447445073,4651559.702655076],[-930548.6936005128,4651458.830045794],[-929725.1721117642,4651363.294535411],[-929010.5575898469,4651202.792324691],[-928274.390090165,4651013.972035302],[-927634.6894690399,4650861.728840663],[-926476.7383378318,4650598.277380577],[-926105.435124405,4650528.734121641],[-925471.6112487803,4650325.712507943],[-924704.2649528693,4650184.975490416],[-923908.7407745316,4650066.949171143],[-923063.6095279963,4649942.805460787],[-922348.9381555875,4649782.0132363895],[-921737.2286945697,4649607.284117162],[-920679.8120920482,4649354.979874971],[-919790.2018321987,4649173.68431526],[-918826.2471408215,4648984.106476423],[-918261.8963360363,4648840.603142142],[-917159.9383649027,4648530.87818944],[-916361.4188400122,4648438.196951388],[-915575.3401632685,4648243.19888733],[-914901.3990103874,4648165.154865108],[-914218.2243968633,4647955.960345235],[-913001.4250823656,4647762.701656067],[-911863.1009929264,4647552.318424264],[-911092.6993896366,4647436.896354221],[-910387.1611679127,4647199.117486326],[-909401.4732016105,4646980.64783293],[-908590.0332647319,4646782.425301245],[-907800.835452239,4646612.76788505],[-907105.1579751449,4646506.116605241],[-906534.1842831102,4646413.853630123],[-905673.0152515675,4646209.496562077],[-904846.9470118673,4646139.467777579],[-904166.4665018952,4645904.327302476],[-903401.7606863237,4645737.580267509],[-902781.6197955172,4645639.437717441],[-902160.8537911354,4645541.299069569],[-900956.0736261092,4645245.109749885],[-900042.1114377767,4645060.757169086],[-899156.2066628439,4644853.944066133],[-898741.3072189027,4644727.436085574],[-897849.0259277854,4644571.387846167],[-897037.9678909554,4644373.096745858],[-896002.1847273948,4644148.675604009],[-894813.7672579912,4643932.039994014],[-893974.533126294,4643756.443772203],[-893257.1863232995,4643620.6370204715],[-892308.3201694762,4643302.148054101],[-891100.8576489221,4643031.773415436],[-890059.327036423,4642857.825939607],[-889229.1622140837,4642605.780560282],[-887969.0934249379,4642354.645671548],[-886961.1206109705,4642107.188578815],[-885731.9895637307,4641807.163708007],[-884912.0599542558,4641685.737444589],[-884022.9752362822,4641503.961009194],[-883548.9700773677,4641448.476823771],[-882853.8064468177,4641341.194964834],[-882061.3070609835,4641196.531641513],[-881059.4050481896,4640897.995064039],[-879799.7846919206,4640646.529301646],[-879007.2237177673,4640501.852420237],[-878193.5518737864,4640328.581773694],[-877232.2528274438,4640112.571516897],[-876118.8887814111,4639904.0735855745],[-875033.5132694707,4639673.114395775],[-874122.447656116,4639462.95142638],[-873133.7232052302,4639268.85171332],[-872294.7505959749,4639092.615488919],[-871605.5956824034,4638934.24486953],[-870900.2063280677,4638695.998008044],[-869767.7309342863,4638433.2239039345],[-868925.9475482849,4638282.613351504],[-868230.5405401769,4638175.007042206],[-867902.4432670992,4637954.626428056],[-867354.0984742396,4637890.535628334],[-866611.7150342773,4637751.147852008],[-865794.4222488619,4637603.456806585],[-864852.3695953469,4637441.3359929295],[-864306.7810679799,4637351.076891689],[-863994.8532810437,4637210.818417067],[-863086.9221768981,4636974.1640115855],[-862422.7620311362,4636818.42926956],[-861785.967153728,4636639.728128507],[-861215.7644554835,4636546.773889231],[-860445.327843166,4636430.575381594],[-860043.4242866015,4636408.963734661],[-859653.0920733259,4636285.276673281],[-859019.5521671226,4636081.425165075],[-858059.0161622588,4635864.254006679],[-857407.7150519125,4635813.767345345],[-856790.4739303887,4635689.015659468],[-856300.6182025727,4635553.821899386],[-855611.160131012,4635394.860045111],[-854862.5261199645,4635306.7098790305],[-854148.5168643765,4635145.056174006],[-853683.778730916,4635012.532166674],[-853212.9740564172,4634931.049345039],[-852744.9218708858,4634824.172272521],[-852376.9532745159,4634729.04744577],[-851812.1323902822,4634584.5059866095],[-851042.2629119697,4634467.744048402],[-849910.4320630727,4634204.5494470475],[-849208.7196372928,4634148.155548234],[-848604.4623545244,4634128.901434968],[-847946.4761298327,4634129.164640093],[-846968.5393236089,4634273.682637316],[-845996.7940417043,4634366.898049483],[-845196.7240425954,4634506.587013838],[-844599.0135413156,4634643.635936847],[-843633.3341172768,4634685.534409448],[-842888.5624795182,4634779.799123775],[-841963.9844992257,4634904.764761847],[-841416.1919641345,4635047.420655809],[-840808.12547978,4635053.785747071],[-839814.8340373671,4635118.10590327],[-838525.0867017369,4635329.855802385],[-837260.7686959154,4635544.017124235],[-835952.7265123468,4635701.245844065],[-834619.6329372126,4635855.518482104],[-833561.0484425621,4636042.13814339],[-832153.4067366933,4636394.896889396],[-830957.0829547085,4636461.260401867],[-829692.7714459427,4636675.339826119],[-828241.7208638239,4636971.128567522],[-826659.4312211544,4637095.886808086],[-825406.6333136226,4637207.348170189],[-824073.7397819352,4637360.995077444],[-822525.8025146329,4637619.5519545],[-821410.2075430502,4637643.376585181],[-820210.7680310953,4637734.773559782],[-818712.8780389806,4637998.915452196],[-817623.1944899191,4638232.963205237],[-816118.0128470073,4638340.276449113],[-814878.7712656454,4638556.88792754],[-814264.9666309837,4638614.421228676],[-813258.8816315904,4638780.338153259],[-812570.36099978,4638828.51516875],[-811697.9128825247,4638932.994987267],[-810508.7180325163,4639155.193179413],[-809937.6583226087,4639061.551328579],[-809261.453554076,4639007.405463601],[-808189.0505805647,4638879.968234359],[-807004.5018725158,4638843.04911177],[-806334.0490850417,4638737.6110170195],[-805161.6918659479,4638598.369528586],[-804373.1114242828,4638426.65186782],[-803209.6323903163,4638210.988478882],[-802021.6666797952,4637991.596953279],[-800774.9710862235,4637843.483163487],[-799656.0333930643,4637684.449883482],[-798560.399528219,4637528.111256583],[-797743.95820299,4637379.304038752],[-796459.602308838,4637122.695231297],[-794975.215054361,4636842.234578111],[-794355.0566608522,4636742.122515677],[-793238.563750289,4636557.148994588],[-792416.4351461,4636459.338769255],[-791268.3885756233,4636322.94339352],[-790233.0531461348,4636095.5103605995],[-789394.5028480155,4635917.811925808],[-788770.5346590203,4635843.322238265],[-788169.1181063179,4635797.930117669],[-787436.9437921741,4635788.303113903],[-786763.2932366598,4635915.731516158],[-786755.7744700699,4636200.4735430125],[-786103.0188758619,4636797.756872102],[-785353.4965829775,4637357.8450212],[-784903.3576891031,4637745.2400350515],[-784555.1736335659,4638119.0508802645],[-783995.8133423588,4638779.867416873],[-783427.155461199,4639308.753325633],[-782870.489281867,4639943.386781452],[-782479.6434969608,4640260.491209098],[-782112.0970004009,4640644.598978663],[-781147.5191729206,4640828.509265242],[-780021.095885953,4640720.117184988],[-778587.7598553039,4640445.165804247],[-777203.7036087418,4640383.382800269],[-775698.2663163712,4640281.451180913],[-774010.9889672527,4640002.083846443],[-772549.2935834683,4639749.50716772],[-771102.2142760007,4639576.527662091],[-769818.1184805076,4639526.998935291],[-768499.2335460533,4639343.371077874],[-767389.4439788704,4639106.440408436],[-765917.8188827492,4638929.945439828],[-764689.5776536309,4638835.261242033],[-762891.1675014122,4638645.474633135],[-761562.3020878555,4638330.909993768],[-760044.0184071335,4638122.560566366],[-758881.256426099,4637905.80794651],[-757092.4799312853,4637639.297021717],[-755462.0591617147,4637521.37851514],[-753750.4373325567,4637238.31297179],[-752524.2834841072,4636909.332607585],[-751130.3846014426,4636715.924120325],[-749694.3101179173,4636673.365464681],[-748048.3483758932,4636475.756849454],[-746695.0529755097,4636364.874703294],[-745432.7887029012,4636135.683570998],[-744002.8462723396,4636041.286616291],[-742749.4459024061,4635942.961742846],[-741233.9910410539,4635708.275340284],[-739799.8160955948,4635432.193749415],[-738281.1885820995,4635015.567217444],[-737243.1480300624,4634604.85610143],[-735820.6171535677,4634018.373877895],[-734930.8180739083,4633625.388408215],[-733990.1053870715,4633252.365531694],[-733465.4388473826,4632981.415832054],[-732498.3042694887,4632604.914443528],[-731578.3952392964,4632260.469154785],[-730260.3055692542,4631867.653712275],[-729762.9391090928,4631574.005303394],[-729092.5970105719,4631259.631493619],[-728201.1789105654,4630892.218295108],[-726944.6164110407,4630610.80645624],[-726298.6412250466,4630299.122383661],[-725347.5134112362,4629794.853892812],[-724321.2828468231,4629489.023398086],[-723519.5025238905,4629210.590005232],[-722908.999484378,4629033.006256684],[-722647.0752266637,4628897.368777435],[-721814.3264844111,4628459.403760848],[-720919.4738717395,4628117.565941762],[-719725.0855844441,4627739.685859429],[-718771.0711480277,4627468.0711455485],[-718225.2968054427,4627168.425925074],[-717449.009337708,4626893.159951807],[-716574.9609414235,4626579.635558389],[-715702.6623444672,4626266.355924954],[-715169.6899429811,4626071.71207335],[-714536.6402971457,4625865.225712821],[-713572.8973168096,4625463.152697999],[-712634.8259327385,4625064.286344045],[-711992.9639563723,4624934.2035504775],[-711674.5641110485,4624843.902909598],[-711006.7361413004,4624503.246241813],[-710155.1761035217,4624218.277085972],[-709020.8973824839,4623769.26441263],[-708319.6415151083,4623502.560843668],[-707621.2615406461,4623210.207288347],[-706894.7682465859,4622940.020005501],[-705999.6148325157,4622597.7996395845],[-704961.5384689802,4622186.753491239],[-704278.9565632863,4621973.766027659],[-703639.0369166681,4621818.510835286],[-703302.9672308615,4621673.923392701],[-702729.5881915521,4621396.604495895],[-701675.2805875366,4620905.111003517],[-700746.6404182959,4620636.305553261],[-699748.7924093776,4620307.567236789],[-698860.7064195025,4619914.238294079],[-697781.5415150876,4619419.477829246],[-696488.3475621837,4619028.717194512],[-695512.4848274764,4618728.55107734],[-694786.0615101093,4618458.278765778],[-694240.3018364192,4618157.967586854],[-693202.5462485598,4617746.286743622],[-692067.4093469301,4617296.573769061],[-691302.9544855226,4616918.003648147],[-690480.7106238037,4616610.184546774],[-690194.0545334303,4616471.228605085],[-689255.5022895533,4616071.622547209],[-688199.244977595,4615813.026450578],[-687423.16506659,4615537.023129158],[-686699.7460272218,4615241.041339796],[-685929.8540237874,4614913.725965758],[-684717.508254677,4614480.42393281],[-683813.1167604252,4614214.704371651],[-682815.9667102373,4613885.29446396],[-682002.2924605977,4613500.196263303],[-681005.6449998168,4613171.021455858],[-680142.4754290988,4612987.909090549],[-679129.3198081742,4612786.4753642315],[-678291.2622611957,4612606.57377256],[-676841.660965045,4612247.813337182],[-675764.2370789731,4611960.487130353],[-674601.475179493,4611741.213274571],[-673860.1176050432,4611598.810192764],[-673106.528009035,4611350.561636698],[-672214.5626220875,4611189.575523522],[-671220.7943387624,4610834.669067807],[-670102.1940838859,4610672.344147978],[-669167.0714641232,4610454.089906854],[-668350.631045471,4610302.495839764],[-667656.1839512718,4610191.908856519],[-666846.4329460503,4609988.737372404],[-665935.7976625381,4609773.688052306],[-665117.305826217,4609533.105761461],[-664768.3141538651,4609397.169845129],[-664174.7498520035,4608809.959296179],[-663483.1503820444,4607889.033325723],[-662646.7293867865,4606643.532100824],[-662244.0788559892,4605996.719485656],[-661517.2168303938,4604894.28343215],[-660812.7163120967,4603820.43528391],[-660285.1633723441,4602950.452737344],[-659586.9225638611,4601825.7216268],[-659062.4379813912,4600929.760501617],[-658432.2835769278,4599865.19243548],[-657973.8225032231,4599055.587958854],[-657415.7569857005,4598025.533629928],[-656925.9616422632,4597056.198088356],[-656454.6523939925,4596140.883181634],[-655797.0212764496,4595098.837498884],[-655279.3365217994,4594359.651047231],[-654658.610783385,4593425.648417318],[-654144.6822895388,4592661.002432504],[-653685.9847900376,4591851.202387482],[-653231.0055271472,4591223.530283926],[-652719.5203761859,4590433.159129336],[-652327.5564669624,4589917.056205174],[-651816.448345601,4589126.905943698],[-651334.7116821387,4588288.113454989],[-651057.7382633585,4587864.114237868],[-650196.3276941046,4584847.741290449],[-644695.9442868829,4576522.861268555],[-615512.9172359542,4565125.242992977],[-607602.3519402138,4566384.838984155],[-600956.7373167691,4564804.5839141],[-593965.5477249081,4564285.8190808175],[-571997.5840432218,4549447.530837868],[-571894.4684835839,4549378.052235815],[-540808.1802499539,4530851.261875021],[-535510.8677488825,4529091.809933139],[-504014.16243144375,4518616.630489489],[-503135.65886470064,4518584.908840671],[-502367.72305980633,4518405.484858225],[-486886.1164818824,4517725.698502609],[-485618.7277481572,4517487.152273707],[-483986.6282605679,4517819.007168958],[-482201.02162166336,4518167.020369686],[-480363.3380723598,4518562.223337179],[-447855.3124576793,4523535.9778031055],[-449706.5809033065,4499805.613453905],[-436768.2526539187,4496898.225057726],[-417190.8136276915,4496951.719291492],[-409771.8547903615,4488467.555811381],[-392756.2328282922,4504809.331078034],[-392252.47178091534,4505254.541739908],[-391016.95034338714,4506345.101518876],[-386519.0367006891,4505883.247670495],[-383685.0764659677,4507603.017836273],[-358725.01265464013,4521917.587898039],[-357391.24513064185,4522652.285510525],[-355188.70511250413,4523560.449695417],[-351773.85326888063,4525289.197325433],[-348695.69964883965,4526497.862167014],[-284532.72496626625,4552298.020174624],[-280182.8137380173,4554962.165834933],[-261465.31555039738,4562499.631562143],[-244552.63003070257,4564057.391875403],[-242291.6908809782,4564335.101449709],[-240646.23176619667,4564423.941947976],[-222939.02221659347,4569377.938157149],[-222275.29476731183,4570208.213520701],[-219888.67240242165,4574401.207241601],[-219416.8383970398,4574584.035286785],[-206725.59219633127,4579519.276218168],[-203242.09828968093,4579241.249680669],[-197699.5515494483,4574216.941381814],[-184588.98418714167,4573961.080823936],[-180523.04822637525,4573716.040485558],[-176358.5591519391,4573463.5662742825],[-172513.7850695908,4572950.211956667],[-169066.14499466328,4572517.131933633],[-168318.66049312925,4572746.293704931],[-166449.85306611937,4573513.634529308],[-164104.21460247555,4573548.232190177],[-162419.1074441417,4574918.433306505],[-162188.0594540941,4575005.13048536],[-161046.4875340398,4575626.118726535],[-160042.81045078734,4575677.44799888],[-158712.43349477873,4575736.549119752],[-157759.0342310831,4575786.272700803],[-155558.87961523002,4576253.599942376],[-153751.4556162025,4576350.846822955],[-152297.69344391036,4576490.305148117],[-150844.27423478937,4576681.050294362],[-149092.10188502035,4576982.632857855],[-148443.39930471513,4577153.075695291],[-147318.06553064974,4577438.119032198],[-146193.90616460016,4577698.270617712],[-145294.01423137938,4577926.646957564],[-144244.52015034927,4578210.049240596],[-143421.13865951126,4578462.196070395],[-142795.2817120389,4578580.768757266],[-141808.10949636076,4578219.240065743],[-141272.02003248493,4577846.515987969],[-140250.94549885674,4577074.5779811945],[-139711.20605229156,4576547.4129819535],[-139173.418591727,4576045.88476518],[-138590.82399782116,4575803.223816905],[-137533.0355047261,4575700.793876638],[-136854.90488833236,4575717.561674076],[-135021.94197618606,4575763.049075172],[-133364.45005451783,4575803.746895698],[-131858.42018132057,4575867.127132102],[-130403.05695677518,4575902.743610025],[-128819.82170964532,4575915.880532096],[-127562.80216261627,4575869.727396397],[-127110.74573380685,4575855.2242470095],[-125175.04316873726,4575825.004498665],[-123593.29260244168,4575863.993491304],[-122088.72768422916,4576003.464527684],[-120681.5921512906,4576012.271108295],[-119551.50876363335,4576013.923782009],[-118620.88371696543,4575934.096192628],[-117536.18823624493,4575754.5926903365],[-116526.82523298048,4575547.062987698],[-114200.5502605358,4574832.06717035],[-112206.00509343248,4574339.707500724],[-110208.84481344132,4573796.007588865],[-109147.4164870335,4573512.774490225],[-107732.43182451146,4573109.4561446225],[-106744.72934683142,4572721.731779667],[-105606.27801927038,4572336.9226871105],[-104297.89917298035,4572240.069011909],[-102994.88483719689,4572399.759194864],[-102319.04247993694,4572519.251313398],[-100287.68635436404,4572696.330675274],[-98858.07978565211,4572782.177225204],[-97825.29413212856,4572651.998408381],[-96936.60407138744,4572235.922213811],[-96326.52264277561,4571890.210520571],[-95817.44435186753,4571542.381398506],[-95610.61641906311,4571264.140979435],[-95124.39721745816,4570812.119614219],[-94365.01939368327,4570547.2970453715],[-93641.79475464854,4570796.09898528],[-93246.33236324995,4571114.481669665],[-87626.12754830708,4573898.042437915],[-85961.58682496609,4574786.336622762],[-84446.04501668733,4575619.60935741],[-83500.5100468328,4576053.646627179],[-83001.36710860218,4576219.884346793],[-82525.95261737515,4576308.124773965],[-81871.81860388114,4576246.6539168535],[-81464.2447988474,4575998.562803401],[-81130.79524462153,4575646.021360412],[-80527.88151878501,4575660.189860193],[-79695.79607553802,4576734.921625117],[-79199.11167441287,4576978.0952578345],[-78443.4076072681,4576918.459127818],[-77813.33765188791,4576804.888134793],[-67637.0051741091,4575497.612652914],[-65214.58099770418,4574987.150597535],[-63677.42065231232,4574765.3829044],[-62193.5206108573,4574696.729545244],[-60762.50232556848,4574678.06321984],[-59828.541174266975,4574467.816571409],[-59198.28598331382,4574405.209967355],[-58695.05204558615,4574339.732569038],[-58146.21093619474,4574583.646553336],[-57097.354654221635,4574839.287134185],[-55520.484412551516,4575132.818388224],[-54165.68371221497,4575215.390025496],[-52759.207722407555,4575247.176724663],[-51455.562195167164,4575379.72758641],[-50727.5617853111,4575396.643340304],[-50324.08315865181,4575328.285490668],[-50102.23727857001,4575538.961807583],[-50084.247161279665,4575543.328369828],[-47900.833874218544,4576026.796398595],[-46599.28663185749,4576261.651058671],[-45346.71477611685,4576393.360396996],[-44068.1687322551,4576525.323655468],[-43515.46699138711,4576563.445106878],[-43089.620874687964,4576624.360648993],[-42566.81628371763,4576867.676801794],[-42196.63190314665,4577185.080567309],[-41727.95282795671,4577632.551871171],[-40957.833233506244,4578061.8848739285],[-40104.74829623294,4578132.391879246],[-39451.477035906304,4578121.529914106],[-38822.483754659486,4578084.497236367],[-38271.53358037307,4578173.64242325],[-37428.48090589274,4578758.914409515],[-37034.8232516333,4579127.588420364],[-35700.398168136344,4580263.8710293295],[-35082.825632214335,4580766.708539715],[-33206.309400732505,4582455.44705345],[-32267.314129851187,4583248.093526149],[-30954.320504095613,4584152.087405957],[-29268.80151964541,4585321.775553041],[-28033.191322138522,4586403.877768623],[-26849.00113535331,4587562.072466606],[-24860.2823841698,4588609.576967807],[-23614.915465903494,4589177.186603865],[-22472.093169612242,4589845.268211056],[-20653.901986315235,4590657.24614388],[-18608.007935866135,4591448.184125604],[-17313.392922880917,4592042.354506942],[-15896.838533866548,4592819.560232474],[-14255.390119439344,4593704.419386208],[-11543.220240145194,4595101.242909844],[-10045.316143216725,4595596.599595456],[-8799.048971566033,4596112.426415665],[-7824.970204410931,4596442.378740531],[-6646.617770968129,4596596.230055138],[-5740.938315965852,4596513.217516654],[8164.424037390197,4597403.843302966],[8361.917069723295,4597588.127840184],[8899.087398571932,4598396.523327428],[10391.785139522926,4600511.707162793],[11033.805170659576,4601116.766141153],[11931.025799496643,4601521.632738928],[12329.650065644879,4601684.343327965],[13575.964612405505,4602225.506059772],[15322.577522089801,4602879.35660573],[16120.104008218901,4603230.6238568425],[17066.72507560992,4603687.960857576],[20382.994444861633,4605069.562841896],[22052.8710581034,4605824.500142636],[23746.344837055185,4606631.4115946675],[24915.46296353364,4607298.97610167],[25784.276572274728,4607856.902917958],[26332.58456300314,4608099.968022791],[26474.234759927385,4608176.043219461],[26780.92043357815,4608340.998329647],[27006.08972449351,4608345.572316164],[28001.53250332167,4608957.757560725],[28448.45268580139,4609224.140281667],[29144.673563943794,4609624.47061003],[29965.223954866484,4610078.571455779],[30213.91048123474,4610212.007248463],[31110.90725803646,4610642.508086653],[31633.378627534465,4610936.26377915],[32603.084139492996,4611496.106427588],[33597.10024863099,4612108.186409626],[34119.389854201545,4612401.664211014],[34740.34036004327,4612826.275553372],[34987.40736836685,4613011.437832244],[35328.937526737864,4613584.169991448],[35715.61850916635,4614388.962907345],[36319.93825853526,4615712.651503641],[36558.486108000405,4616386.010818529],[36743.90945426319,4617212.79523287],[36931.61619431764,4617936.329974916],[37369.06174999673,4618742.516395468],[38058.36964899424,4619553.738760415],[38850.40947644572,4620238.389519251],[39270.70843549505,4620581.470245113],[41639.14994944668,4622969.200972579],[42503.48056192048,4623835.285295422],[45104.39138600211,4625919.445974964],[49932.47038409854,4629976.164219485],[50650.37353719734,4630582.175331214],[51163.41119516662,4631363.597720636],[51376.54075606868,4632087.238641979],[52457.15707707217,4634833.830813802],[52795.145972077145,4635611.596116333],[53305.05399531226,4636598.140577022],[53961.39748532752,4637819.292883258],[54644.48380229057,4638964.108408265],[54911.52345518801,4639457.442358052],[55056.876695561405,4639769.104885418],[55172.00178356206,4640362.2831619065],[55160.19754186743,4641004.625444526],[54998.06452665953,4641617.83035758],[54938.01577106079,4642130.674444556],[55278.71554380114,4642702.992535848],[55848.99124737222,4643202.803944989],[57091.62308206176,4645360.424951269],[57854.67174472792,4646249.523775032],[58617.173044671,4647189.505098329],[58986.38416257715,4647659.612902752],[59605.80036669015,4648160.065141017],[60253.305078558056,4648507.247776445],[61050.929679127505,4648882.764249262],[61694.68518199563,4649461.201382709],[62033.98837925977,4650110.093261826],[62748.379073792494,4650972.163900716],[63264.024745619325,4651650.362173059],[63682.24984151547,4652146.706116256],[64274.83505169778,4652775.471953109],[64446.57400204155,4653010.218402592],[64810.641484719294,4653736.507413632],[65420.50785282824,4654776.251510834],[65982.21189142339,4655686.555217704],[66301.14265594409,4656129.656132252],[66769.19216054287,4656704.1481439695],[67336.06365987212,4657332.03208102],[68200.43483084411,4658222.164820895],[68837.80486819231,4659108.521504031],[69914.47833429527,4660773.821785974],[70577.58475527103,4661685.64223703],[71388.27133410392,4662729.04307403],[72447.4347159099,4663982.968113396],[73260.18469494331,4664949.309618385],[74806.62941478996,4667085.656976472],[78664.08167652485,4672220.559280831],[79205.14107070299,4672898.895146677],[79894.73458754618,4673708.251446588],[80684.34991628434,4674596.756776935],[81478.24343791867,4675228.381387153],[82499.75267349175,4675787.550971741],[83048.54533458671,4676080.911744205],[84014.79545170184,4676870.073421677],[85410.7095867601,4677616.052001492],[86582.73648979174,4678229.240409734],[87878.4686901091,4678922.060232756],[88751.92564289038,4679349.5963884145],[89674.52596221921,4679804.175454433],[90323.65714969518,4680098.943120688],[91421.55594401233,4680607.828841801],[91895.12110849604,4680899.61093534],[92368.34146270307,4681165.325359455],[92461.402731495,4681207.687362998],[93666.15936483197,4681755.312129922],[94839.71168482097,4682291.180651864],[96310.70573161481,4683038.399775006],[97183.89056021701,4683465.819546138],[98283.67983302634,4683897.948300467],[99557.12593025492,4684461.014383858],[100854.7943912021,4685076.668587794],[102255.94182503803,4685565.272916472],[103559.68329124224,4685872.287435178],[104863.39874161502,4686127.941072508],[106265.83265462895,4686488.509698071],[107689.39539962707,4687131.823438639],[108927.68644091014,4688258.769117662],[109368.87838694552,4688960.393809409],[109684.04286604472,4689582.135438463],[110298.55191346345,4690415.395981737],[111210.47201050966,4691587.338737695],[112153.9014265993,4692324.024077848],[113652.26305974595,4692967.852552184],[115053.35709001275,4693481.735446554],[116279.5502101198,4693838.150525205],[117184.72622350573,4693932.514247845],[118167.80024898911,4693796.471459065],[119530.91069269904,4693642.5282832235],[121317.94239256805,4693598.841585674],[122322.81551243072,4693720.175022185],[123330.06739123122,4693687.254984965],[124235.79989829577,4693704.458254115],[125114.50574672259,4693849.105980732],[125839.37569020456,4694145.047614652],[126953.05786525758,4695243.038827212],[128362.2112722969,4696732.1927073635],[129323.6736901859,4697878.683413828],[130306.435890935,4699308.24649982],[131688.76331997354,4700899.010673032],[131960.73266408974,4701160.732674317],[133118.1341580027,4702670.3610190535],[134103.87573747578,4703919.655170677],[135166.3484597321,4705119.809151436],[135832.12811364862,4705901.613618822],[136966.54855100845,4707281.7946598455],[137803.47083871916,4708400.275980078],[139063.87327065968,4709783.001972498],[139926.42196827804,4710901.84754671],[140787.1964671634,4712071.6745105],[141748.4852747033,4713294.684913257],[142665.4077308629,4714158.149159652],[143565.39156620362,4714533.488158288],[144546.87561888748,4714577.048052192],[146760.75651429105,4714693.532359857],[148345.96090204758,4714722.258634062],[149503.34283708406,4714768.442365131],[150006.4156866082,4714828.979669734],[150349.62207459784,4715066.730740254],[150902.11942974146,4715409.155783077],[151673.50185465126,4715987.385625704],[152248.02825857647,4716254.000244341],[153125.5049764354,4716500.692999513],[154103.35088522622,4716749.0708583025],[154580.72230849674,4716808.5927051855],[155354.73445827464,4717232.929618902],[155813.82383550535,4718344.0678654015],[155980.89298736825,4718885.77135082],[156400.76405366056,4720893.768762395],[156559.92370196155,4721922.36523727],[156772.05453793984,4722823.84322884],[156866.92290369482,4723132.893239661],[156851.7655689495,4723191.570839457],[156516.60776340697,4724512.039760322],[156504.7511163182,4725203.981974095],[156562.47016993037,4726281.700116957],[156423.25187575424,4727048.679531925],[156229.47001821606,4728147.706754834],[156134.3635082506,4729300.136650194],[156117.66064087968,4730299.702895312],[156109.86344640065,4730786.976257066],[155995.66158758054,4731553.783650067],[155627.6897949267,4732495.95045055],[155473.73439141148,4732723.766907632],[154566.4645511148,4734220.865412964],[154281.65695276082,4734651.197407525],[153791.71900154132,4735386.341418768],[153245.4185044174,4736401.661827905],[152777.97274050824,4737239.195838831],[152284.1599068066,4738127.44357047],[151690.30230348912,4739014.4692745935],[151142.0451166416,4740157.816350911],[150646.63387533283,4741149.163673879],[150337.99995214574,4741579.119509369],[149739.526317378,4742670.64324681],[149322.56444845424,4743508.651040483],[148984.62285819656,4744117.982494166],[148649.1537345991,4744598.86447314],[148029.98314829418,4745459.393399683],[146953.24510261326,4746567.4269404635],[146417.666432481,4746993.640752917],[145447.40123430343,4747745.057018923],[144220.93719386333,4748722.383469593],[143116.9477801122,4749983.611751251],[142039.9786664853,4751143.095314778],[141236.87098495173,4751580.62723751],[140246.21943342985,4752243.479118813],[139315.07099722102,4752531.047858427],[138460.8571555305,4752997.106128605],[137832.92830518988,4753385.284513143],[137280.19874073323,4753772.886326533],[136374.69586694596,4754136.80794352],[135194.42745357868,4754912.276146799],[134414.98128003618,4755429.398240848],[133838.14057033276,4755971.055284524],[133209.98067029196,4756436.0753958905],[132634.70654762175,4757182.713085186],[132082.61029679724,4757672.348409789],[131279.45980841015,4758368.941264142],[130879.28495627892,4758909.362990125],[130553.76658659596,4759295.398736587],[130104.35452962946,4759964.17143188],[129453.73228233475,4761018.322694893],[128702.65757637758,4761970.646428593],[128251.73037489248,4762639.332083201],[127624.96551801298,4763258.218408231],[127250.07044771928,4763874.868600814],[127001.10362073351,4764491.409941067],[126829.53468632502,4765338.014821654],[126453.9643097667,4766006.281384805],[125928.2391494501,4766649.68467016],[125551.8622204067,4767036.115485107],[125150.92498865991,4767448.521740412],[124775.22447991461,4767911.555401441],[124323.95648369187,4768452.011953853],[123773.97341188889,4769351.917246471],[123549.21818613648,4769840.001560495],[123325.10384667203,4770404.679066887],[122900.2892570552,4771047.362133666],[122649.82880704492,4771484.268009262],[122225.35178807826,4772229.73082168],[121925.62695800322,4772769.456447797],[121701.09675529516,4773334.057259567],[121552.74014430387,4773821.740330599],[121380.31086725737,4774616.822495161],[121055.99707174467,4775310.452379422],[120907.7660323584,4775951.776407665],[120834.62667596596,4776464.282156053],[120712.41032137132,4777105.553747624],[120614.61572798504,4777848.816535055],[120366.18105737734,4778490.893844098],[120243.6317564364,4779157.5455364175],[120323.04208452406,4779848.971214568],[120503.06511491258,4780513.852216448],[120430.18861142149,4781052.194507319],[120206.00680979581,4781617.083352866],[119629.73743645866,4782388.48448395],[119255.86548019119,4783235.778528356],[118855.59708576166,4783878.300494113],[118278.3197127131,4784496.242766197],[117800.51015589711,4784805.840035449],[116842.33894304353,4785118.030485923],[116011.42331499139,4785275.7486052085],[115205.68361542237,4785613.003314023],[114726.68703735065,4785768.961807328],[114047.72999877426,4786233.2864540685],[113518.38764639414,4786287.28003597],[112687.26491509214,4786726.5061593745],[112160.51704890773,4787446.546337986],[111988.23108858516,4788189.991531838],[111639.6891043056,4789113.814459066],[111389.91938453788,4789755.786173257],[111417.8694659422,4790293.317057244],[111448.07650255765,4791138.243788516],[111731.84371550816,4792340.970896248],[111785.43192503079,4792980.6257571345],[111915.55814958502,4793620.724258678],[112043.75421746961,4794183.517858583],[112301.55511991201,4795206.609281392],[112533.16641302896,4796076.380170255],[112737.46402369576,4796536.3627294805],[113018.10141476459,4797174.987180301],[113376.0928027759,4798043.835374855],[113809.91270447322,4798912.599943189],[114015.0749264692,4799551.704752409],[114169.28181624404,4800088.905893636],[114323.47255074997,4800626.093117309],[114706.22450626326,4801469.366108489],[114937.27971451843,4802057.044573344],[115143.30990017847,4802747.131916381],[115297.07086565877,4803386.912226849],[115477.30725714515,4804026.151908051],[115885.42006005831,4804843.349688092],[116318.15625661475,4805455.95906465],[116977.09254124071,4805990.399183098],[117408.77073454885,4806423.337932578],[117967.25689889218,4806983.731074855],[118374.82100688353,4807570.8798744455],[118933.40673325786,4808233.880423592],[119188.15208696235,4808693.55680529],[119394.45883307786,4809486.054481347],[119653.80715698333,4810585.863847065],[119809.74670776758,4811557.6581249535],[120092.35307467157,4812503.669098584],[120499.8747081723,4813141.712190324],[121361.1110994588,4813597.837038769],[122070.12520084945,4813978.106211632],[122502.28301773645,4814411.120035062],[122986.855292387,4815330.450437792],[123142.09961937662,4816046.789050921],[123123.76488352445,4817096.146183165],[122999.2952292232,4817711.281863843],[122777.26639980677,4818608.328144383],[122730.35302319186,4819223.11475562],[122707.91274774152,4819734.777253163],[122687.2302548007,4820554.161711763],[122537.80575430914,4821041.496546666],[122465.4995798635,4821630.581481449],[122343.54483390573,4822399.178055064],[122270.05742714711,4822988.223895991],[122248.64411619522,4823628.247027868],[122558.4638673381,4824778.790678937],[122688.9274535762,4825571.219837484],[122819.35050492993,4826363.866867908],[123103.38022999022,4827463.000384696],[123360.98038370263,4828255.240973129],[123592.1168035617,4829047.209994193],[123771.85151354279,4829557.981959548],[124104.1399722311,4830247.306848325],[124437.50142641376,4831167.032364093],[124695.03821650185,4831907.863977746],[124899.80267044168,4832495.182206331],[125207.9598718587,4833440.449231974],[125641.31432396249,4834129.317910564],[125873.03020411318,4834895.680197802],[125951.72541580019,4835407.131916044],[126106.8905407455,4836046.133984941],[126438.77259289588,4836581.7439261675],[126745.61287801812,4837142.977454429],[127129.43276186557,4838164.074894882],[127385.07815163479,4838623.8286513975],[127743.32090785613,4839440.414510719],[127998.6450245426,4839950.8679573415],[128406.50981696701,4840511.682648094],[128866.42647565265,4841327.8670745315],[129147.12971823533,4841888.984123218],[129378.59320377863,4842527.725020034],[129761.84496441219,4843293.15276608],[130274.4998883357,4844518.501567899],[130531.10547647659,4845182.247667152],[130889.05685487842,4845871.006490818],[131325.3303417083,4846917.479083955],[131631.57047792565,4847504.27728639],[132371.96441223164,4848855.728344005],[132756.92681823944,4849800.661314973],[133242.31912570653,4850641.789573372],[133625.81395816183,4851381.545329686],[134035.62712303814,4852326.083567469],[134266.32801901392,4852861.818716315],[134523.39831770872,4853704.493190127],[134781.73689878694,4854470.325514649],[135012.17099463515,4854980.4004261475],[135294.46547072852,4855567.4784689965],[135728.21941249951,4856383.299619165],[136034.16746078923,4856842.07700711],[136314.97259343966,4857300.606477946],[136571.21861314788,4857862.288452459],[136980.03269525716,4858652.686929927],[137287.46599116176,4859187.938148665],[137644.00193834217,4859748.734757934],[137926.22988928546,4860284.226918944],[138284.9058115788,4860921.51226256],[138590.808561058,4861431.365198228],[139379.36175665449,4862219.571243429],[140218.65853390997,4863033.045939244],[140828.3932032424,4863515.261463834],[141590.4232476335,4863996.592075442],[142022.07261132338,4864275.726047477],[142783.57414646132,4864680.275094507],[143493.73129075306,4865110.940883487],[144257.02494598896,4865797.166948454],[144816.94357915793,4866330.5095427595],[145453.12962431996,4866838.448990641],[146164.49102991575,4867473.476776027],[146648.9076768936,4868007.584130944],[147182.37114966722,4868439.057737928],[147817.09681711593,4868818.520181799],[148554.83618369722,4869427.877231132],[149087.3578988893,4869680.503840463],[149619.9790889882,4869957.94501821],[150202.9795075902,4870159.110717896],[150635.20256288644,4870437.88588506],[151143.70929612024,4870843.735161323],[151575.85348776056,4871122.4988284735],[152109.05341077514,4871451.831609],[152794.91721152383,4871907.916596506],[153506.56279202332,4872414.617419252],[153813.12320616035,4872847.419580694],[154169.71569906417,4873254.087986585],[154906.96157405098,4873633.358109418],[155539.89567137827,4873705.795118148],[156401.6975457056,4874058.622274693],[157085.61329267055,4874232.808859914],[157946.61397438397,4874355.192963806],[158680.9050324525,4874427.540844735],[159592.90026437008,4874447.072006249],[160477.37380256678,4874441.302251269],[161213.5055339113,4874769.130668553],[161690.97314367493,4874306.122839717],[162219.24341027826,4873842.304427638],[162722.7352290007,4873481.049572615],[163352.85009753337,4873118.66947538],[164335.24953495897,4872498.698675617],[165142.81433047494,4872135.387507951],[165800.7725630095,4872156.875964321],[166710.42315483998,4872048.741781197],[167519.9432163433,4872017.421236798],[168431.09925307016,4872062.746167279],[169190.52781364945,4872057.54562485],[170000.02507604414,4872000.88966646],[170985.70158847226,4871968.645417326],[172149.3534512343,4871960.8087183945],[173237.1877782359,4871953.285013984],[173869.43470869018,4871897.779935538],[174703.47410760442,4871815.503182271],[175512.45199880085,4871733.247241285],[176574.6480000968,4871700.147656573],[177359.26379979085,4871745.7984772045],[178421.49281724842,4871712.4348905925],[179738.12297958758,4871805.716764589],[180420.6010588,4871724.059327647],[181153.8419391362,4871667.6790803885],[181989.20461503117,4871738.591673153],[182696.80314602575,4871631.323108928],[183430.09059916335,4871574.682634084],[184365.8161243796,4871517.090066687],[185174.9675943331,4871510.768114332],[185731.5104042562,4871481.378852629],[186593.59196782843,4871782.206648702],[187253.68564101745,4872187.304116355],[187734.13400974058,4872464.416823405],[188160.15819905515,4872744.613386785],[188790.7036454157,4873032.716733859],[189278.25570569994,4873063.403735818],[189703.415772262,4872983.990379558],[190351.16133660084,4872495.3677550275],[190644.13399257875,4872161.04931763],[191221.23227553882,4871466.569468805],[191900.32434788346,4870950.013814209],[192830.62641337427,4870252.861322153],[193307.9657155114,4869788.637774617],[193785.36544687627,4869324.906574755],[194388.39668063994,4868783.024905093],[195015.09090485593,4868087.8510366455],[195466.02938415582,4867496.426038799],[196245.74160980852,4866876.792899852],[197176.12728864237,4866281.556613451],[197654.07504742456,4865766.552176139],[197878.0220668005,4865278.894700195],[198151.71080155304,4864739.743627635],[199226.31753900967,4863197.18972056],[199526.53099099055,4862632.10303322],[199976.52859436732,4861963.464678895],[200276.52659096432,4861526.562188193],[200650.03963466696,4860884.061095722],[201049.50162352066,4860164.977280093],[201800.43039186808,4859110.2213789215],[202125.30674965167,4858621.522040992],[202574.21254837982,4857851.356347778],[203051.09156512373,4857387.050814925],[203604.6321061582,4856922.398421677],[204284.71780478224,4856584.330733572],[205038.27298229668,4856117.670276518],[205492.49853115427,4855909.346171186],[205970.85344945767,4855649.791804835],[206549.93589350584,4855338.415261317],[207053.21836450367,4854976.4145870255],[207505.08987902047,4854614.714364977],[208183.25755137604,4854072.021105181],[208863.64909479173,4853784.840759294],[209443.01083303208,4853473.168528163],[210196.7520866264,4852955.704173035],[211002.10427712326,4852437.405965126],[211908.1641772094,4851918.471144018],[212488.49904242018,4851734.791089264],[213093.4961233454,4851525.218178793],[214252.15200310788,4850952.473344124],[214780.34466872306,4850666.906813062],[215334.11317117905,4850431.764174414],[216266.7254831296,4849989.296130876],[217375.8214381186,4849622.174105896],[218359.4779568433,4849332.263217884],[219166.85641701974,4849095.027583659],[220402.6200511643,4848854.511163016],[221083.83903857807,4848592.555405123],[221613.74370459223,4848409.12379585],[222265.47073502967,4847840.610238907],[223123.13308302723,4847552.058340761],[224158.34581692936,4847466.413998266],[224714.2178299349,4847384.620112599],[225852.42522175645,4847425.896249035],[226408.65265830184,4847498.026897188],[226940.00596772027,4847519.212517712],[228178.72789366866,4847584.701123073],[229216.55441320626,4847678.062976908],[230001.32857243108,4847799.105833664],[230556.6825860757,4847717.296623315],[231237.18230743633,4847455.794606684],[231918.02444236612,4847245.002232794],[232497.790232584,4847009.72978079],[233228.88999974166,4846823.975228933],[233909.9276687285,4846690.009298462],[234794.35633765513,4846528.659374888],[235754.24192843036,4846468.651869931],[236511.50184952162,4846333.568223396],[237217.4210392443,4846173.942809613],[237847.2043474381,4845938.068309914],[238653.6379952393,4845648.964723502],[239484.8763373874,4845334.459681201],[240292.0282269084,4845045.592473875],[240971.353574702,4844783.761101132],[241828.5998196814,4844545.285036488],[242760.65101113162,4844255.221931204],[243668.98607302608,4843940.06944406],[244525.8333548586,4843624.969438327],[245583.4362269822,4843333.450125445],[246241.0530569043,4843276.297013364],[246897.89531146307,4843244.510458072],[247882.9674001722,4843183.887674489],[249045.56461097993,4843122.014701291],[249803.17745505404,4843088.817413225],[250687.18988379804,4843003.957254148],[251520.24659759196,4842919.416571564],[252379.28563459296,4842885.060231157],[253239.780936396,4842953.683256347],[254275.35679071295,4842892.9590747515],[254981.84134320045,4842757.837149358],[255865.27246771284,4842621.460533576],[256699.18772804108,4842587.877842401],[257558.41650452308,4842604.9905040385],[258316.42877252176,4842546.390274374],[259201.1038587269,4842537.585674409],[260058.7992252124,4842349.981625094],[260917.72514463295,4842341.458030209],[261777.59321665473,4842358.805227768],[262686.92667267175,4842349.698682431],[263469.5805724526,4842239.802070564],[264532.06474368944,4842382.679324331],[265366.393050597,4842322.928854755],[266479.8029740267,4842414.226937582],[267437.92645552836,4842225.431389005],[268270.43888062635,4842063.438911803],[268977.6824251584,4842005.118409334],[269963.0129396938,4842020.476728312],[270873.98024636356,4842036.695710546],[271403.98546585167,4842006.011537544],[271985.60493694595,4842025.482142147],[272491.3542035079,4842020.451641733],[273021.97144939424,4842040.749461161],[274157.33781069453,4841849.630949328],[274687.6786113221,4841793.06207213],[275369.5525555464,4841709.129511569],[276148.1397983818,4841214.844126929],[277127.0366133187,4840488.371107857],[277931.89985473803,4840121.620698191],[278460.67648805946,4839962.538687176],[279217.8013452906,4839826.46064566],[280051.72866445314,4839792.259253203],[280757.88404606725,4839656.757030213],[281363.49310439907,4839599.289274705],[282675.68646609085,4839380.680641925],[283381.44658371696,4839193.912415829],[283858.3725166897,4839030.063203095],[284739.02547559136,4838903.160352691],[285732.66583546944,4839114.801816225],[286290.8516631973,4839469.933803989],[287004.1755245631,4840025.255447326],[287794.87818973744,4840707.54660814],[288279.9166544264,4841137.087407692],[289095.27385115775,4841844.927084879],[289632.5108483576,4842479.083988774],[290373.71422145335,4843238.477767519],[291112.83221996156,4843921.239911166],[291753.33437289746,4844656.37901043],[292468.7065862738,4845390.615827919],[293134.0033049133,4846176.3881999925],[293671.02446628903,4846784.280360947],[294208.7758480427,4847418.526307823],[294720.63602322433,4848052.287811276],[295129.4270915686,4848431.566911664],[295845.9942143617,4849242.497020313],[296309.3629934148,4849979.480486955],[296691.154249594,4850307.283233211],[297506.3146283872,4850912.337105981],[298347.5169054054,4851491.464953952],[299108.9377011427,4851790.005661778],[299591.31488487014,4851989.321498081],[300074.93950886914,4852265.206245782],[300860.16200951923,4852486.611952725],[301571.41529147705,4852760.358864224],[302007.03162987897,4853267.032744636],[302391.6484346886,4853851.100836427],[302976.31601553457,4854048.96197776],[303509.8165612391,4854222.3092314815],[304021.3328441015,4854881.193282231],[304283.6821194858,4855722.722103517],[304316.56374620646,4856412.727077201],[304752.57552238036,4856945.160656271],[305209.5784360567,4857170.565932306],[305520.2828063744,4857857.294321263],[305578.58579708333,4858521.583078071],[306214.097935202,4858847.066484046],[306871.45116517256,4858813.844212059],[307654.0810465986,4858702.604450705],[308513.86030778143,4858743.832218258],[309404.0702218184,4859194.115277209],[309963.5735279856,4859469.004565065],[310597.1825301545,4859640.86430835],[311255.99732041475,4859735.629308349],[311862.6393369934,4859728.577016346],[312596.58041597344,4859771.004118644],[313474.62025024137,4860084.400582717],[317039.6523488977,4860276.103637492],[317986.99993959913,4860148.085709962],[320459.17819446634,4862151.644233385],[323132.43934779224,4864814.529006123],[323718.6323156245,4865376.876196543],[325705.2193390021,4868703.2271858025],[326404.28602232167,4871746.912596879],[326814.8881314372,4873025.185548234],[327880.110133313,4873996.832912575],[329824.5950738645,4874939.8779254835],[335840.23134219996,4880330.72335606],[339807.5216271404,4882992.921493173],[342565.4468514423,4886533.363368924],[345361.5368677987,4889896.682397238],[346666.3740433156,4891647.487303379],[347781.536752912,4893228.411381143],[351997.7407375881,4901048.136124468],[352944.6038344894,4903154.869627977],[353096.3595875292,4904734.704645351],[353721.7554249626,4909281.730386986],[353961.4482944584,4913257.294899003],[369063.7611749169,4919839.688627017],[372667.3401502694,4918227.971945843],[384908.8846905818,4913887.776014807],[385734.56129275146,4913722.204382799],[389375.24195319123,4914191.453522548],[401778.7730145528,4916433.103750218],[402511.090368443,4916545.947504908],[405883.9047551885,4916808.387703248],[416911.67529223737,4916919.231023271],[418090.765218169,4917074.35457148],[421431.7590447667,4918441.875589994],[432567.2335751651,4922676.5735531235],[442203.5755844552,4925660.455628613],[443511.9112498948,4926789.085342036],[457136.453136518,4942604.083423547],[459526.3124083354,4946141.050396235],[460108.43625637767,4946571.897424586],[463866.8648846216,4948152.102438546],[467130.8933634946,4949942.625683742],[467232.06154679426,4950950.952626886],[467337.529312141,4952549.844926273],[468480.9212573402,4952868.340503658],[470105.929052991,4953198.415658891],[471391.2154399788,4952988.799228129],[473420.2562374746,4952348.668477742],[474509.063620797,4952714.182676113],[475077.36889987317,4953003.607758946],[475320.67516195774,4953094.665402723],[476196.12815779186,4953227.7574520735],[478909.9070325108,4954695.229812257],[481119.1756778085,4957580.267636134],[481321.0739349333,4958262.615921744],[481375.1913373996,4958882.708206469],[481349.4746625783,4959547.842843658],[481321.15368166106,4960263.900246326],[482317.3240839926,4961186.277432189],[484326.9268891781,4963468.3441834655],[485341.18219708663,4963494.142743765],[486104.5007493583,4963835.918298707],[486373.45318002725,4964598.5718494775],[485600.33853683167,4968105.08650205],[484897.11258868594,4972000.861209503],[483631.2543571974,4973955.891839691],[482286.473974635,4974930.4052281575],[481923.7371085326,4975697.932763275],[481999.03928138653,4976370.271903799],[482427.6310679986,4977428.33130448],[482837.4746457258,4978715.8756650435],[483373.5534448526,4982678.87435368],[483634.81922326516,4985262.563709918],[484120.5653324139,4985889.106762659],[484587.2432097766,4987103.641105909],[490274.44672095584,4998222.121045406],[492072.8157938389,5001996.435937506],[493464.4037986331,5004100.002519383],[494841.41893055994,5005144.635314712],[495769.1957483546,5005983.621618949],[502224.4234682115,5015698.154695366],[504596.7960685535,5018642.6141845295],[505359.98275422223,5023026.721190977],[508510.79285731685,5025439.99848686],[512584.7659785284,5027076.807081172],[518164.79002705327,5028576.958964308],[518443.8885554632,5028859.743189177],[518592.9963194017,5029033.520028025],[518872.16200945637,5029340.663090165],[519431.1268409544,5029798.441894092],[520472.5086792231,5030457.168058314],[522546.05232376617,5031302.873180026],[522654.80402821954,5032232.449362657],[522758.7992653283,5032880.4506906],[523001.8088849274,5033717.245995164],[524027.24173327326,5034638.27546324],[525940.5712334918,5033884.981012196],[526590.0539219681,5033703.324104689],[528182.7296615345,5033847.444221939],[529813.4605909083,5033815.1753717335],[532342.7186653978,5033670.515716328],[544112.7672763723,5033109.625553569],[548276.4063779069,5033570.589912766],[552551.8402284115,5034243.967900222],[557085.4556949979,5034858.938428629],[564581.2171116286,5034973.743727566],[565027.2318556168,5035342.198426167],[565421.2016247805,5036007.617448797],[565977.3924721478,5038837.514689064],[565132.1032066687,5040643.417636762],[565212.4804725058,5042670.752533666],[566064.0902063242,5046672.705346572],[566980.5163824302,5049783.774237863],[569427.9689902337,5053901.478384825],[566838.4738449947,5059949.670678088],[567406.3067518839,5060208.510558547],[570573.6173954025,5060505.967398913],[571128.2879821104,5060930.325254449],[571677.2097042833,5061430.413104526],[572404.9021101333,5061918.06790346],[573097.2599505893,5062198.675940871],[573888.4223294194,5062179.9405385405],[574416.9166387399,5061578.780622193],[575257.9035455491,5062253.993992007],[575767.3941004465,5062597.666792788],[576398.8569503087,5062669.029614158],[577603.6720814254,5062552.613674078],[579349.9445587302,5062346.762072867],[580225.8897601913,5063254.298121921],[581121.6169929021,5062833.641524828],[582143.5681780396,5062447.796868025],[582691.6680906684,5062257.045895448],[583223.7168762201,5061247.344963729],[583948.7947366614,5059331.299067416],[583823.0521175883,5058606.2535526175],[584097.4849476382,5057986.644935507],[584695.2181906305,5057467.883132965],[588209.5420578683,5054295.3171582],[589658.3776777943,5053965.42651317],[591536.5236855982,5054740.713362627],[593233.7693678905,5055553.999999518],[594379.9505166457,5056940.679272839],[597072.8012911777,5055958.78377806],[598465.7114275107,5056416.972692186],[599443.9217990346,5056973.16490288],[600092.1499075141,5057506.005446824],[601398.253773598,5058801.878118046],[600757.2127875449,5059932.255525865],[600478.8226735863,5060960.407969279],[600771.6844497799,5061492.67302167],[602042.7428859127,5062223.340974288],[602950.3566174961,5062697.762104009],[603340.43525469,5063646.2617551],[603648.4094059888,5064307.793087484],[604055.4094016484,5065026.99261235],[604924.5401883671,5065677.1839430295],[605354.8449090897,5066424.354827104],[606287.9182111637,5066542.353312713],[607253.6886248393,5066560.242152957],[607978.4426502623,5066407.932452026],[608870.5418227189,5066395.394701978],[609756.4679826546,5066816.347949497],[609721.4586379396,5067657.533069362],[609930.5487719794,5068644.02362419],[610789.8359706107,5068731.331539273],[611741.5228725004,5068594.822836857],[612977.6343607861,5068402.010945184],[614464.8138429624,5068968.200827081],[615038.6355082474,5069750.763871491],[615914.6520838566,5070939.921296191],[616456.8023024052,5071583.107890393],[617624.2703895358,5072787.267374193],[618794.1104750275,5073571.819519942],[619126.2607527811,5074260.239848862],[620357.0498773187,5075216.493512876],[621359.9029557053,5075441.511285097],[622934.3203014564,5075502.602150441],[624016.3318678364,5075682.075556978],[625341.0691209083,5076031.890713946],[625874.313901559,5076401.787669733],[626416.1012457798,5077028.241408704],[626879.0021805359,5077674.142457387],[627038.338224369,5078299.159953746],[627407.7387368977,5078836.23873463],[627958.1140705686,5079335.312280616],[628646.9690075943,5079665.203948496],[629832.8266359273,5079826.108809462],[631239.1842959024,5080462.249882681],[632951.4246028403,5082525.511713625],[633818.8016940017,5082868.211071573],[638026.9986036463,5082067.316922535],[639846.0731642512,5082272.563924593],[640897.4436381889,5082167.943759328],[641695.9931274626,5081687.8827499505],[643620.2786257837,5080034.709472956],[644789.8917945188,5079708.282176401],[651665.7102000258,5079348.890927868],[654508.9896123768,5079471.7048863815],[655905.112800068,5080259.911552077],[658599.6141947829,5082134.834692871],[659852.1775394568,5082426.980703877],[660842.5862229173,5081014.34392068],[661346.925745911,5080359.439009124],[662067.3905027708,5080256.735357682],[662892.6482954717,5080467.732776165],[663846.8557371682,5080661.8791676415],[664610.834174323,5080664.300938711],[665379.1421672717,5080232.48215422],[666146.9980910121,5079825.952721563],[667071.235430655,5079969.800361268],[668089.6907324534,5079914.462665469],[668881.6209154882,5080177.648639262],[669937.9055219635,5080257.523202646],[670806.8930189121,5080271.444615114],[670817.3996451627,5081122.352085149],[669905.5086481052,5082873.379937421],[670367.1390448496,5083927.475342716],[671270.49474891,5084833.645412957],[672146.4617844279,5085788.678804372],[672295.3995922334,5086565.568272803],[672371.0363887525,5087311.7868132545],[672564.9778198642,5088423.342952135],[672711.8912701473,5089333.089317661],[673365.0981362535,5089920.032602072],[674497.1521793965,5090301.22333004],[675521.1995634291,5090491.094333127],[677911.6776854908,5091340.522306712],[678771.8042664393,5090628.284123253],[679459.3923755648,5088289.023628667],[679694.678487366,5087104.488222473],[679101.4662233756,5086118.516855733],[679897.4920864066,5085286.917504234],[680793.9607212446,5084830.295691676],[681610.7897512408,5084485.3291815445],[682060.9465785834,5084890.568548924],[682782.642331353,5085967.241858797],[683320.9167596097,5086431.849124301],[684147.3607733245,5087052.290968758],[685153.187082188,5087712.097873029],[686211.0663951496,5087887.590821997],[686837.7676844553,5087292.4146799585],[687186.2044380528,5086677.60393622],[691957.7068453876,5080287.427977892],[692757.2286902403,5079396.480349598],[693580.6919915761,5079274.596608771],[694021.3439424144,5078793.523732127],[694663.3649290664,5078352.275480202],[694781.1194697135,5077746.916249631],[695642.5674013234,5077806.628138394],[696239.1366554115,5078001.113031694],[697057.980886138,5078312.829319395],[698160.0221198772,5078950.398807319],[698940.4407607325,5079080.987603277],[700388.948431709,5078746.180664508],[700994.6508536746,5078455.629949924],[702024.6299903644,5078296.071345643],[703189.4567997683,5078375.781495519],[703707.8848012647,5078616.070696779],[704400.22244643,5079276.7371415235],[704975.7042273394,5079060.449928803],[705545.9287056047,5078537.374754965],[706703.1792999812,5078003.224216941],[709482.40080582,5076071.9870780455],[710079.6530839902,5075167.123795027],[711843.2514742812,5075057.928121349],[712508.6685453936,5075001.013110252],[713210.4818297726,5075534.43961615],[713555.7270453698,5076069.040745085],[714073.466462256,5076308.851647923],[714559.2572594817,5075907.442830625],[715470.9153449256,5075286.764478116],[716051.9828430531,5075477.775105336],[719132.7382850136,5078263.133479715],[720150.9517150618,5079380.681494758],[720814.9861264768,5079348.84305375],[721421.3067861856,5079032.146185921],[722901.0652835607,5078621.8681490375],[724814.8465581818,5078547.072423797],[725668.8831409989,5079090.766663485],[726353.0822507157,5079137.065680566],[727252.5359474488,5079376.810522539],[729312.0391730125,5079797.6798402835],[730338.6099539056,5078921.5601349715],[731718.2369033361,5078094.5587278055],[732742.6119765443,5077626.978511063],[733333.7235048751,5077922.463286832],[734165.5310527637,5078413.337923505],[734906.6365254805,5078744.250396953],[735544.4868733002,5079093.989611459],[736117.2628397667,5079286.214984418],[736802.9668743592,5079306.661798323],[737590.4032291534,5079149.593063294],[738514.3992187805,5078093.370739548],[738993.4418584731,5077409.861790691],[739350.6325887509,5076641.90157951],[739494.7041356206,5075271.180640884],[740188.7055654944,5075905.674934807],[740877.8644996661,5076642.4656806495],[741648.4858820419,5076924.174709749],[742311.2771823286,5077658.738897064],[742905.9865059771,5078260.831060599],[743582.6640548235,5078791.981297058],[744508.5498050529,5078649.786268276],[745018.3331977777,5079016.170187447],[745549.3541906901,5079435.135309511],[746288.288531056,5080200.223535082],[746624.5536767114,5080861.603005925],[746934.5918422936,5081930.615026017],[747379.3577635888,5082879.877198848],[747812.6249714061,5083624.853776056],[748084.0407718137,5084511.589870713],[748258.7271621441,5085315.090330002],[747892.4356325677,5086605.426013761],[749061.9865206175,5086237.876177151],[750380.3055011827,5085943.078129336],[751639.0285731991,5085771.722519118],[752894.5517096854,5085651.492796748],[754077.7713000078,5085475.060188175],[754861.7243356594,5085552.848043682],[755203.0364751966,5085626.840609867],[755673.3907029115,5087350.446171014],[756068.8505812458,5088801.461896687],[756566.3877781535,5089729.17484872],[756846.0011560662,5090871.640164187],[756879.5147184975,5091512.403902026],[756586.586075821,5092080.380772131],[755788.0705920922,5092972.10067068],[754288.1866600794,5096371.280989557],[754708.5216936349,5097293.507278839],[756136.501001232,5099176.052023756],[756242.6147624045,5099873.116068811],[756321.2887184985,5100593.259378503],[756177.4573310998,5101222.0730057545],[755636.3829112938,5102079.739733908],[755251.0169394381,5102896.633195087],[755095.645875539,5104061.071696953],[754955.079837847,5105404.842184523],[755680.6970456836,5106346.779176765],[755096.4557385636,5106333.042416688],[754310.3247978581,5106280.542851413],[753749.4921056621,5106651.67038716],[753508.241604081,5107222.915182661],[753189.1812657174,5108554.340987954],[753748.2413352156,5112369.617559196],[752024.6081767597,5112611.968607036],[749154.3293555564,5113236.723412572],[748395.3677192939,5115048.939940156],[748126.6951308671,5115643.663759236],[748476.5315563071,5116509.159629788],[749412.6977715093,5117363.3812412955],[748877.4396908497,5118501.346554979],[748172.1624041969,5118377.084726319],[747305.0529124907,5118395.766914421],[746481.8212445243,5119259.293517079],[745577.7013593918,5120193.721548432],[745058.2633177962,5120720.584461973],[744745.5992157832,5121209.906116992],[743976.631037574,5122408.352442967],[742632.239258741,5124588.976533589],[742867.8674130619,5125624.95099878],[743331.3898311474,5127442.0504316],[743455.6575295896,5128623.542632572],[741485.7160016929,5132139.359768621],[740134.8437594756,5134777.558628052],[739181.5326109052,5136447.27732371],[737143.3503479739,5138681.6833588],[736567.3136944771,5139280.329712487],[735791.0291076181,5140196.762879756],[735570.5047033237,5140819.4775319],[734925.0781722433,5142716.124321589],[734468.0558170542,5142906.400166872],[733483.6721484964,5143686.000668828],[732186.9043609217,5144225.884901276],[731237.1772491245,5145643.265465079],[730698.3867939364,5146740.122279955],[729545.444383196,5147570.746844957],[728180.2982445084,5148615.628707034],[727155.8076663711,5148686.282301458],[726030.0362534312,5148268.57638372],[724925.5372821921,5147953.3736940455],[724248.1939772613,5147738.028373158],[724048.7231315755,5147752.69358782],[723864.314712269,5147767.327938562],[723123.3674975542,5148042.210664565],[722432.4967005564,5148298.008633369],[722767.3807927313,5148607.176992644],[723136.4730636585,5148946.956794888],[723094.2060398022,5149733.005249254],[723023.3082670963,5150346.923952476],[722997.5045521999,5150566.033237262],[722075.659337885,5151099.452469405],[722459.075130961,5152035.6236616755],[721996.009390829,5152568.978094429],[722357.7909469298,5153427.278785172],[721742.8653476845,5153683.537114986],[721548.7528589612,5153764.276759172],[720974.2195921035,5153529.05942511],[720604.0220827974,5154245.7202661475],[720289.3224260344,5154060.32948374],[719936.752995452,5153853.073034082],[719387.8443823707,5155016.536498587],[718697.9171598452,5155512.331464165],[718389.1498241066,5155821.744240972],[718265.9050662911,5155945.205158005],[718054.5037053387,5155917.227286432],[717303.1150600185,5155815.590530727],[716672.7726145503,5155679.274569342],[716097.3809848431,5155926.400540731],[715803.3865846951,5156646.730892383],[716104.0907938604,5156904.938467859],[716120.7520807568,5156918.368022756],[715046.5932885136,5156960.550618822],[714492.9072800316,5157285.396750564],[714333.6029135683,5157860.74270672],[713782.3130654846,5158617.908711799],[713397.1377373983,5159129.846480528],[712417.2358026466,5159787.109501122],[711915.1160196909,5161029.18016602],[711401.5429247834,5161559.229025923],[710424.782285737,5161682.406308843],[709198.8398501779,5162147.590933544],[708402.7409046569,5162255.92044339],[708445.5615376512,5162868.00589436],[707250.2352880567,5163258.791896261],[706814.7049522473,5164224.718183621],[706424.2358353162,5164812.178616634],[706108.6110043651,5165455.28366208],[705099.9143143177,5165703.040951996],[704772.2070757134,5166548.955240764],[704138.6000556488,5166487.940373336],[703645.7807269964,5166155.525223327],[703498.0330781083,5166045.684408463],[703464.4357447354,5166734.491552191],[703814.0418338156,5168782.372392924],[705472.935731952,5171231.406026895],[705638.2387264101,5172023.695670467],[693219.1317994136,5175083.881708969],[689693.1564520672,5176598.045730157],[688869.5246435975,5177171.25282976],[688635.3019485158,5178230.2699045995],[686953.8372661204,5186335.809107386],[686251.3036304116,5189849.230179776],[686018.5669435648,5190740.602894674],[685079.2223294618,5191085.0178321395],[657446.268467278,5200186.643452936],[642940.4858678856,5219988.664303642],[640861.8926343711,5222738.540544273],[640362.376652152,5223311.773258082],[633270.261479358,5222864.439432202],[631959.7466670764,5222950.127188991],[630955.5850901402,5223232.816445735],[630357.6566926498,5224075.966163249],[629947.9733129317,5224610.269699994],[629266.5305362137,5224953.961331377],[627577.9661705265,5224435.982903047],[626941.9462674161,5224352.540303712],[626133.0499451826,5224665.155664432],[625097.8941562641,5224384.3506185645],[624815.9465442079,5223863.41828445],[624476.1528940627,5223491.360393815],[623917.108696703,5223411.77308609],[623374.0774081073,5223511.237584208],[622422.8517127316,5223614.731539909],[621700.7374161768,5223729.810833733],[621109.9136660993,5223243.515334677],[620708.611420856,5223007.451383742],[620053.5357493999,5223328.797700448],[619038.1226370172,5223151.116874976],[618561.9434739833,5223481.137976984],[618292.8240601592,5224252.80467378],[617843.7664624457,5224534.149266904],[616736.1611621564,5224680.476553585],[616262.5165907213,5224935.056111806],[615883.0878741489,5225877.869563848],[615493.4298063171,5226517.135299423],[614974.1017038868,5226667.590446475],[614070.6567641017,5226291.911450248],[613367.7093672603,5226535.346289726],[612627.2069615677,5226497.1537066195],[611763.7980609079,5226351.51586649],[611007.1450021933,5226642.122339472],[610145.2297587624,5226471.686404152],[609755.9668449601,5226046.225892765],[609145.2420687671,5225483.182509548],[608589.8004805297,5225328.692559303],[608440.5063121531,5225219.291865522],[607677.2656772007,5225661.1763146045],[606984.8983040376,5226183.284448916],[606160.3728071599,5225786.163731903],[605681.8753516554,5225102.92734195],[604960.2757035493,5224685.808887077],[604569.4183835472,5224311.3891416555],[604196.4709235046,5223582.812648181],[603544.8898393088,5223296.00644276],[602377.0873367483,5223109.078697556],[601456.7617451394,5223087.481559106],[601599.3713986034,5222283.765225695],[601093.537060392,5222156.958270064],[600578.2444076983,5222231.052471227],[599762.4606101708,5222164.179216989],[599374.8498745619,5222219.74824536],[598732.1823907078,5222288.054726745],[597830.9652451979,5221886.974133496],[597021.2733241465,5222199.538222888],[596379.6002811443,5222242.543252255],[595547.1417896822,5221997.120986687],[594864.8947323543,5221809.528976985],[594254.517655547,5221726.999700807],[593450.7385862728,5221938.856904749],[592958.4060192654,5222065.486581444],[592340.9947720162,5222134.737324883],[591461.5415066252,5222291.6245253235],[590826.9562193056,5222182.339507842],[590572.6465546507,5222380.567362948],[589491.4960760988,5222211.848048792],[588471.7832324747,5222129.345374488],[587429.1764962258,5221995.286307472],[584731.7818188884,5221717.039225239],[584392.0552410622,5221488.823838801],[584237.9122319958,5221384.862451845],[584187.8995055114,5221386.911638224],[583982.7829476369,5221370.806852295],[583747.413472998,5221002.578123547],[583285.4217985508,5220571.137009711],[582977.1912455854,5220122.62339873],[582719.020569543,5219284.619468603],[564513.7965040096,5193300.619307816],[564719.6432413502,5191534.954373286],[562225.8995418964,5190666.139324729],[555136.7940852263,5177171.146364022],[532050.3703112317,5195521.668505135],[515310.45168333553,5202188.434410378],[511460.2532447844,5202359.399635728],[500764.7637483154,5201001.730965102],[484585.39633279695,5194368.899863748],[482816.12417928106,5194082.857839689],[469482.4211319306,5197167.873747281],[458671.3380498287,5190244.476343812],[458382.5049194785,5189431.488324389],[447990.9266693719,5174895.750425943],[447140.59595186246,5174652.535325223],[446279.85616468976,5174322.783203689],[418633.9804730013,5198836.868793721],[417937.33625545976,5199429.247777131],[416354.63273901056,5208089.34484654],[415101.8796911189,5214608.083209674],[414468.39354110585,5219371.04732224],[414246.05919454945,5219554.12818379],[413942.9917337289,5219780.887761005],[413703.27897770365,5219885.668387325],[413396.53723642277,5220137.70140454],[413297.68504281004,5220382.610980872],[413272.5223062971,5220660.161642382],[413395.262743502,5221001.507553843],[413501.45640364056,5221239.2864917815],[413722.5769934799,5221640.492669256],[414049.41504811996,5222000.4698239975],[414196.2565794874,5222369.509608317],[414235.2763766842,5222499.798991261],[414212.6325518967,5222752.031206966],[414008.86262300465,5223013.332895847],[413814.21205384465,5223173.046426176],[413568.9651329015,5223328.340655853],[413445.6078282933,5223317.048339768],[413366.6246833013,5223472.696357004],[413322.4389915328,5223773.482177779],[433722.28715608723,5237778.0267438125],[430591.4237483276,5266776.998107173],[449160.8577617221,5300729.939872917],[446250.4830905785,5305857.062944395],[489374.59093010926,5416656.029821572],[515423.51062468137,5400995.175601623],[517770.0791385468,5399698.64884483],[520491.2603927231,5398625.216841391],[524396.1049296187,5397620.027369511],[527013.5382201464,5396992.495430227],[529507.5170643593,5396256.894714303],[530851.8829668645,5395781.286760031],[531238.0118147894,5395749.012664506],[531285.8737262179,5395745.101650344],[532459.3984863207,5395647.7888283925],[534908.7225186981,5395714.657842316],[538528.0660484767,5396074.259438811],[542508.3289932441,5396455.353575762],[544669.3061602873,5396579.420494834],[545837.950529533,5396470.372063729],[570587.16085146,5386803.71107264],[571351.6328252846,5387388.802751123],[571724.368342804,5388163.260940258],[572264.4129820812,5388719.946791152],[572779.5839534176,5389250.682116038],[572909.3542477692,5389232.077291896],[573011.1696379532,5389766.2660103245],[573597.2477464861,5390425.602229954],[573085.5290233991,5390851.701294516],[573425.0667211947,5391800.063329998],[573835.2724185857,5392350.243324571],[574113.6880946625,5392993.8220958365],[574074.4311202068,5393771.868707931],[574222.7923484001,5394408.046267078],[574692.636843179,5394809.948851308],[575479.4733599706,5395077.354466581],[576240.2491127873,5395369.208683149],[576725.8362006563,5395444.961712681],[577473.4432749512,5395458.597388564],[578282.5552178707,5395803.248729408],[579152.2713452021,5395948.892686777],[579668.4181668081,5395950.811113126],[580261.2150736429,5395982.062722528],[580839.0875841457,5396289.073045168],[580634.7551239704,5396756.492357452],[580430.9842199157,5397223.40022824],[581068.2866571054,5397382.248946199],[581886.165951368,5397550.865342863],[582132.3026004042,5397789.909859698],[582565.5982300934,5398416.109426025],[583250.7201431965,5398653.647534782],[584105.123545775,5398596.900224028],[584834.4828729895,5398459.49595299],[584935.4420115426,5398137.822744258],[585217.4485158023,5398161.272028652],[585445.2615130767,5398230.678985722],[585689.2929272839,5398100.138251606],[585845.4341665368,5398087.418496831],[586044.6142308643,5398179.31471208],[586265.7852328789,5398324.005474654],[586308.2588540381,5398428.619504168],[586298.1237189227,5398553.277842996],[586357.134053816,5398785.475903049],[586513.9392911033,5399075.835463327],[586511.8489407243,5399100.764760002],[586733.8268852135,5398917.92992754],[586852.0500699879,5398750.741524991],[587147.5854717091,5398296.090577926],[587294.3406722051,5398081.468463356],[587428.9333158375,5398016.92981183],[587681.785578714,5398088.290430542],[587772.5388944648,5398246.680335861],[587860.5798688849,5398430.977479138],[588023.9640050294,5398646.064384953],[588150.3908484563,5398681.744796454],[588457.038607799,5398732.079368039],[588760.4365726879,5398505.232052785],[588946.1740546449,5398445.092891442],[589155.489644892,5398411.836741825],[589417.0122115363,5398383.468218392],[589515.8689770387,5398441.638199691],[589560.934909052,5398520.832122875],[589512.3574612858,5398794.595979777],[589506.2146142448,5398869.390040827],[589401.2752036797,5398886.015834862],[589165.8583407507,5398916.824633334],[589143.4461781011,5399192.532684435],[589162.9076321075,5399269.7664544545],[589230.0251224596,5399401.258245933],[589451.1359247161,5399545.448031108],[589502.8447448235,5399549.845505639],[589650.1980040896,5399637.824296703],[589766.4333747613,5399798.638312037],[589721.9092234056,5400022.02502366],[589662.5977096017,5400117.343784104],[589555.6334924418,5400159.384613239],[589320.8388192044,5400190.187605735],[589031.1240735035,5400242.010509528],[588795.766140411,5400272.815623504],[588586.511960369,5400306.060363956],[588329.10452685,5400285.053573181],[588283.1157112669,5400533.354266269],[588365.0812301469,5400791.908917536],[588460.3306656049,5400900.897135469],[588854.3421349756,5401134.995410936],[589035.0681876016,5401149.652534346],[589312.8422187679,5401223.442574929],[589611.7693493336,5401373.964570572],[589830.1745050324,5401543.550232019],[590018.3603080657,5401761.027022486],[590329.5649480104,5401760.529568493],[590609.446203877,5401506.867404176],[590828.4031207763,5401045.970700408],[591104.6536830218,5401144.6899941545],[591117.9796414617,5401296.690629317],[591217.7673903664,5401657.867547901],[591376.8642740384,5401923.240085601],[591613.776931658,5402194.959428523],[591783.0626076285,5402334.725593755],[591883.2665977222,5402368.931232924],[591879.2138307621,5402418.292229633],[592009.1649809937,5402732.031465422],[592012.1792731339,5403009.113170737],[591993.7071867223,5403234.881222341],[591915.9269260447,5403555.931605096],[591827.3973837026,5404002.065245867],[591748.1556743128,5404348.50140107],[591912.7112194877,5404538.570187969],[592086.6198890827,5404628.96212969],[592414.4596236098,5404731.075684388],[592677.9487839878,5404677.326704787],[593309.178765651,5404552.723531502],[593811.4517445514,5404417.86024103],[593940.4122499387,5404428.607629476],[594197.141127373,5404450.102421985],[594237.6631447291,5404276.638815309],[594343.1281061865,5403932.635935578],[594488.5914205923,5403742.548349323],[594596.9551939399,5403676.08912181],[594959.1862898071,5403680.970525755],[595142.2704964809,5403645.293524121],[595320.8495205116,5403685.35912258],[595419.53280041,5403744.485720386],[595559.6113531807,5403932.126554268],[595622.442713745,5404113.902316986],[595646.7716954306,5404443.241200648],[595630.8339731655,5404644.067997764],[595641.9542197911,5404820.944917359],[595593.7126703443,5405094.078137833],[595622.7193114626,5405373.551663714],[595691.7481855365,5405480.064592425],[595790.3700905269,5405539.180549823],[595958.020128276,5405703.832507326],[596029.0736898218,5405785.4239261085],[596189.9667220719,5406025.797413113],[596283.0149833859,5406159.172843784],[596323.7915765774,5406288.6392588345],[596363.0487875965,5406443.509118285],[596449.3413269426,5406652.115738191],[596585.1950105813,5406890.030098321],[596706.5712749672,5406673.1233625],[596776.302731524,5406451.814413329],[596852.7323706038,5406155.751963459],[597147.4572180831,5406028.725166961],[597366.754351902,5406197.767038479],[597528.1499115314,5406438.134750706],[597663.9409653499,5406676.058088281],[597896.8943436906,5406997.510911839],[597986.7347255653,5407156.2832246665],[598123.6591790987,5407394.677536595],[598361.6211204368,5407641.375030849],[598503.6700760815,5407803.556670902],[598645.662911448,5407966.713711619],[598882.1046675291,5408237.821758058],[598968.2795618362,5408446.890099875],[599013.6731163916,5408526.509678954],[599016.9665188931,5408803.953049272],[598940.9873831243,5409100.4387392495],[598800.2041151496,5409240.125571291],[598616.8195579544,5409577.135349156],[598612.7103202097,5409626.951466993],[598667.0301191937,5409909.254097313],[598714.5698709321,5409963.466363989],[598785.5667464613,5410044.5433928585],[598908.1512101137,5410130.502121042],[599112.0928316403,5410172.509575836],[599260.2209662235,5410260.425511602],[599436.0953161984,5410324.89692899],[599710.9763619466,5410448.466204775],[599882.559849101,5410563.242011693],[599900.3879591322,5410665.311280184],[599909.8187720709,5410867.984489679],[599903.5659567292,5410943.193232558],[599811.9067787286,5411111.671316523],[599700.8375032995,5411203.477649703],[599591.9126591749,5411269.888686575],[599373.4383853138,5411403.1963811545],[599241.5579347226,5411442.746655776],[598996.0802452379,5411599.005386562],[598801.6279942048,5411759.653514671],[598806.4516885849,5412012.113295766],[599031.7077929454,5412105.879538303],[599293.4939634672,5412077.080348903],[599580.1964715892,5412050.723307185],[599875.8003240203,5411923.774486039],[600142.7706687029,5411819.287166574],[600340.4631168958,5411936.490805012],[600355.5856986901,5412063.943436122],[600256.0929419238,5412332.5062359795],[600202.3598151304,5412353.500609988],[600079.4118161051,5412595.201703878],[600148.328890027,5412701.650398453],[600277.1059903993,5412712.398331629],[600355.7536989,5412693.359999115],[600541.8690148914,5412633.30851791],[600754.0908806418,5412575.211783772],[600967.8322252759,5412492.212516424],[601156.0282766821,5412406.2800319195],[601307.7659426354,5412444.375243127],[601401.1437085483,5412577.683526781],[601546.1434817263,5413018.123366203],[601723.5029797253,5413385.312065047],[602240.1360930891,5413402.916719676],[602648.8610982905,5413461.041855645],[603208.8074998937,5413582.647536037],[603809.9274452674,5413834.130935219],[604137.2606849715,5414263.798342537],[604118.3857035615,5414488.871418621],[604108.4725726543,5414614.340918737],[604068.2864380521,5414787.653996082],[604083.9128125019,5414914.588281551],[604154.7935379869,5414995.635249898],[604247.5535311406,5415129.407413547],[604272.0779136727,5415156.746548181],[604603.5548521106,5415209.005426956],[604706.7925225638,5415217.798257213],[605070.626481268,5415197.319904642],[605195.2378238492,5415257.374324363],[605244.7435568545,5415286.671353223],[605212.88630968,5415359.40808935],[605166.3942541588,5415607.8882494],[605127.2730842158,5415781.187041289],[605239.2688187076,5415992.081483045],[605337.2110193962,5416050.179719589],[605507.0398949888,5416189.804589804],[605660.3447703642,5416227.889833248],[605811.9565435132,5416265.000858398],[606007.3299094416,5416407.066196362],[606200.6228098407,5416574.026684463],[606278.8779188298,5416580.37725624],[606468.5966883084,5416470.561020862],[606631.3095014769,5416382.705651077],[606736.0664929933,5416366.117121348],[607021.1886964128,5416364.184896354],[607196.7065782256,5416429.612157298],[607222.8724680407,5416431.077865473],[607289.4057750169,5416562.881523239],[607285.7430784388,5416613.159296582],[607263.212317725,5416887.976876552],[607227.760473834,5417010.982530123],[607191.6794713341,5417133.98400098],[607236.9610882679,5417213.552199323],[607234.8141931051,5417238.444751345],[607337.4902134425,5417247.240356806],[607474.6609098508,5417157.436090543],[607692.0630017228,5417023.710909672],[607959.470687502,5416919.759202299],[608088.1875654765,5416930.510228674],[608236.703928221,5417017.896650327],[608255.9392118156,5417095.508171594],[608293.3298460105,5417274.651141131],[608304.612751404,5417452.325532153],[608286.7542857608,5417677.338374859],[608456.5862130276,5417816.948046613],[608685.7757414829,5417861.383549429],[609045.3843350812,5417890.209752142],[609402.3326547128,5417969.800845784],[609915.1274753704,5418036.712023229],[610201.1470613666,5418010.381612055],[610365.1131601832,5418225.152297565],[610271.6433423613,5418418.909318293],[610161.0817167751,5418510.65705024],[609964.4397795098,5418696.5919860015],[609716.2050831915,5418877.148745227],[609601.9821782232,5419019.159507092],[609666.9410659844,5419175.824903992],[609759.5834931637,5419309.0685001435],[609913.7837126759,5419321.772538799],[610248.2946727412,5419349.133467094],[610662.0136201475,5419357.469635178],[610824.1653417281,5419270.616972984],[610904.5734411447,5419553.682215669],[610670.8407710943,5419886.973451017],[610532.0915281026,5420002.128933837],[610406.7742058209,5420268.562677481],[610493.6161501051,5420476.942066882],[610629.2831880642,5420715.087882581],[610947.89849771,5420942.5146227805],[611094.7183577617,5421055.250271768],[611164.8580198536,5421136.746898745],[611176.7119829821,5421313.387396812],[611110.8146111375,5421485.137324622],[610940.2149830029,5421672.48225194],[610794.6609335284,5421861.781635957],[610614.6634371519,5422174.514273376],[610491.9966338241,5422416.49883517],[610334.2707217985,5422756.04745818],[610276.9429045672,5422826.7834169185],[610357.8646848063,5423110.734451153],[610422.8295342496,5423266.858086639],[610519.5816943555,5423350.781674886],[610641.8138918206,5423436.170947013],[610847.5429066553,5423452.786819338],[610888.4630442793,5423464.01103081],[611235.5451457733,5423459.178421231],[611550.6982679045,5423409.947113607],[611920.032447365,5423313.885596131],[612374.4951404833,5423149.533569348],[612740.7329002911,5423103.721184086],[612948.5445571255,5423095.940747084],[613196.3417297301,5423241.845459187],[613349.3681289165,5423581.905420739],[613431.874731285,5423839.989824657],[613430.8589930824,5423864.868731343],[613489.2775863926,5424096.599639213],[613751.8531144776,5424370.309165265],[613950.0788484274,5424486.92498567],[614198.8354424118,5424607.937880425],[614606.4569042384,5424691.408693789],[614889.1989923599,5424714.376020733],[615362.7161080906,5424627.609640174],[615642.3473564574,5424373.492746142],[615703.5169121162,5424252.0316207055],[615805.0391727164,5423958.362208086],[615977.8940153301,5423745.682481289],[616398.8724183791,5423653.529158129],[616764.0366102185,5423633.574371854],[616965.4848265913,5423700.4396984875],[617060.0335498032,5423808.757489716],[617125.4419488985,5423964.8801769335],[617085.9749526209,5424138.549107776],[616964.2077948332,5424355.134080857],[616876.9926792312,5424473.666196328],[616709.0462474432,5424636.087973206],[616597.9291059584,5424728.2728193],[616512.2918876902,5424821.920322157],[616484.6686575604,5424844.844498946],[616486.1426445827,5425147.284725604],[616582.8956244364,5425230.2234008545],[616901.1019953464,5425458.06841737],[617204.5301242932,5425558.108580099],[617511.1780698386,5425607.905008809],[617847.5919452431,5425610.3927215645],[618023.435436014,5425674.807317775],[618082.3623810151,5425906.0204794435],[618014.1501066424,5426102.580904257],[617872.2533562667,5426267.423071471],[617679.8414653646,5426402.500896103],[617490.0743727119,5426513.189785176],[617376.8738256883,5426629.255133474],[617251.3307701306,5426896.023665954],[617233.1274209992,5427121.348196213],[617274.5761043361,5427250.598189778],[617359.9925822747,5427484.222676935],[617365.1936320865,5427736.359077414],[617348.6305787693,5427936.306876317],[617174.2697424948,5428174.263588344],[617080.6962537963,5428367.848958871],[617073.1996646019,5428468.303931477],[617056.6374741234,5428668.237767551],[617014.4382447242,5429193.410195276],[617146.6085744528,5429481.128465363],[617217.762771467,5429562.571784506],[617488.5488913096,5429735.716971578],[617765.8169766061,5429833.287016567],[618173.0832409704,5429917.226897023],[618604.8778768826,5430027.502015825],[618884.2253502503,5430100.6917849155],[619311.1198446254,5430261.672534953],[619550.5061106357,5430506.96910765],[619918.3733813735,5430763.500207132],[620276.8796725625,5430818.172115824],[620487.9614413884,5431087.345144825],[620480.4672532161,5431187.291470629],[620405.3294046137,5431483.212845109],[620342.5389476632,5431603.621766236],[620218.0135789381,5431870.757238015],[620148.2920922207,5432091.585849933],[620035.5411917842,5432209.051333766],[619896.927470562,5432323.097485959],[619995.5817396767,5432381.615659946],[620219.0646306511,5432500.121106814],[620369.817320444,5432563.03717863],[620599.1545187712,5432606.471745637],[620757.9604641225,5432569.4547382835],[621039.3952482321,5432617.771631412],[621381.4231447938,5432544.71750062],[621623.1540013449,5432438.007499666],[621914.21690814,5432361.039219673],[621971.2809652179,5432617.474396172],[621892.1901303575,5432635.983114408],[621777.3024947231,5432778.304175245],[621670.0242360601,5432819.2300098725],[621342.6590996601,5433019.516392641],[621285.7781367797,5433090.674267656],[621283.6368670829,5433115.533506584],[621368.3218407932,5433348.558288238],[621543.9939807995,5433413.424319741],[621750.5532675073,5433430.040337665],[621909.3620582542,5433393.029486863],[622123.0945008014,5433636.797536955],[622061.3696219943,5433757.183751328],[622043.625553947,5433982.37251876],[621945.5397221751,5434226.5502224015],[621902.373800408,5434449.289349834],[621852.0422264587,5434747.565820054],[621873.3743660203,5435126.755824594],[621902.8239631345,5435406.025213673],[621964.1725379872,5435612.194195597],[622219.00306338,5435985.071791407],[622264.0572391889,5436064.031236218],[622513.3512302802,5436185.437097279],[622733.813542027,5436027.102099508],[622789.1205568957,5435981.3059229255],[623014.4337785809,5435747.917571174],[623070.3014992231,5435701.631181265],[623367.7804879575,5435549.644813569],[623417.0514976514,5435579.383654409],[623594.8025911499,5435618.900593771],[623797.5281703803,5435685.716782075],[623971.503512432,5435775.430089608],[624122.1964500229,5435837.844351244],[624302.6484296401,5435852.507530344],[624531.8699430588,5435896.422582893],[624660.9132037557,5435906.198442522],[624973.6226864463,5435881.416183446],[625234.8035532666,5435852.721283272],[625338.3041889117,5435861.029750566],[625567.5257229666,5435904.945246778],[625819.0169756413,5436000.52432694],[625867.272546817,5436054.630204345],[625850.4254876702,5436254.927995593],[625897.5690436355,5436636.0323825525],[625881.2987539908,5437163.303588775],[626306.0397893755,5437675.548566092],[626774.2075143168,5437336.51065821],[627502.101334939,5436992.646006631],[627549.2321199168,5437046.747685357],[628158.1433075191,5437523.9674924845],[628183.9219827179,5438179.853586996],[628579.7978087821,5438740.295489935],[629256.8464634595,5439021.6014306005],[630064.6782072113,5438961.3898542505],[630928.4361087648,5438855.39054185],[631523.4811571245,5438800.482475283],[632250.4733827296,5438747.553796504],[632947.0137934947,5438794.018976437],[632944.8149731536,5438818.867598154],[633560.0100778849,5438909.652561392],[634123.1052222688,5439022.351240248],[635100.6894285656,5439111.2782093715],[635577.5634742392,5439745.788706077],[635970.5537636637,5440072.815692091],[636615.5090944425,5440102.705629725],[636874.1284544618,5440128.1090540225],[637716.3385903123,5440309.570976104],[638359.0054804853,5440779.892914101],[638796.6333668659,5441211.654960918],[639423.7473051025,5441529.459407563],[640003.8812598821,5441366.902763893],[640723.0457669741,5441037.761917521],[641202.8041573279,5441220.586206364],[641471.4753853313,5441489.095431765],[642099.1003125315,5441781.081213303],[642736.7718270998,5441923.509473587],[643471.2889422352,5442172.648945607],[643630.2528503706,5442937.008347802],[644120.2432002026,5443370.676631777],[644771.4200137606,5443714.7544720825],[644853.2637682307,5443242.7784810895],[644912.4538765141,5442719.137168178],[645566.5118173767,5443013.061717544],[645584.649856821,5443139.718526999],[646029.1457406678,5443470.596038906],[646678.5643546366,5443839.030934216],[647215.822811043,5443949.756512579],[647679.9755532094,5444382.419801785],[647912.0889063188,5444799.4153689565],[648366.6334965785,5444979.760253306],[648371.1484346918,5444904.754713967],[649017.1009186264,5444519.682712811],[649688.9907422214,5444538.390419956],[650423.7141023958,5444787.012026892],[650969.288510125,5444342.959659129],[651540.2598598826,5444332.411743295],[651972.436765742,5444033.945967831],[652416.6493433769,5443560.107379318],[652854.0065038827,5444015.691274913],[653216.615169104,5444416.194312556],[653853.9857250643,5444582.969015659],[654570.5697377012,5444705.43912246],[655157.040548291,5444843.45899065],[655914.7470394718,5445144.210672677],[656014.3600178737,5445201.227902208],[656678.8111568112,5444917.458922154],[657062.5154552851,5444590.73141536],[657446.3575934469,5445067.709191667],[657811.5489499364,5445442.868258962],[658289.6405669483,5445649.526304848],[658934.4130467819,5445691.608520377],[659370.1746552391,5446171.977675427],[659462.6326275758,5446755.468458449],[660087.6915834866,5446695.758669822],[660784.8029933028,5447142.568162648],[661138.1177881225,5447692.985088465],[661287.1348742724,5448205.327498749],[661518.863812126,5448647.067348958],[662118.6344784262,5448987.147296089],[662695.8648636872,5449275.597856309],[662919.0201603493,5449440.7366023855],[663013.954654699,5449999.240719442],[663192.9792053151,5450437.494241623],[663698.759012741,5450219.059064646],[664308.7915023706,5449982.641739337],[664237.5007086783,5450705.629310843],[664179.0433925163,5451228.97287723],[664779.0877229834,5451569.4767708015],[665304.9510166795,5451026.352559673],[665801.990759669,5451359.526966751],[665635.223925275,5451950.9621038465],[665401.5175077214,5452388.024133369],[665916.8339806598,5452421.7993533425],[666568.1396144737,5452363.620296123],[666741.4348629183,5452902.066036689],[666230.2766215493,5453220.222067236],[665757.7368376798,5453315.4506041985],[665167.5339753795,5454055.550696129],[665798.4645904517,5454322.9926364655],[665686.7478132844,5454868.043943226],[665464.4002261596,5455530.794436685],[665911.4429591454,5455836.095305497],[665748.2652358235,5456377.641875176],[665737.6819391489,5456953.769355908],[666429.3011897727,5456672.312332982],[666993.929489153,5456332.882961757],[667526.1178369108,5456517.523149928],[667984.9876207274,5456220.866172462],[668230.0516874056,5455609.254486605],[668223.5502432671,5455709.016490011],[669006.3387820815,5456035.375881276],[669620.0442262733,5456150.465748855],[669638.0255316421,5456703.28078544],[669672.4427681201,5457408.377855323],[670086.6434393016,5456983.2613737015],[670525.6407089646,5456584.901453506],[670751.0773979257,5457127.078225111],[670496.9099949918,5457887.988266727],[670329.7604837336,5458480.051229914],[670581.6940030417,5459023.608005356],[671240.4583547211,5459267.14015688],[671194.9426761647,5459991.990615356],[672082.6998008715,5459874.158516418],[672680.8655461364,5459837.442325293],[672870.2738156926,5460125.519863661],[673011.9748782123,5460761.870584505],[672936.5632721066,5461560.0654124515],[672573.2259230082,5461988.419238159],[672662.8475519145,5462646.037412524],[673053.478658175,5463022.650725252],[673521.3795818172,5462576.390713086],[673968.8471253726,5462880.570013991],[674034.7427239713,5463487.552828721],[674678.5302607567,5463553.991942983],[674243.2731542608,5464303.675177091],[674239.5743185675,5464780.715844117],[673973.6413799314,5465314.49689927],[673180.1052794949,5465163.37951451],[673097.8900691479,5465660.270764428],[673569.9894838608,5465966.817007906],[674259.4062975064,5466136.839881032],[674772.3985915072,5466219.747972804],[675623.2812086073,5466275.105132384],[675995.9363340887,5466608.8229270205],[676016.4414997272,5466627.305893153],[675722.6659664416,5467184.808465293],[675410.0801111774,5467641.152276746],[675289.6189955493,5468336.2524119355],[675550.9226534019,5469130.664014841],[676404.1982974461,5469586.550855921],[676844.2424123362,5470015.963636336],[676797.9058123137,5470765.875460341],[676612.1547226971,5471256.145635503],[676017.6068401164,5470816.004786763],[675368.930300388,5470825.377489844],[674926.7251113228,5471273.706168655],[674429.6176378477,5471769.117709392],[674216.4225159312,5471855.986346449],[673672.9479126713,5472272.622239313],[673458.0177015194,5472809.921831169],[673322.6819465922,5473328.285740802],[673333.9918973504,5473981.769387898],[673619.3243007618,5474401.691498192],[673790.7151226113,5474563.084253336],[674421.4169997317,5474829.1842358885],[675050.6367492923,5475145.3167246245],[674635.8572744536,5475570.141457914],[674519.2345572603,5476189.418731291],[675321.0736521037,5476216.604627814],[675205.459768557,5476835.850660407],[674637.2002923847,5476799.083745806],[674182.2644563557,5477020.299089988],[674049.257253003,5477513.687084131],[674229.4119077056,5477951.873496848],[674194.8728739045,5478501.124874729],[673810.5057727635,5478852.9726346405],[673394.7348826223,5479302.391751787],[674141.3701914005,5479375.205055483],[674916.3057326545,5479425.215058256],[675012.4743371875,5479958.936843806],[675071.0911677385,5480689.737923771],[675026.7477306806,5481413.144294681],[675313.9378628571,5481808.040122976],[677431.3312015351,5483623.559411053],[676891.5406223244,5483965.902201138],[676296.0830134264,5483952.400663917],[675782.6343887192,5483869.544219536],[675294.2486130602,5484213.8484437745],[675419.1159799148,5484723.568838747],[676117.7449751004,5485169.585949343],[676131.754809789,5485771.887520836],[675354.8155715698,5486173.671513102],[675736.3005543918,5486724.237722553],[675131.6017665922,5487287.197787668],[674659.2474957025,5487382.459175947],[673774.4007631951,5487425.99920594],[673342.4021770774,5487698.8752965825],[672795.4884739014,5487738.766112255],[672433.2755859838,5486888.403292712],[671902.7045019899,5486653.661963735],[671347.8411535067,5486819.235710472],[671386.5621808958,5486194.25297908],[671447.5459273246,5485621.661633321],[670725.7432014525,5485976.885846487],[670261.9009961097,5486347.7967307335],[670153.4703769863,5486842.187348189],[669818.5858463341,5487221.888659449],[669200.1090115231,5487582.935756651],[668612.3393688258,5487444.730819054],[668554.882998979,5486689.695365402],[667800.1731725843,5486315.057601094],[667852.8449749403,5485465.874613638],[667750.3849752673,5485459.497818854],[667204.0896685981,5485474.172351072],[666477.6071594787,5485477.56248266],[665944.9794995534,5486120.174181478],[665968.4046696101,5486998.936512549],[665784.3544449052,5487463.6275568325],[665196.5222897315,5487325.426463286],[664430.745711811,5486699.474428585],[663919.5377086027,5486165.377186833],[663317.1270171175,5485423.988974112],[662596.6752570912,5485327.419671865],[662153.944197042,5485775.010135334],[662729.5113296187,5486113.128902784],[662961.7939886445,5486554.839575548],[662403.7954136473,5486769.403606725],[661820.0701363869,5486555.997817223],[661179.2065607636,5486439.59397708],[660673.8022038521,5486631.872459051],[660607.8008426001,5487280.032344571],[661277.3814761624,5487774.3901860835],[661259.6330984263,5488474.90803219],[660603.0803025368,5488608.336554188],[660258.8961807464,5489137.328928038],[659736.628002202,5489604.078145907],[659015.923917569,5489106.854669744],[658678.8048591319,5488684.107089913],[658011.1788121513,5488565.27344962],[658073.0804538593,5489246.36926406],[658398.0010906382,5489843.700262066],[658891.0653244718,5490677.32071586],[659007.5781398822,5491311.2848080415],[659205.8027891164,5491875.924508398],[659719.6691256379,5491959.230348018],[660305.3512503577,5492548.371680399],[660753.7544802799,5493278.97641875],[661361.1975901073,5493092.74582176],[661713.893161624,5493265.633459576],[662233.6049035429,5493249.054238642],[662844.5922171774,5493013.364176252],[663342.8404876433,5492519.111931354],[663811.6751139715,5492073.792496526],[663944.2013667428,5492858.527052699],[663926.693482087,5493559.206532448],[664301.3055607253,5494210.194007226],[664551.3620982748,5494776.690997736],[664538.531555855,5495402.586969729],[665198.3680876631,5495645.984333068],[665618.9310332491,5495973.543896534],[665929.2222732622,5495993.663881442],[666200.7039472404,5496637.168853928],[666013.2711975141,5497151.334562488],[665485.0181219565,5497718.5218594745],[665663.7809335263,5498181.0626031],[666108.2407719765,5498535.716090507],[666739.438270821,5498826.537509131],[666954.8094606848,5499542.044340773],[666668.2558993475,5500400.5303488225],[666696.096618024,5501203.476351294],[666279.1552857086,5501652.777699705],[665331.6729655839,5501867.111032773],[664944.9919525344,5502242.2739639655],[665204.6185678205,5502660.596679836],[665836.1474498191,5502926.618695263],[666523.4697948036,5503572.003030833],[666716.3008136202,5504235.338174768],[666852.6893238366,5504970.754293248],[666690.6603942813,5505485.969432208],[666461.8974385497,5506247.127226158],[666768.7092555417,5506743.319834513],[667230.9945624251,5507248.828349365],[667482.5320559199,5507790.444889697],[667332.2805020412,5508557.316263085],[666570.6850582504,5508683.488305807],[666633.7656276239,5509338.154592162],[666989.5587673467,5509887.505129186],[667430.0170546756,5510315.878371077],[668420.5989081102,5510680.362525741],[668313.5601160019,5511574.369587968],[668234.1447874444,5512020.108777675],[667518.3911026089,5512674.804580783],[667051.0272257642,5513095.4409034755],[667013.8166920872,5513268.188164983],[667103.6862021957,5513924.526123746],[667303.8492193206,5514463.336370455],[667709.6329914149,5515040.549646293],[668299.7316187981,5515152.901886293],[668895.6665894175,5515191.221942979],[669263.6407825534,5515540.465357795],[669764.1350606263,5515848.213858356],[670290.374283702,5516156.9496942945],[670382.8733965628,5516763.777641862],[670468.6905564701,5517469.745084962],[670535.8939434025,5518075.02127053],[671020.7891205685,5518206.122696822],[671293.2921351647,5517598.285585927],[671638.0051577887,5517045.153866979],[672158.0730169582,5517453.523278856],[672432.4490573051,5518071.596597513],[672709.3604287069,5518640.297953519],[672956.247573992,5519256.3423500955],[673213.9142076526,5519723.387484512],[673551.418208899,5520145.510180499],[673960.6144687898,5520671.681707585],[674009.5791421676,5521150.544409384],[673872.235279248,5521692.059847759],[673636.0995629154,5522152.6828469755],[673663.7050245984,5522980.096143014],[673759.8582286715,5523536.747790634],[674338.0917707923,5523423.72903999],[674959.1827599726,5523463.06927256],[675389.0838612311,5523640.97966849],[675843.2763378406,5523869.681074732],[676557.4967415835,5524089.957372666],[677061.6250454027,5523921.2627335],[677719.4083261734,5524213.03812687],[678004.1663212456,5524656.228542564],[678153.330017185,5525191.598199608],[678159.4301327892,5525942.398098248],[678194.4931436536,5526644.349286782],[678664.8303750361,5527024.807986012],[678930.0708303315,5527792.194752463],[679068.409960297,5528501.872088635],[679359.2913274409,5529270.631630335],[679660.6623912585,5529865.865610369],[680145.5791746178,5530447.263037396],[681002.5410772549,5530878.296737371],[681445.5019623868,5531281.789911118],[681414.0356180089,5531805.031878394],[681430.4287075095,5532380.966939576],[681353.1292829214,5532801.680327305],[680885.400214069,5533221.439735172],[680805.0848584768,5533691.382569784],[681013.1719947556,5534129.763678135],[681130.601693306,5534737.075372767],[681272.7769551843,5535396.064261846],[681807.9441626122,5535580.71799463],[682179.6605540486,5535879.640261919],[681970.8901919554,5536315.987973644],[681588.4927987974,5536616.402615163],[681253.6757430299,5536995.57733121],[681086.3271875943,5537609.621431574],[681106.2749515857,5538135.974204502],[681069.8561474624,5538733.689495563],[680561.0680405367,5539401.27703133],[680245.9697867312,5539880.290705507],[679828.8228859751,5540753.544293021],[679895.0808340198,5541383.080356515],[680238.9094864201,5541704.497232318],[680554.54954884,5541649.38128585],[681075.6210594401,5541207.8841318805],[681554.0198990621,5541463.829088534],[681417.313786195,5542004.748302504],[680884.9869977124,5542620.913217007],[681012.4889906961,5543103.701483574],[681626.6232811362,5543268.085378615],[682164.7881084735,5543826.652789494],[681992.9404490977,5544515.544215598],[681881.8207055536,5545058.740793177],[682474.8987451289,5545570.970899882],[682101.6178252632,5546147.061743666],[681697.1107138839,5546395.969371219],[680803.1354380985,5546538.577299543],[680873.0475750784,5547092.987285148],[681058.03726684,5547479.158913658],[681505.5451870245,5548257.355094616],[681766.2126955298,5548673.973613482],[682121.7489590568,5549246.015214666],[682507.3389587516,5549745.239414003],[682925.3920725106,5550146.583482217],[683346.641414443,5550497.765116429],[684147.3759654327,5551448.875571417],[684341.4008825758,5552534.571430717],[684413.9072406812,5553064.083589669],[684651.0827423836,5553878.246614796],[684942.6574410229,5554646.141037507],[685203.9456177654,5555063.00884041],[685386.5061460927,5555922.731463534],[685534.6015867695,5556906.20002451],[685716.9205171835,5557342.628546132],[686218.2461805312,5557648.892970364],[686918.877963675,5558118.323019002],[687430.1238132004,5558699.747669073],[687745.279488887,5559518.897881423],[687811.5350054658,5560147.3075711075],[688122.9763383328,5560591.988339961],[689116.3016302176,5560954.303786858],[689766.8066631552,5560970.19224092],[690376.3509641706,5561209.088153193],[690910.9056491499,5561417.5208551865],[691576.278397234,5562033.709338818],[691982.9716247531,5562634.070235943],[691686.5389924838,5562814.752434925],[691351.049124211,5563192.869334989],[691924.3956969873,5563603.153003312],[692431.7503971509,5563835.595832033],[692818.6402121935,5563885.303718887],[692816.7272423493,5564358.763251719],[693099.9028766119,5564850.932219096],[693806.549543143,5565219.470023362],[694031.8592080541,5565808.312189221],[693947.21355808,5566777.060150931],[693477.991815159,5567220.776652676],[693013.418516589,5567590.8101467285],[693543.3730226781,5567873.770654703],[694064.9604948537,5567856.763601443],[694605.3643812856,5567966.412625239],[695179.2066729101,5568377.024233231],[695148.6477042125,5568899.3400098765],[695143.9996279295,5569398.5609559035],[695747.7280171661,5569760.551947652],[696243.9442797456,5570166.653019049],[696347.0796800433,5570622.180341198],[696207.8617094512,5571212.075408682],[695271.8161502752,5571626.9180227155],[695321.2909150214,5572104.428306782],[695110.9864591379,5572564.6555711785],[695182.5908997669,5573118.187275442],[695582.9845689384,5573393.12220028],[696267.6668788763,5573685.833225913],[696645.737333276,5574358.654966176],[696701.4225946788,5575160.332562244],[696641.3515660494,5575730.349313141],[696711.670929309,5576283.710232982],[697011.7372531107,5576950.945061589],[696510.1958980943,5577493.190762072],[695652.0819638215,5577463.393185725],[695391.9975315253,5577896.335943307],[695792.108062752,5578170.677296793],[696449.5720167058,5578062.586445353],[697174.3645783778,5578582.27817068],[697240.4463387423,5579210.01847827],[697004.2767707146,5579693.902478666],[696419.0807421919,5579881.428513492],[695995.5144312711,5580428.4319403],[695740.5019720189,5581210.325765058],[695384.8670705898,5581935.246713453],[694999.3673950522,5582709.092467998],[695072.6903915224,5583237.055852117],[695679.4120138326,5583549.599433199],[696163.9962247902,5584179.174378611],[696729.8722282371,5584738.203304028],[697553.458677347,5584466.138208077],[697775.1875985645,5583807.024961469],[698000.210848281,5583097.873933759],[698519.8339048382,5583554.977432495],[698827.55299288,5584072.748193651],[699078.0488564777,5584687.008547902],[698912.4859555642,5585275.515633613],[698346.9393791265,5585588.375286284],[697789.5736278871,5585752.246788929],[697193.8260397507,5586138.560369837],[696922.7483785653,5586744.556541374],[697113.8061473859,5587031.296697687],[697684.4694960824,5587515.711180552],[698125.7646431779,5587992.192167512],[698650.1859321673,5588374.150849969],[698992.9614300609,5588745.202671304],[698672.9197445166,5589297.621129597],[698217.3769383926,5589518.279032098],[697885.9296522529,5590269.983493576],[698111.546972344,5590856.914411416],[698470.1593884414,5591403.707406885],[699208.1526727196,5592147.604719748],[699806.2897922436,5592609.284130775],[700636.0220168099,5592686.20735857],[701448.0350921791,5592612.774247896],[701950.7241838906,5592944.123300546],[702443.6072603123,5593422.883863825],[702620.4121570418,5593957.708741222],[702579.4240159232,5594652.962888436],[702407.7582613704,5595787.723388166],[701966.7004673389,5596632.355066376],[701936.0332825456,5597153.648551762],[702346.7499956631,5597702.631506168],[702742.9595656759,5598051.397239739],[703542.098599362,5598226.679627715],[704286.1240285774,5598422.976985937],[704918.1214461221,5598761.617140941],[705176.1702788372,5599249.767518988],[705503.3736557119,5599892.569042393],[705574.7823518809,5600443.655267756],[705341.265111538,5600877.029759068],[704805.5404857773,5601117.370927393],[703916.0619548312,5601608.454780741],[703344.6505370465,5602020.954230277],[703033.5307635996,5602424.3431352535],[703183.1262631868,5602981.177880782],[703338.6673235606,5603439.649255982],[703960.4301777326,5603952.262447043],[705033.7986906975,5603895.371205784],[705916.8520940284,5603951.319780218],[706509.814608115,5604063.786199184],[706985.9658279138,5604393.336308352],[707410.026204543,5604719.417645139],[707661.467538352,5605333.916464269],[707745.3415973799,5606111.597802329],[707515.6796279015,5606918.324136993],[707485.1631529032,5607438.601079264],[707431.4092133577,5607907.493689815],[707398.0020576268,5608477.579510867],[707730.2378729954,5609046.457896586],[708265.2701197753,5609702.502256278],[708623.2941868088,5610273.764973153],[708821.0536199131,5610908.431343867],[708735.3965963544,5611476.317423274],[708467.6477097494,5611530.8907781],[708383.9979529994,5612072.858322505],[708090.450548627,5612627.300176618],[707812.5987397692,5613408.908811963],[707071.4415289443,5614034.687156724],[707247.3687100617,5614593.33784156],[707559.4372147601,5615061.198016789],[707413.0107780917,5615773.3933287235],[707240.5716043756,5616484.52078771],[707510.9930719386,5616774.944802869],[708167.0562379081,5617163.915221655],[708734.5676429329,5617722.272312245],[709358.2192578823,5618209.826986363],[711499.6500086564,5619041.203815968],[711677.2412484734,5619797.889543406],[711752.767560161,5620708.024731157],[712345.574999034,5621590.954982098],[712982.1838739365,5622068.337155632],[712607.0585096983,5623176.44883142],[712699.4014785071,5623923.532800471],[711925.8527527174,5624743.305874277],[711568.0140891694,5625688.85278354],[712041.8215065128,5626886.471435549],[711760.3332539658,5627921.930840209],[712540.6354272019,5628660.147355781],[712386.9744821239,5629299.533521578],[712827.4568799642,5630001.95351358],[712724.2188259489,5630973.848565393],[713489.1458160862,5631874.462600942],[714812.4371048837,5632342.9560636245],[715517.9365679021,5632991.2798407255],[715610.1531390655,5633738.088130331],[715397.7003723365,5634124.969964308],[714240.7672677619,5635313.451501899],[714180.8123028604,5635879.924139931],[714826.8214845655,5636276.392081532],[717027.6541043117,5635772.871048358],[718625.3834336137,5636106.119144404],[720119.8185839829,5636592.132279029],[721479.1382283361,5637554.491042905],[722081.5799253667,5639175.123645737],[723083.6860330482,5640263.555516432],[723431.8618531021,5641037.247048428],[724009.4552640937,5642081.447054263],[725505.2655119444,5642566.353457221],[726099.8047337171,5643448.486698976],[726346.2641622956,5644374.586645449],[727060.1913353709,5644941.561773151],[728054.9843433689,5645292.331868418],[728649.4262690184,5647810.676072201],[729151.439001152,5648763.778211351],[729551.3530533831,5649051.811672517],[732229.3765186659,5649743.003999858],[732535.7909153472,5650102.890489651],[732893.45089741,5651613.581115538],[733276.6444666825,5652062.877725868],[734620.1409771551,5652368.110191333],[735146.57817713,5653078.4113039635],[734518.1582994662,5654157.451249589],[734612.691170694,5654903.705147145],[734995.5470861698,5655352.868841143],[737658.2593244477,5656206.099589664],[738329.8811893481,5656358.219431219],[739538.5237867062,5657140.252416034],[740143.0835302225,5657939.22262681],[740066.9194246625,5658668.067080136],[739353.7872539471,5659738.119244902],[739294.3419704566,5660304.194107675],[739745.8227465303,5660923.620592544],[740469.0195307388,5661408.302016175],[741064.5261400738,5661470.990164103],[742229.5646781976,5661021.534048451],[743046.2896275844,5660616.407685716],[744135.1243495235,5660894.6358494805],[744731.8674098284,5661774.423416514],[744316.3931744487,5663284.668032655],[744316.9123929958,5664102.0239389995],[744623.7251284842,5664461.462682419],[745381.3804213543,5664622.842296664],[746189.3666337566,5664298.469208997],[746777.6709266495,5664442.215778913],[748378.2540239496,5665591.076091338],[751128.7588253983,5666451.33663779],[751708.8528930823,5667493.233129459],[751525.1764932647,5670089.47129654],[753460.8196669769,5672171.793902032],[753657.6967818751,5672764.134918896],[754528.4527976948,5674325.98097164],[753634.469744574,5675644.208132143],[753749.3294839051,5675912.223812685],[753736.0500870898,5676159.847278402],[753716.8614310208,5676282.188365043],[753714.2332998964,5676456.492035997],[753658.884720238,5676797.791879429],[753505.1150283568,5676923.534246871],[753213.605504056,5677252.206075546],[752756.1827112843,5677629.891848587],[752360.5084243413,5677941.553695394],[752096.7327677776,5678099.801381164],[751806.902093921,5678253.681358579],[751619.7207073774,5678424.055721971],[751498.4920747444,5678680.324416709],[751336.4353087035,5679028.825211606],[751218.8838509525,5679260.803662547],[751216.8929496354,5679760.19866496],[751313.7602920068,5680300.325300204],[751603.0602372537,5681121.3657082],[751836.5027610696,5681632.797547228],[752075.1391284462,5682120.897060562],[752433.9474942329,5682677.395940813],[752646.5376755383,5683161.085183949],[752858.5041489443,5683644.271744944],[753293.6895858345,5684063.404901603],[753703.9170136842,5684303.062509291],[754116.7537799097,5684368.573248845],[754653.6542190315,5684153.720459366],[754910.3308193117,5684044.5919561675],[755158.383652443,5684308.975833777],[755392.6533333238,5684496.226334054],[755430.8336600604,5684751.862907023],[755293.5608700477,5685104.963830875],[754950.0885489245,5685425.535779389],[754788.5370363935,5685599.644884956],[754612.5485225655,5685871.710066937],[754611.9039971477,5686196.1642747875],[754665.4712588283,5686354.750991432],[754913.9780173786,5686619.07434113],[755269.194905138,5686875.163453296],[755486.512620594,5687009.037279488],[755674.3128522264,5687314.0659028515],[755851.0298786117,5687691.353094683],[755967.6064216355,5688109.819868492],[756038.0014256343,5688495.779444205],[756109.0364937425,5688706.69955565],[756134.7876622921,5689035.897866009],[755993.7957904467,5689413.067177978],[755775.7662851489,5689778.562355729],[755547.2926559591,5690041.765219483],[755370.8189157749,5690313.68392625],[755288.7901569043,5690650.56350604],[755199.9223460952,5691035.902294048],[755255.4720164725,5691344.660304898],[755399.7114556602,5691592.357617739],[755539.8134604965,5691714.043708313],[755817.2691053587,5691957.878008543],[756073.5281431008,5692173.114889659],[756277.2317091508,5692380.57538739],[756486.2940545583,5692562.850876426],[756718.9754750306,5692924.897072007],[756714.9543819912,5693273.81347549],[756544.1979232591,5693671.614570933],[756224.7938371822,5694170.636554185],[755853.512598663,5694660.427976009],[755211.7306263978,5695508.601210925],[754931.9631246389,5695763.84224962],[754615.9708954843,5696237.55243382],[754333.950301813,5696667.626858681],[754079.6799760613,5696927.189719417],[753811.960240119,5697434.242304799],[753732.33706644,5697596.473039203],[753621.2907926316,5697952.915808458],[753455.0227442383,5698326.264823589],[753400.2421002229,5698537.966395465],[753311.5659478244,5698878.287754874],[753236.0291596088,5699340.245573411],[753226.1112690063,5699887.891213847],[753198.2309969254,5700383.197837162],[753305.55845126,5701023.777547175],[753458.4865952678,5701547.165465535],[753589.5952792373,5702042.431016541],[753726.9296054924,5702663.527366757],[753766.9293668362,5703069.165962598],[753681.4046472362,5703429.733913368],[753476.1488458262,5703547.27339931],[752799.3098880338,5703639.968249956],[752326.0342309753,5703615.120992897],[751841.187070383,5703662.402705677],[751245.4513047595,5703743.499177148],[750781.6862863293,5703819.80928065],[750385.2915962673,5703981.325978175],[750032.7966710277,5704349.968043952],[749822.4347586525,5704665.897562837],[749712.7092411234,5704848.28875529],[749656.9117982896,5705513.125956252],[749585.8833238472,5705626.802972642],[749377.0794998589,5706093.1463085925],[749205.961537621,5706165.660534017],[748853.645909628,5706533.718749233],[748404.9920757522,5706687.397237106],[747938.3618471718,5706788.334421156],[747444.7175528118,5706884.904287781],[747051.2229318677,5707021.675283052],[746353.2457791402,5707235.717958188],[746013.3071807439,5707531.151214292],[745623.6622265129,5707968.284204818],[745499.8118009542,5708073.676264135],[745066.8187416191,5708454.167929327],[744832.3070513351,5708591.439434413],[744414.6702408226,5708874.694420188],[744283.4808797276,5709028.44048861],[743961.1980470924,5709376.520926027],[743809.91736175,5709652.1059633875],[743750.325867734,5710016.705591975],[743678.549983072,5710454.769364127],[743618.9009777874,5710819.331239274],[743604.782633788,5711066.406014089],[743455.6924017487,5711492.29156267],[743395.603433004,5711856.332916652],[743202.5913501676,5712225.119703619],[742968.2692977937,5712362.79318657],[742866.6925020916,5712496.653771451],[742701.2191231325,5712694.3105760235],[742709.3250890964,5712970.329760899],[742828.5229946546,5713213.527966507],[742951.954267427,5713432.555231755],[743060.9524437141,5713575.182407552],[743513.9510869139,5713721.369223515],[743997.5711602184,5713848.221725978],[744321.9288650828,5713974.047901339],[744637.8320826024,5714148.681822003],[744808.7461494021,5714401.04693711],[744873.348309452,5714660.621031273],[744876.6058492238,5714960.274957625],[744838.6387726541,5715353.644901128],[744773.0934404766,5715592.35265288],[744701.2871060584,5716029.66153007],[744563.8485209282,5716382.340079823],[744573.4766607905,5716807.567510158],[744671.3583429601,5717022.157277326],[744824.7422607032,5717221.770589217],[745110.8673562155,5717416.634131196],[745234.1372057295,5717635.5668907575],[745306.5899066908,5717846.732114265],[745456.8014955934,5718543.472409982],[745536.6431827369,5719030.454267534],[745532.4091333516,5719378.741173534],[745866.0797619721,5719930.069712215],[746089.6636183447,5720190.051113238],[746386.224930172,5720486.296830172],[746594.982079837,5720668.983509094],[746533.1241124942,5720883.395207718],[746535.2110782287,5721033.594569453],[746606.547017537,5721244.207462436],[746636.6644167057,5721548.000311756],[746740.6527068808,5722212.555300083],[746778.1070356021,5722468.497793191],[746644.857591824,5722795.819364864],[746481.5073045918,5723144.33453859],[746410.1179681976,5723257.7562862355],[746438.0928676339,5723411.795207988],[746422.2514457847,5723508.836963741],[746284.7811249135,5723860.729321006],[746171.1677138046,5724067.292183878],[746026.3765561755,5724467.912669741],[745905.3173216294,5724723.210541974],[745920.5178999079,5725274.493185716],[745839.1088901765,5725610.411226648],[745839.074074656,5725934.296742605],[745920.9148771161,5726246.15928344],[746253.5831952562,5726647.938839397],[746627.4071162366,5726956.581845258],[746718.8207663776,5727044.97867826],[746649.480863904,5727308.909509308],[746729.2311183907,5727471.115208988],[746808.860321655,5727633.317780772],[747051.652621547,5728095.309212203],[747127.6228014574,5728281.632424253],[747047.8483673916,5728443.236267767],[746901.4809174585,5728694.0605668435],[746787.3777525574,5728900.498542592],[746542.2331917196,5729260.282141285],[746238.0061742823,5729661.009623152],[746020.9274376441,5729850.949835526],[745852.3901759523,5730397.439078181],[745835.3589569983,5730818.569974012],[745947.7161091545,5731110.496474107],[746252.179710418,5731357.699080568],[746638.4667331652,5731593.369549103],[747331.9019024549,5731902.105086613],[747666.9326029839,5732130.008622183],[748273.6477342526,5732475.321137708],[748610.6637840767,5732851.79103855],[748527.1218806165,5733038.370303482],[748489.394835636,5733430.447457322],[748425.7927617215,5733819.571805143],[748276.7108054411,5734244.3100714665],[748171.0648070786,5734401.915280629],[747671.751069207,5734696.63810305],[747270.7916374753,5734707.900994903],[746779.0823105538,5734629.892456647],[746239.9499435801,5734519.542251178],[745681.8101246995,5734356.615747846],[745448.0840205125,5734319.787725009],[745070.3581601068,5734359.527523964],[744869.2955006984,5734452.4345455365],[744447.2410770262,5734758.785885647],[744158.531691134,5735062.315218661],[743929.5971384388,5735324.908523208],[743732.2621333445,5735717.198729871],[743561.4276693498,5735789.388493561],[743248.11897638,5735914.48529359],[742925.8172503054,5735938.339842851],[742634.6611081508,5735767.4583334355],[742341.9646447556,5735771.086805183],[741898.3618802264,5735725.910723104],[741453.7456901411,5735679.782938178],[740999.7110218876,5735857.319619332],[740760.8374196098,5736019.106441651],[740408.728517606,5736386.17600736],[740153.0179383359,5736644.8269587625],[739834.1177584836,5736968.010679388],[739589.5958353493,5737327.870072634],[739263.374426386,5737699.6966892],[739037.3297119264,5737937.606937789],[738708.9951906683,5738159.522772073],[738463.9008198362,5738195.473890761],[737959.9236410719,5738189.788062036],[737559.2558135685,5738201.510269991],[737265.6607297795,5738204.185394895],[736825.9500122076,5738134.919471485],[736091.2175707085,5738241.828161357],[735838.2416276356,5738326.914602413],[735307.7415231171,5738641.178323787],[734803.6928679405,5738959.778798374],[734482.9700180804,5739132.521345896],[734020.389686955,5739358.609369221],[733443.2085748913,5739640.502962918],[732982.0340639779,5740015.459834953],[732640.996642732,5740309.561195267],[732143.2113508089,5740429.609201722],[731543.4741964896,5740683.013666483],[731022.5082371911,5741098.795106888],[730727.787849653,5741275.830974355],[730287.2282539405,5741529.804927292],[729710.6236733971,5741961.388627555],[729415.9625728747,5742138.400921763],[729166.9905612784,5742522.054248534],[728825.6907859687,5742816.514455595],[728532.8931174214,5742819.651571877],[728140.4438877502,5742781.778842538],[727803.3156842807,5742728.523884524],[727437.1952220865,5742695.005637702],[727063.9973478816,5742536.258782541],[726730.1192029717,5742309.1550342925],[726488.8014380872,5741996.405399929],[726216.0889532757,5741554.53572862],[725917.4315709147,5741108.769302546],[725541.9247484888,5740650.407190567],[725260.7181569096,5740257.593203573],[725035.8282577383,5739847.965327955],[724721.5363321187,5739498.952067582],[724386.4258949124,5739271.3126196815],[724028.5276970996,5739189.627581658],[723821.357309077,5739156.712650015],[723390.5374031322,5739187.24063392],[723313.0626552026,5739175.13403601],[722857.3616633618,5739202.260901975],[722399.7102230624,5739228.906654513],[721814.4384940728,5739235.225512859],[721262.7586855977,5739197.247225061],[720654.7562579847,5739175.130790112],[720138.6892216527,5739242.204848153],[719417.1570389122,5739426.187094661],[718841.2259978128,5739533.676180148],[718113.4976619262,5739591.924281849],[717583.6519906349,5739581.917118397],[717091.4492227695,5739503.529836004],[716593.4947845328,5739299.419099121],[716285.0416709746,5739076.164088995],[716271.087473293,5738999.082589982],[716036.5723967887,5738812.0138147175],[715769.9252421196,5738495.329560181],[715506.8876417134,5738154.5465645725],[715087.6990418902,5737639.240609773],[714670.0924113491,5737273.755786069],[714087.0065872844,5736782.387027091],[713605.318532633,5736481.401584795],[713132.3449909855,5736131.749849212],[712700.5562403067,5735688.639403665],[712325.0455237171,5735230.586860544],[712098.5158313966,5734994.794110685],[711771.052015341,5734568.564347155],[711438.2959869286,5734166.885414018],[710980.848356229,5734043.710301399],[710532.3008948627,5734022.2251587035],[710040.8130897162,5733943.375818613],[709269.7917780225,5733944.841647315],[708827.2068458148,5734047.733642981],[708348.7224961305,5734046.47500665],[707741.5526574402,5734024.42170507],[706746.5996740857,5734412.770556672],[706586.9180348803,5734412.66510313],[706232.888725634,5734305.483839068],[705723.2287435177,5734174.104562224],[705187.1811575906,5734038.844349629],[704767.2581287067,5733846.797009467],[704201.840268303,5733731.29316151],[703572.4447366798,5733680.333073545],[702997.1824474667,5733787.478875732],[702326.4969774307,5733979.383369675],[701979.7312353675,5734147.858925049],[701217.3506943564,5734573.425815789],[700841.6853093075,5734911.958826336],[700252.6061992893,5735415.145839774],[700012.1608576095,5735900.176190831],[699823.4244883106,5736392.925238943],[699840.3896143793,5736769.655838423],[699896.3580484405,5737226.848342033],[699879.9029584769,5737647.368060684],[699719.0696228055,5737970.9443977],[699317.8829728062,5738304.500724486],[699186.9840746934,5738607.842760227],[699013.7120341251,5738853.848156195],[699140.8858943227,5739521.894286192],[699175.0907407376,5739950.510490229],[699193.9987734095,5740476.8341676975],[699156.7672286648,5741018.5069400715],[699415.2338455395,5741383.6357161105],[699471.1095774884,5741840.577566512],[699387.4081731093,5742026.827916656],[699360.3927806758,5742345.99835921],[699367.8046914798,5742621.36044428],[699380.6933099781,5743021.879093369],[699385.4321195388,5743470.989276273],[699506.1194132617,5743863.369876523],[699663.5375141666,5744510.840278708],[699818.094119644,5744859.39263225],[700169.7252095778,5745464.082138116],[700390.0186618043,5745897.349811762],[700611.5761608867,5746480.71712279],[700590.4461258993,5746924.832360165],[700400.3971585643,5747268.21891332],[700154.2629115204,5747626.956954118],[699909.7856306914,5747811.522628789],[699715.8184965451,5748178.924070313],[699651.2526114682,5748567.089490821],[699488.477799765,5749063.87518505],[699343.449639423,5749613.072801317],[699078.4278425785,5750242.9316133205],[698693.155960795,5750952.487183141],[698379.2383998737,5751723.10248391],[698095.7206223832,5752299.883844176],[697648.0556963757,5752750.997720259],[697341.044494802,5753149.798404001],[697072.9369167894,5753480.336001302],[697062.7587225459,5753701.962864577],[697261.0804091981,5754107.369246951],[697504.1148982836,5754245.539334602],[697912.6960307183,5754510.730196234],[698456.3092051836,5754597.712105646],[699009.0700322093,5754636.155858408],[699601.7517429035,5754755.867550266],[700247.8099653105,5755033.292500029],[701025.86966612,5755157.972150807],[701436.0322462276,5755248.687369056],[701773.464385901,5755775.304768281],[701844.6415510457,5755836.409279311],[701863.5498035831,5756038.768802388],[701991.2061446174,5756233.058484951],[702070.237382054,5756395.09404618],[702460.0491086354,5756930.339306907],[702842.6971318887,5757190.6708911555],[703254.1263731983,5757753.77626272],[703595.6082286369,5758106.799627574],[704051.7960897159,5758403.692976134],[704567.6040299468,5758660.275721843],[705004.8786788112,5758755.333291406],[705367.4897742537,5758812.858043786],[705665.0355633129,5758786.221207856],[706233.9667154421,5758727.65546419],[706784.8279782579,5758616.69092257],[707145.7064267959,5758524.77521039],[707461.38109965,5758550.535279042],[707764.8768883593,5758648.3740195595],[708035.5106820452,5758940.299610884],[708158.7851342221,5759159.514957551],[708218.3355613176,5759442.106667914],[708191.8776965766,5759761.584678517],[708211.1218384993,5759963.396561118],[708244.8503629817,5760242.559455198],[708268.1956846967,5760420.340427324],[708317.2550104945,5760602.461875542],[708455.0137654374,5760898.041720213],[708682.2576122837,5761133.177360571],[708983.1018313228,5761405.358810089],[709333.5699988295,5761858.690989502],[709318.2415863539,5761955.703768295],[709393.5203017986,5762142.139417893],[709550.59327244,5762316.650196064],[709698.40693834,5762389.811020148],[710110.356143981,5762629.422022553],[710511.5204435663,5762942.0232139435],[710746.8535161039,5763128.615403193],[710930.7074497959,5763307.458036628],[711177.831616326,5763421.064679212],[711700.4281783607,5763802.921673997],[712039.1142674447,5764006.410039615],[712312.4523329721,5764124.35669992],[712807.6578236356,5764352.501641583],[713121.1382900808,5764551.640964042],[713633.2385523283,5764832.613400619],[714077.913448002,5765201.871737003],[714330.5885260156,5765764.413190852],[714499.897226227,5766188.569193268],[714551.3199800632,5766520.376673361],[714525.04641616,5766839.607086631],[714443.313858918,5767174.140171862],[714380.4993927915,5767711.242683864],[714366.072604849,5767957.480964769],[714349.6333035185,5768376.996584782],[714377.9344617256,5768531.09898548],[714656.668463177,5768774.751519639],[715012.1412078207,5768880.751812906],[715319.6611760261,5768954.536169935],[715661.2685846471,5768983.728374525],[715812.9537931791,5769033.324048254],[716226.0807896138,5768949.800590454],[716461.5808955127,5769136.301432752],[716592.2099768566,5769157.088847422],[716794.8763893885,5769214.430638646],[717103.0214335264,5769287.748063428],[717220.1824169774,5769381.46453299],[717457.654144458,5769717.696112548],[717582.9638390597,5770085.468450724],[717670.2150761789,5770521.33463899],[717534.1534056293,5771021.685874438],[717514.4204085896,5771466.47089681],[717506.1649418339,5771514.453095861],[717533.6984187453,5771990.94633611],[717527.363485666,5772189.087858776],[717586.8868933484,5772471.756396189],[717620.6407656611,5772750.540659741],[717778.4006967462,5772924.876886102],[717883.663203986,5773090.51967964],[718143.6037594139,5773454.950808394],[718311.0261720214,5773730.030444051],[718425.1079632973,5773847.696127886],[718582.2440210782,5774021.541983556],[718792.3833099781,5774204.5499071125],[719006.1053264511,5774362.62948722],[719399.2927387118,5774400.523209318],[719532.4514435931,5774396.849312859],[719802.700695771,5774539.167720037],[720337.5415243035,5774847.775714207],[720587.6478452116,5775110.468398079],[720907.0416983424,5775435.090101964],[721320.1943172673,5775997.241624826],[721563.8153466146,5776458.427248385],[721785.251295456,5776891.268512724],[721892.7810867339,5777206.460833191],[721935.9889516064,5777585.817102937],[721970.5999513125,5777864.921024484],[721908.2938172317,5778401.3747875225],[721946.5513392992,5778655.538079126],[721951.5405088322,5779103.802178157],[722055.87785862,5779443.356896375],[722317.1963498972,5779956.645901388],[722637.3822156794,5780280.170948491],[723050.560052708,5780842.976829661],[723432.1182824726,5781275.8331610095],[723651.9823895672,5781559.386565003],[723707.4908540004,5781866.196532441],[723991.6839519979,5782085.599446782],[724345.596889264,5782365.010395282],[724803.7024771472,5782661.328552418],[725374.6065201297,5783074.255797696],[725768.8370366015,5783434.682150953],[726039.9066570713,5783726.3953605015],[726621.888526052,5783917.927832023],[726987.6401911945,5784124.492680873],[727111.4517489084,5784342.682232344],[727269.2171223704,5784516.828993394],[727293.4999540604,5784694.618796788],[727309.4228951429,5784920.779094622],[727289.6212478292,5785041.491566587],[727299.5240065146,5785465.492474469],[727391.2006337851,5785554.258856767],[727635.3022715488,5785692.575931184],[727973.0132886488,5785745.768096632],[728021.1837106398,5785778.410956824],[728323.4564583286,5786049.991178658],[728477.5870725907,5786248.063401454],[728463.1470606283,5786493.789416191],[728479.0164138225,5786719.906392187],[728555.0565471328,5786905.867871121],[728616.9380395325,5787014.696936487],[728729.1515727538,5787306.076762782],[728811.5523121905,5787616.57697068],[728859.9535578458,5787972.024392022],[728947.723856755,5788407.506367898],[729051.5852640977,5788746.723470529],[729111.4888980773,5789029.354110009],[729297.4110904055,5789356.699773496],[729469.7420092947,5789607.399935336],[729619.5596532631,5789829.806919169],[729877.6524471276,5790044.238554111],[730329.7275002484,5790215.383420355],[730736.4206095506,5790502.819863849],[730847.8385676619,5790470.90939453],[730951.9678362886,5790487.348991549],[731281.6701859274,5790589.359771705],[731677.7237463611,5790776.22074366],[732229.7849511583,5790987.2712767925],[732465.7571356037,5791173.877165525],[732603.9055522056,5791468.536117027],[732720.1112525507,5791735.3769317875],[732826.8565347554,5791900.7171430215],[733024.6181439075,5792155.704219808],[733360.9617005322,5792382.66499552],[733582.7692656306,5792492.161801993],[733882.5501824162,5792613.752525502],[734100.6518304897,5792747.181835],[734435.3895742358,5792825.25521871],[734954.8643379986,5792906.990213463],[735284.8958922352,5793009.464820541],[735797.4417439693,5793462.165677519],[735873.7115924649,5793648.006815318],[735860.0216428401,5793894.476613128],[735842.1231409782,5794164.397771053],[735776.5311463055,5794724.733960596],[735813.0193506841,5795152.163740919],[735953.4639601475,5795596.479862255],[736053.7003889877,5795959.841703019],[736062.0306861784,5796233.569619593],[736130.4052502166,5796467.665343746],[736432.4097150451,5796738.979057954],[736846.9605648852,5796977.947382467],[737221.170817998,5797135.992085334],[737727.3211248306,5797141.623078701],[738261.5105911418,5797300.408659412],[738686.2996367035,5797640.341420456],[738802.6833326829,5797907.01795527],[738880.7986282666,5798241.562111637],[738784.8910532735,5798499.72134676],[738745.4998889185,5798741.239931922],[738656.2500359748,5799124.244748372],[738661.9019669528,5799249.103606229],[738583.7493284552,5799559.398643988],[738670.8433755508,5799845.584422617],[738735.3630625182,5800104.440175515],[738737.3139934238,5800253.196380064],[738563.0464738946,5800498.720157243],[738526.1813408431,5800888.923159066],[738437.6788793114,5801098.699558167],[738363.0641608473,5801558.129002139],[738524.146458771,5801881.186546421],[738843.6997216276,5802204.041372227],[739028.4323159339,5802382.705944641],[739260.7119208591,5802592.553474127],[739401.1353531718,5802713.771695719],[739745.2817811054,5802892.243802778],[740167.7296697665,5803082.8133039065],[740307.5860386528,5803203.556817857],[740466.6612218295,5803377.86356503],[740507.3318105644,5803458.733737679],[740477.1461418234,5803801.4602892175],[740610.29043862,5804293.156214084],[740813.1704998617,5804523.462148391],[740914.7761409048,5804712.948335296],[741301.7738406509,5805121.391145287],[741346.1412776844,5805177.879896217],[741752.0626590801,5805464.938831455],[742304.852179656,5805676.261772771],[742587.8285273092,5805745.612172983],[742895.8374177862,5805818.833389974],[743341.0293030002,5806037.609673742],[743495.2916907988,5806235.297543826],[743697.5590393202,5806465.561359219],[743970.6825292134,5806756.649688832],[744246.9992830209,5807023.366394045],[744634.7844945529,5807431.268642109],[744891.4423076799,5807818.830595748],[745356.4170385052,5808239.265070676],[745935.9409048166,5808776.966213445],[746330.9498710708,5809136.086348878],[746511.0892078476,5809338.526736626],[746883.9003348086,5809346.901809069],[747150.5120539762,5809191.164181546],[747395.5624812844,5809154.852706581],[747636.8622002332,5809316.813553881],[747803.169882828,5809441.843851114],[747861.3166286711,5809575.25255789],[747904.1268561068,5809805.146375776],[747866.3207558957,5809873.864326873],[747808.4707482668,5810062.478836754],[747792.5078728687,5810159.426117558],[747690.9184106818,5810292.511311148],[747532.4141697696,5810440.786202358],[747279.831966161,5810846.836962716],[747095.7359018322,5810991.690977227],[746754.2025221647,5811284.802621274],[746406.1630210375,5811453.213782292],[746139.6162670181,5811609.36700893],[746008.2884024306,5811762.427480095],[745994.6990029376,5812007.907625001],[746063.1115588889,5812241.5962163],[746125.4596185692,5812350.613337251],[746227.9277629915,5812539.946196232],[746416.4154854045,5812694.092445916],[746639.0745486013,5812802.952105194],[747018.0495962079,5812937.414788959],[747261.9876300396,5813074.490309789],[747522.7814074209,5813116.068040272],[747909.7659484512,5813201.841674984],[748370.3001006132,5813323.587564919],[748953.779515964,5813513.878023037],[749366.3101275004,5813603.99528492],[749863.5347590178,5813830.405815368],[750062.1728216416,5814084.381087681],[750092.5588855479,5814387.1771656955],[749955.4327663486,5814736.91240522],[749889.0506680391,5815147.4127764115],[750077.9963130724,5815301.5282887155],[750409.5654677902,5815229.164345127],[750825.0728962481,5814972.646170761],[750997.4661960556,5814900.891776145],[751393.3833801302,5814764.663088915],[751821.8035699411,5814757.420367972],[752152.8394908491,5814859.319374541],[752625.4641030174,5814908.984534793],[752971.8773605627,5814913.520296375],[753414.7066517235,5814983.183888505],[753845.2710148562,5815124.933041905],[754122.4947616153,5815391.463218902],[754233.1238459259,5815532.550832367],[754361.8621607195,5815726.659364685],[754586.8753546239,5815984.483633525],[755052.000565961,5816082.36724882],[755566.1085708601,5816039.035486081],[756227.1281009191,5815920.085489198],[756827.549544188,5815840.646309091],[757304.8645412362,5815865.993189785],[757785.0433319071,5815866.525812907],[758235.8152454827,5815887.992862276],[758582.2923463688,5815892.543384251],[759171.4200003654,5815939.067694069],[759666.56198941,5815952.797892549],[760075.7160911972,5815981.086952927],[760683.7564983477,5816000.541715612],[761104.8327948591,5816017.182837738],[761466.5482842042,5816071.002358734],[761784.2858016067,5816195.808833847],[762007.3324081204,5816393.685848966],[762262.4194416129,5816693.8431541035],[762290.3534471501,5816923.514786649],[762437.1893955336,5817133.642075435],[762555.2902437483,5817306.6133449925],[762826.3560762168,5817619.93718908],[763220.83097243,5818001.79206466],[763670.6320788222,5818367.055014531],[764139.7248692694,5818436.88107798],[764541.7480417035,5818249.239963415],[764672.5685398063,5818094.874076585],[764925.9645260585,5817661.499627444],[765116.0476657691,5817466.667679013],[765667.4336870491,5817177.169003568],[766359.8754304653,5817007.82488711],[766390.3375994681,5816292.621651038],[766435.2931001952,5816001.442316893],[766532.3961453909,5815718.477477044],[766692.6250069203,5815544.054455439],[767016.5771375888,5815344.215755045],[767377.1817179221,5815422.880677922],[767816.0893364567,5815513.187301126],[768188.5694637812,5815693.11855731],[768508.4775378923,5816039.110996797],[768660.8423486579,5816260.08748169],[768969.6868557829,5816330.9940328235],[769393.8009352601,5816344.858204985],[769855.3782545878,5816290.042975263],[770208.8623214102,5816243.580608785],[770692.7979474921,5816389.877168876],[771027.7517143226,5816465.138539141],[771552.4562991757,5816518.407588947],[772137.5506373864,5816531.693162294],[772910.8285940203,5816522.982886322],[773874.9925729901,5816493.226446758],[774545.3924865499,5816643.299168119],[774983.734669585,5816733.152953776],[775374.4900043375,5817139.017817768],[775709.1170137123,5817561.448474086],[776118.8126023028,5818019.380978153],[776390.1768575961,5817985.170378118],[776710.4457811954,5817983.535834033],[777063.9173390615,5817936.629054143],[777436.454433681,5817942.760307699],[777775.0909363817,5817993.691754135],[778165.8302641581,5818225.254583872],[778664.7870466145,5818448.473771753],[779040.6319946506,5818777.391331844],[779319.5383555182,5819216.350289801],[779591.4820179901,5820050.09976796],[779709.9175640529,5820489.570334203],[780089.497106734,5821141.58863303],[780247.1504575985,5821511.899531549],[780704.8924901064,5821828.038261566],[781188.6227669464,5822148.520793695],[781754.724203707,5822282.592493877],[782171.5533821963,5822344.241409615],[782751.7394614955,5822207.733973688],[783563.9216459001,5822130.037582653],[784297.8555488813,5822040.6925467495],[784799.6556816704,5822065.79939272],[785201.9133505443,5822051.516414065],[785544.3547343215,5822077.196850964],[786039.4316213332,5822150.974005731],[786389.6092066547,5822302.667544733],[786784.3259694503,5822509.854021127],[787182.9102872619,5822693.175128892],[787447.0499267383,5822707.677664644],[787942.6254010446,5822780.996355288],[788549.1483036011,5822821.655475804],[788884.3751403041,5822896.473519723],[789174.1208409282,5823088.121511888],[789503.2051185378,5823384.86533428],[791724.0933906459,5824487.145040838],[792831.5090433018,5822621.345450046],[795053.8202332149,5822205.49695887]],[[-58672.97443163727,3702310.822039174],[-61340.67155501568,3700963.886846086],[-67562.53672620346,3701451.6814242005],[-71486.22746476752,3701179.7385827117],[-75088.27163632633,3701952.0083856545],[-74919.07070799833,3699447.8597234804],[-78181.99942636433,3694203.825632546],[-78369.02274303797,3690034.23114565],[-74790.49924415733,3673536.372790305],[-75284.63285064783,3672358.318936458],[-78941.94891217038,3670568.2037533764],[-81391.74656458882,3663021.7977386713],[-78292.94174738142,3660527.795613002],[-78017.94622277675,3658673.954453541],[-72326.7991557924,3657524.1589713395],[-67850.05053656368,3659596.8440217488],[-65972.18099507302,3659600.81782932],[-65820.49274730614,3658648.379121326],[-63292.378015542425,3655930.881900886],[-59358.718907265145,3654961.680171447],[-55874.133560766095,3660340.7423210293],[-51862.47504084377,3657434.196190225],[-49915.96740639994,3657672.934843531],[-49491.68887213885,3662288.7909453325],[-49251.71666824506,3665425.042975489],[-50054.986430080586,3668246.0157032292],[-52048.53606965543,3670669.7393499166],[-52696.30619951589,3674167.649526436],[-55521.0469621914,3674911.2157618757],[-55924.962548912896,3675959.606082646],[-54543.614282282964,3679466.250281699],[-54899.32173374353,3683309.2041588984],[-50275.45221896202,3687274.370348403],[-52087.63865677792,3698601.1888891067],[-50641.431418998756,3699756.4989251997],[-51798.963644264215,3700885.7525877804],[-53168.62839910737,3706121.6798918173],[-57853.67395715246,3705309.6997359283],[-58672.97443163727,3702310.822039174]],[[602504.1306235021,4229834.189715698],[606341.3981316207,4218941.475191532],[609498.5537231809,4219745.099890435],[613874.1476538299,4216546.946778819],[618720.4818309051,4218281.351875531],[618067.6991044239,4220031.201296877],[619695.0694057953,4221756.971492169],[615717.3947312132,4224300.542349827],[614623.0723357792,4228486.294644639],[612277.7248376638,4230498.877398511],[609431.0591066,4232098.753040876],[602504.1306235021,4229834.189715698]]]]}}]}